Year,Month,PAYEMS,SPOpen,SPHigh,SPLow,SPClose,INDPRO,INDPRO Rate,DGOrder,TCU,TCU Rate,ISRatio,AWHMAN,AWOTMAN,UNRATE,UMCSENT,ICSA,HOUST,CPIAUCSL,CRB期貨,PERMITNSA,NEWORDER,GS10,GS3M,BAA,M1,MZM,SP500,RSXFS,,,
年,月,非農就業,SPOpen,SPHigh,SPLow,SPClose,工業生產指數,工業生產指數YoY,耐久財訂單,產能利用率,產能利用率YoY,存貨銷售比,每週工時,每週加班工時,失業率,消費者信心指數,初領失業救濟金,新屋開工數,CPI,CRB期貨,建築許可,非國防資本財,10年期殖利率,3個月殖利率,BAA殖利率,M1,MZM,S&P 500 PE,零售銷售(YoY),領先指標,同時指標,落後指標
,,"同時 (Change, 1 Year)",,,,,同時,同時,領先 (YoY),同時,同時,落後,領先,領先,落後,領先,領先,領先 (YoY),落後 (YoY),同時/落後,領先 (YoY),領先 (YoY),領先,領先,領先,領先 (YoY),領先 (YoY),同時,同時,,,
1993,2,1721,438.78,450.04,428.25,443.38,64.5109,4.6,12.4,81.4,1.6,1.50,41.1,4.4,7.1,86.6,362000,-3.2,3.2,202.91,0.7,9.2,6.26,2.99,8.39,11.7,7.7,20.55,5.9,,,
1993,3,1620,443.38,456.76,441.07,451.67,64.4957,3.7,5.8,81.3,1.0,1.52,40.8,4.2,7.0,85.9,366000,-16.5,3.0,212.49,1.4,4.9,5.98,3.01,8.15,10.9,7.0,20.86,5.4,,,
1993,4,1771,451.67,452.63,432.3,440.19,64.6980,3.3,2.2,81.4,0.7,1.51,41.5,4.9,7.1,85.6,350000,14.5,3.2,210.89,3.3,4.9,5.97,2.93,8.14,11.0,6.5,20.46,7.1,,,
1993,5,1910,440.19,454.55,436.86,450.19,64.4643,2.6,1.0,81.0,0.2,1.49,41.1,4.4,7.1,80.3,349000,3.8,3.2,208.69,4.7,3.3,6.04,3.03,8.21,12.1,6.9,20.52,7.9,,,
1993,6,2023,450.23,455.63,442.5,450.53,64.6165,2.8,5.5,81.1,0.4,1.50,40.9,4.3,7.0,81.5,340000,11.8,3.0,207.12,7.9,4.1,5.96,3.14,8.07,12.7,6.7,20.61,7.0,,,
1993,7,2247,450.54,451.15,441.4,448.13,64.8201,2.2,4.8,81.3,0.1,1.50,41.1,4.4,6.9,77.0,356000,10.1,2.8,219.26,3.4,6.1,5.81,3.11,7.93,12.6,6.1,20.57,8.1,,,
1993,8,2267,448.13,463.56,446.94,463.56,64.8016,2.7,7.4,81.1,0.5,1.50,41.2,4.4,6.8,77.3,337000,6.0,2.8,217.19,20.3,8.8,5.68,3.09,7.60,12.4,5.4,20.81,7.5,,,
1993,9,2473,463.55,463.8,449.64,458.93,65.1087,3.0,5.5,81.4,0.8,1.50,41.3,4.6,6.7,77.9,343000,13.2,2.8,216.12,12.4,4.6,5.36,3.01,7.34,11.7,5.0,20.99,6.8,,,
1993,10,2573,458.93,471.1,456.4,467.83,65.5824,3.0,4.4,81.9,0.9,1.48,41.3,4.5,6.8,82.7,348000,11.9,2.8,218.39,10.2,10.5,5.33,3.09,7.31,10.9,4.7,21.11,7.3,,,
1993,11,2694,467.83,469.11,454.36,461.79,65.8498,3.0,6.8,82.0,0.8,1.49,41.3,4.7,6.6,81.2,337000,13.3,2.7,217.99,28.4,7.6,5.72,3.18,7.66,10.7,4.8,21.04,8.5,,,
1993,12,2791,461.93,471.29,461.45,466.45,66.1906,3.5,5.8,82.3,1.3,1.50,41.4,4.7,6.5,88.2,290000,24.9,2.8,226.31,25.9,12.8,5.77,3.13,7.69,10.2,5.1,21.17,7.8,,,
1994,1,2749,466.51,482.85,464.36,481.61,66.4653,3.4,14.2,82.5,1.2,1.47,41.4,4.7,6.6,94.3,406000,5.1,2.5,225.55,20.3,8.0,5.75,3.04,7.65,9.8,5.2,21.41,6.4,,,
1994,2,2708,481.6,482.23,464.26,467.14,66.4951,3.1,6.5,82.3,0.9,1.47,40.9,4.7,6.6,93.2,327000,10.5,2.5,227.55,11.8,13.0,5.97,3.33,7.76,9.9,4.7,21.26,8.6,,,
1994,3,3221,467.19,471.09,436.16,445.77,67.1892,4.2,7.7,83.0,1.7,1.46,41.7,4.9,6.5,91.5,322000,44.4,2.7,227.67,27.5,11.5,6.48,3.59,8.13,9.8,4.9,20.83,11.4
1994,4,3265,445.66,452.79,435.86,450.91,67.5196,4.4,10.0,83.2,1.8,1.46,41.7,4.9,6.4,92.6,344000,16.5,2.4,225.04,18.9,13.5,6.97,3.78,8.52,8.9,4.9,20.06,9.3
1994,5,3331,450.91,457.77,440.78,456.5,67.8799,5.3,12.5,83.4,2.4,1.47,41.8,4.9,6.1,92.8,348000,21.1,2.3,235.45,29.2,13.1,7.18,4.27,8.62,7.3,3.7,20.2,7.1
1994,6,3473,456.5,463.23,439.83,444.27,68.3381,5.8,11.6,83.7,2.6,1.47,41.8,4.9,6.1,91.2,341000,10.1,2.5,230.39,17.8,16.4,7.10,4.25,8.65,6.5,2.8,20.29,8.7
1994,7,3541,444.27,459.33,443.58,458.26,68.4598,5.6,13.0,83.6,2.3,1.47,41.8,5.0,6.1,89.0,332000,14.8,2.7,233.65,9.9,12.8,7.30,4.46,8.80,6.1,2.7,20.07,7.5
1994,8,3680,458.28,477.59,456.08,475.49,68.8380,6.2,12.9,83.8,2.7,1.46,41.7,5.0,6.0,91.7,341000,11.5,2.9,231.88,17.5,13.0,7.24,4.61,8.74,5.2,2.1,20.54,9.2
1994,9,3793,475.49,475.49,458.47,462.71,68.9990,6.0,14.3,83.8,2.4,1.47,41.6,4.9,5.9,91.5,325000,9.8,3.0,229.85,14.1,13.3,7.46,4.75,8.98,4.3,1.4,20.58,9.3
1994,10,3723,462.69,474.74,449.27,472.35,69.5832,6.1,12.6,84.2,2.3,1.45,41.8,5.0,5.8,92.7,331000,4.2,2.6,233.30,9.3,13.9,7.74,5.10,9.20,3.3,0.8,20.4,9.9
1994,11,3885,472.26,472.26,444.18,453.69,70.0173,6.3,14.6,84.4,2.4,1.46,41.8,5.0,5.6,91.6,329000,9.8,2.6,229.23,2.4,13.3,7.96,5.45,9.32,2.4,-0.1,20.21,8.5
1994,12,3851,453.55,462.73,442.88,459.27,70.7927,7.0,14.3,85.1,2.8,1.44,41.8,5.0,5.5,95.1,319000,-5.1,2.6,236.64,-5.9,6.5,7.81,5.76,9.10,1.9,-0.9,19.91,8.1
1995,1,3904,459.21,471.36,457.2,470.42,70.9886,6.8,8.7,85.0,2.5,1.45,41.8,5.1,5.6,97.6,324000,10.6,2.9,232.78,-3.3,18.9,7.78,5.90,9.08,1.7,-1.1,20.22,8.7
1995,2,3912,470.42,489.19,469.29,487.39,70.9688,6.7,12.3,84.7,2.4,1.46,41.7,5.1,5.4,95.1,336000,-1.6,2.9,234.25,-1.6,11.0,7.47,5.94,8.85,1.0,-1.9,20.8,5.8
1995,3,3672,487.39,508.15,479.7,500.71,71.0902,5.8,11.8,84.6,1.6,1.49,41.5,4.9,5.4,90.3,332000,-20.1,2.8,232.94,-11.8,12.0,7.20,5.91,8.70,0.6,-2.7,21.15,4.8
1995,4,3481,500.7,515.29,500.2,514.71,71.0336,5.2,7.9,84.2,1.0,1.48,41.2,4.7,5.8,92.5,365000,-13.5,3.1,235.30,-14.0,8.6,7.06,5.84,8.60,0.7,-3.0,21.64,5.0
1995,5,3134,514.76,533.41,513.03,533.4,71.1938,4.9,7.1,84.1,0.7,1.49,41.2,4.6,5.6,89.8,374000,-13.9,3.1,232.72,-6.5,13.0,6.63,5.85,8.20,0.2,-2.5,22.2,6.5
1995,6,3050,533.4,551.07,526,544.75,71.4382,4.5,3.5,84.1,0.4,1.48,41.2,4.6,5.6,92.7,358000,-9.1,3.0,233.38,-6.8,7.8,6.17,5.64,7.90,-0.1,-1.1,22.72,6.7
1995,7,2766,544.75,565.4,542.51,562.06,71.1566,3.9,2.9,83.4,-0.2,1.49,41.1,4.6,5.7,94.4,351000,1.5,2.8,233.23,0.7,4.8,6.28,5.59,8.04,-0.5,-0.5,23.38,6.2
1995,8,2737,562.06,565.62,553.04,561.88,72.0931,4.7,5.7,84.2,0.4,1.48,41.2,4.7,5.7,96.2,359000,-2.3,2.6,239.97,1.5,6.6,6.49,5.57,8.19,-0.4,0.4,23.28,5.3
1995,9,2628,561.88,587.61,561.01,584.41,72.3448,4.8,10.3,84.2,0.4,1.48,41.2,4.7,5.6,88.9,355000,-7.1,2.5,241.73,-2.4,10.6,6.20,5.43,7.93,-0.9,1.1,23.95,5.0
1995,10,2568,584.41,590.66,571.55,581.5,72.1973,3.8,3.6,83.7,-0.5,1.49,41.2,4.7,5.5,90.2,377000,-5.6,2.7,242.22,4.4,9.3,6.04,5.44,7.75,-1.1,1.7,23.93,3.2
1995,11,2293,581.5,608.69,581.04,605.37,72.3678,3.4,4.2,83.5,-0.9,1.48,41.3,4.7,5.6,88.2,379000,-3.9,2.6,241.84,7.3,8.6,5.93,5.52,7.68,-1.5,2.1,24.35,4.5
1995,12,2150,605.37,622.88,605.05,615.93,72.6460,2.6,6.8,83.5,-1.6,1.45,40.9,4.6,5.6,91.0,359000,-1.6,2.5,243.18,3.4,11.0,5.71,5.29,7.49,-2.0,2.8,25.03,5.2
1996,1,1810,615.93,636.18,597.29,636.02,72.1988,1.7,3.7,82.6,-2.4,1.50,39.7,4.4,5.6,89.3,387000,4.3,2.8,247.53,13.2,1.5,5.65,5.15,7.47,-2.4,3.8,24.76,3.6
1996,2,2035,636.02,664.23,633.71,640.43,73.3603,3.4,-2.0,83.6,-1.1,1.50,41.3,4.7,5.5,88.5,365000,13.3,2.7,248.77,19.4,6.5,5.81,4.96,7.63,-2.5,5.4,25.98,7.2
1996,3,2076,640.43,656.97,627.63,645.5,73.2743,3.1,8.3,83.1,-1.5,1.47,41.1,4.5,5.5,93.7,393000,14.0,2.8,251.40,8.0,7.8,6.27,5.10,8.03,-2.1,7.0,25.63,7.3
1996,4,2075,645.5,656.68,624.14,654.17,73.8949,4.0,3.7,83.5,-0.7,1.46,41.2,4.7,5.6,92.7,343000,19.7,2.8,256.09,27.7,3.4,6.51,5.09,8.19,-2.1,7.6,25.43,7.0
1996,5,2414,654.17,681.1,630.07,669.12,74.3899,4.5,7.4,83.6,-0.5,1.45,41.4,4.8,5.6,89.4,343000,14.5,2.8,254.07,14.4,4.4,6.74,5.15,8.30,-2.5,7.4,25.81,6.9
1996,6,2461,669.12,680.32,658.75,670.63,75.0599,5.1,9.8,84.0,-0.1,1.44,41.5,4.8,5.3,92.4,337000,14.5,2.8,248.67,1.6,7.0,6.91,5.23,8.40,-2.5,7.0,25.97,5.6
1996,7,2614,670.63,675.88,605.88,639.95,74.9704,5.4,9.4,83.5,0.1,1.45,41.4,4.8,5.5,94.7,327000,0.8,2.9,241.99,16.9,10.8,6.87,5.30,8.35,-2.9,7.0,24.86,5.7
1996,8,2539,639.95,670.68,639.49,651.99,75.4519,4.7,2.0,83.7,-0.5,1.45,41.5,4.8,5.1,95.3,329000,10.0,2.8,249.46,-3.3,7.0,6.64,5.19,8.18,-3.8,6.6,25.41,5.1
1996,9,2514,651.99,690.88,643.97,687.33,75.8549,4.9,3.4,83.7,-0.5,1.44,41.6,4.9,5.2,94.7,348000,7.7,3.0,245.63,-2.4,1.1,6.83,5.24,8.35,-4.0,6.5,25.68,6.1
1996,10,2610,687.31,714.1,684.44,705.27,75.8425,5.0,6.3,83.3,-0.4,1.45,41.4,4.9,5.2,96.5,352000,1.7,3.1,237.83,1.2,4.6,6.53,5.12,8.07,-4.5,6.6,26.48,7.4
1996,11,2758,705.27,762.12,701.3,757.02,76.4700,5.7,9.0,83.6,0.1,1.43,41.5,4.9,5.4,99.2,332000,2.5,3.3,243.36,-6.6,5.2,6.20,5.17,7.79,-4.5,7.0,27.59,5.9
1996,12,2794,757.02,761.75,716.69,740.74,76.9589,5.9,-0.4,83.7,0.2,1.43,41.7,5.0,5.4,96.9,357000,-4.3,3.4,239.61,1.8,-0.5,6.30,5.04,7.89,-4.1,7.6,27.72,5.3
1997,1,3043,740.74,794.67,729.55,786.16,77.0441,6.7,3.8,83.4,0.8,1.43,41.4,5.0,5.3,97.4,340000,-7.6,3.0,238.99,-0.2,7.9,6.58,5.17,8.09,-3.8,7.3,28.33,6.9
1997,2,2910,786.16,817.68,773.43,790.82,77.9662,6.3,12.8,84.0,0.4,1.41,41.6,5.0,5.2,99.7,322000,-0.3,3.0,242.41,-2.0,10.8,6.42,5.14,7.94,-3.5,7.2,29.27,6.1
1997,3,2959,790.82,814.9,756.13,757.12,78.5927,7.3,2.1,84.2,1.1,1.40,41.8,5.2,5.2,100,325000,2.3,2.8,245.17,-0.2,9.6,6.69,5.28,8.18,-4.5,6.7,28.8,5.7
1997,4,3089,757.12,804.13,733.54,801.34,78.6168,6.4,10.3,83.8,0.3,1.42,41.8,5.1,5.1,101.4,337000,-1.6,2.4,248.29,-2.1,13.5,6.89,5.30,8.34,-5.4,6.8,27.59,4.4
1997,5,3022,801.34,851.87,793.21,848.28,79.1623,6.4,2.6,84.0,0.4,1.43,41.7,5.1,4.9,103.2,321000,-4.1,2.2,250.96,-6.3,6.7,6.71,5.20,8.20,-4.7,6.8,29.93,2.8
1997,6,2997,848.28,902.09,838.82,885.14,79.5257,5.9,6.3,83.9,-0.1,1.42,41.6,5.0,5.0,104.5,322000,1.8,2.2,239.42,1.7,8.9,6.49,5.07,8.02,-4.4,6.7,31.26,4.2
1997,7,3048,885.14,957.73,884.54,954.31,79.9868,6.7,9.4,83.9,0.4,1.41,41.6,5.0,4.9,107.1,306000,-2.4,2.2,242.75,-1.0,16.0,6.22,5.19,7.75,-4.2,6.9,32.77,5.5
1997,8,2834,954.29,964.17,893.34,899.47,81.0607,7.4,12.1,84.5,0.8,1.41,41.6,5.1,4.8,104.4,332000,-10.7,2.3,241.98,-2.4,14.1,6.30,5.28,7.82,-2.5,7.7,32.59,6.0
1997,9,3122,899.47,960.59,899.47,947.28,81.7718,7.8,7.4,84.7,1.0,1.41,41.6,5.1,4.9,106,317000,4.8,2.2,243.06,11.0,20.5,6.21,5.08,7.70,-2.6,8.2,32.67,4.7
1997,10,3218,947.28,983.12,855.27,914.62,82.3173,8.5,8.2,84.7,1.4,1.42,41.8,5.2,4.7,105.6,306000,9.2,2.1,240.04,9.5,10.0,6.03,5.11,7.57,-1.9,8.3,32.9,3.8
1997,11,3225,914.62,964.55,900.61,955.4,83.0447,8.6,11.8,84.9,1.3,1.41,41.8,5.2,4.6,107.2,318000,1.4,1.9,235.92,-0.3,9.5,5.88,5.28,7.42,-1.2,8.4,32.34,4.6
1997,12,3357,955.4,986.25,924.92,970.43,83.3498,8.3,7.3,84.7,1.0,1.42,42.0,5.3,4.7,102.1,303000,14.3,1.7,229.14,7.3,14.5,5.81,5.30,7.32,-0.8,8.4,33.03,4.1
1998,1,3397,970.43,992.65,912.83,980.28,83.7481,8.7,7.7,84.5,1.1,1.43,41.9,5.2,4.6,106.6,315000,12.5,1.6,234.28,9.2,10.0,5.54,5.18,7.19,-0.6,8.8,32.86,3.8
1998,2,3285,980.28,1051.66,980.28,1049.34,83.8042,7.5,6.2,84.0,0.0,1.42,41.7,5.1,4.6,110.4,317000,6.6,1.4,227.65,14.1,8.7,5.57,5.23,7.25,-0.1,9.3,34.71,2.7
1998,3,3117,1049.34,1113.07,1030.87,1101.75,83.8641,6.7,5.6,83.5,-0.7,1.43,41.6,5.1,4.7,106.5,312000,7.5,1.4,228.88,17.3,6.4,5.65,5.16,7.32,0.5,9.7,36.3,2.9
1998,4,3103,1101.75,1132.98,1076.7,1111.75,84.1833,7.1,4.4,83.3,-0.5,1.43,41.3,5.0,4.3,108.7,311000,3.2,1.4,223.99,6.6,2.4,5.64,5.08,7.33,1.2,10.3,37.28,5.1
1998,5,3248,1111.75,1130.52,1074.39,1090.82,84.7606,7.1,6.6,83.3,-0.7,1.43,41.5,4.9,4.4,106.5,322000,6.5,1.7,215.90,5.0,8.2,5.65,5.14,7.30,1.3,11.0,36.96,6.6
1998,6,3207,1090.82,1145.15,1074.67,1133.84,84.2809,6.0,-1.0,82.3,-1.6,1.44,41.4,4.8,4.5,105.6,376000,9.8,1.6,214.63,14.8,5.8,5.50,5.12,7.13,1.0,11.6,36.8,5.6
1998,7,3043,1133.84,1190.58,1114.3,1120.67,83.9029,4.9,-5.1,81.5,-2.4,1.45,41.4,4.8,4.5,105.2,335000,18.2,1.7,206.00,11.7,-4.2,5.46,5.09,7.15,0.8,11.5,38.26,3.7
1998,8,3413,1120.67,1121.79,957.28,957.28,85.7225,5.8,1.7,82.8,-1.7,1.45,41.4,4.8,4.5,104.4,310000,16.1,1.6,195.68,14.8,0.0,5.34,5.04,7.14,0.1,11.6,35.42,2.7
1998,9,3123,957.28,1066.11,939.98,1017.01,85.4620,4.5,1.4,82.1,-2.6,1.44,41.3,4.7,4.6,100.9,294000,2.3,1.4,203.30,5.4,-0.6,4.81,4.74,7.09,1.2,12.4,33.53,3.6
1998,10,2977,1017.01,1103.78,923.32,1098.67,86.1602,4.7,0.4,82.4,-2.3,1.43,41.4,4.8,4.5,97.4,308000,12.8,1.5,203.28,10.6,-2.2,4.53,4.07,7.18,1.9,13.5,33.77,5.4
1998,11,2958,1098.67,1192.97,1098.67,1163.63,86.1002,3.7,-4.7,81.9,-3.0,1.43,41.4,4.8,4.4,102.7,310000,9.9,1.5,195.42,19.4,0.6,4.83,4.53,7.34,2.3,14.3,37.37,5.6
1998,12,3001,1163.63,1244.93,1136.89,1229.23,86.3744,3.6,3.2,81.8,-2.9,1.42,41.5,4.8,4.4,100.5,336000,14.4,1.6,191.22,17.0,4.4,4.65,4.50,7.23,2.1,14.8,38.82,6.5
1999,1,2852,1229.23,1280.37,1205.46,1279.64,86.7364,3.6,6.5,81.8,-2.7,1.42,41.3,4.8,4.3,103.9,305000,14.6,1.7,189.74,9.9,0.0,4.72,4.45,7.29,2.2,14.6,40.58,6.8
1999,2,3073,1279.64,1283.84,1211.89,1238.33,87.0760,3.9,2.3,81.8,-2.2,1.41,41.4,4.8,4.4,108.1,301000,5.4,1.7,182.95,6.8,-1.2,5.00,4.56,7.39,1.8,14.7,40.4,7.9
1999,3,3035,1238.33,1323.82,1216.03,1286.37,87.2511,4.0,4.3,81.6,-1.9,1.42,41.3,4.8,4.2,105.7,298000,9.1,1.7,191.83,9.7,3.1,5.23,4.57,7.53,1.9,14.0,41.36,7.7
1999,4,3134,1286.37,1371.56,1282.56,1335.18,87.4588,3.9,1.0,81.5,-1.8,1.42,41.3,4.7,4.3,104.6,291000,0.8,2.3,192.38,3.8,5.4,5.18,4.41,7.48,2.3,14.0,42.71,7.1
1999,5,2946,1335.18,1375.98,1277.31,1301.84,88.1205,4.0,3.7,81.7,-1.6,1.40,41.4,4.8,4.2,106.8,303000,4.9,2.1,186.72,5.0,3.1,5.54,4.63,7.72,2.3,13.6,42.56,7.7
1999,6,3000,1301.84,1372.93,1277.47,1372.71,87.9958,4.4,5.7,81.3,-1.0,1.41,41.3,4.9,4.3,107.3,291000,-5.0,2.0,191.54,10.4,-0.9,5.90,4.72,8.02,2.1,13.2,42.18,7.2
1999,7,3172,1372.71,1420.33,1328.49,1328.72,88.5709,5.6,11.1,81.6,0.1,1.40,41.4,4.8,4.3,106,300000,-1.7,2.1,190.36,-0.1,9.4,5.79,4.69,7.95,2.2,13.1,43.83,8.9
1999,8,3012,1328.72,1382.84,1267.73,1320.41,88.9692,3.8,5.7,81.6,-1.2,1.39,41.5,4.9,4.2,104.5,290000,2.1,2.3,199.35,5.0,6.6,5.94,4.87,8.15,2.2,12.6,41.93,10.8
1999,9,2996,1320.41,1361.39,1256.26,1282.71,88.7121,3.8,4.6,81.1,-1.0,1.40,41.5,4.9,4.2,107.2,306000,3.4,2.6,205.19,-3.1,6.0,5.92,4.82,8.20,1.5,11.2,41.32,10.1
1999,10,3211,1282.71,1373.17,1233.7,1362.93,89.8482,4.3,8.2,81.8,-0.6,1.39,41.4,4.9,4.1,103.2,285000,-6.2,2.6,201.52,-8.1,8.7,6.11,5.02,8.38,1.5,10.1,40.55,8.4
1999,11,3221,1362.93,1425.31,1346.41,1388.91,90.2847,4.9,2.7,81.9,0.0,1.39,41.4,4.9,4.1,107.2,288000,-0.7,2.6,204.07,4.8,6.9,6.03,5.23,8.15,1.5,9.5,43.21,8.7
1999,12,3173,1388.91,1473.1,1387.38,1469.25,90.9832,5.3,9.6,82.2,0.4,1.39,41.4,4.8,4.0,105.4,268000,-4.7,2.7,205.14,-2.9,7.2,6.28,5.36,8.19,2.4,9.1,44.2,10.0
2000,1,3301,1469.25,1478,1350.14,1394.46,91.0799,5.0,8.5,82.0,0.2,1.38,41.5,4.9,4.0,112,285000,-6.4,2.8,210.46,1.5,12.8,6.66,5.50,8.33,2.2,9.1,43.77,8.7
2000,2,3012,1394.46,1444.55,1325.07,1366.42,91.4170,5.0,-1.0,82.0,0.2,1.40,41.6,5.0,4.1,111.3,280000,4.0,3.2,208.78,6.2,-0.4,6.52,5.73,8.29,1.1,8.1,42.19,9.3
2000,3,3378,1366.42,1552.87,1346.62,1498.58,91.7808,5.2,3.6,82.1,0.5,1.39,41.4,4.7,4.0,107.1,272000,-6.2,3.8,214.37,-0.6,6.0,6.26,5.86,8.37,0.9,8.6,43.22,9.9
2000,4,3288,1498.58,1527.19,1339.4,1452.43,92.3407,5.6,6.8,82.3,0.8,1.39,41.5,4.8,3.8,109.2,291000,4.7,3.0,211.03,-8.5,9.2,5.99,5.82,8.40,1.1,8.6,43.53,7.5
2000,5,3300,1452.43,1481.51,1361.09,1420.6,92.4638,4.9,1.2,82.1,0.4,1.40,41.3,4.7,4.0,110.7,280000,-2.2,3.1,222.27,2.6,5.6,6.44,5.99,8.90,0.3,7.8,41.97,6.4
2000,6,2988,1420.6,1488.93,1420.6,1454.6,92.5296,5.2,20.4,81.9,0.6,1.40,41.3,4.6,4.0,106.4,296000,0.0,3.7,223.93,-8.4,16.5,6.10,5.86,8.48,0.3,7.3,42.78,7.1
2000,7,2860,1454.6,1517.32,1413.89,1430.83,92.2939,4.2,0.6,81.5,-0.1,1.41,41.5,4.7,4.0,108.3,298000,-12.3,3.6,218.61,-12.9,3.4,6.05,6.14,8.35,0.4,7.4,42.76,5.7
2000,8,2671,1430.83,1525.21,1425.43,1517.68,92.0817,3.5,-0.3,81.0,-0.6,1.43,41.0,4.6,4.1,107.3,312000,-6.5,3.4,227.41,-3.4,4.7,5.83,6.28,8.26,0.2,7.8,42.87,4.6
2000,9,2591,1517.68,1530.09,1419.44,1436.51,92.5254,4.3,5.5,81.2,0.1,1.40,41.0,4.5,3.9,106.8,292000,-7.8,3.5,226.57,-4.3,4.9,5.80,6.18,8.35,0.2,8.4,41.9,5.9
2000,10,2172,1436.52,1454.82,1305.79,1429.4,92.1401,2.6,-4.2,80.6,-1.2,1.42,41.1,4.6,3.9,105.8,301000,-3.7,3.5,219.28,-2.0,3.5,5.74,6.29,8.34,-0.3,8.3,39.37,5.7
2000,11,2109,1429.4,1438.46,1294.9,1314.95,92.1503,2.1,1.3,80.4,-1.5,1.44,41.1,4.5,3.9,107.6,356000,-5.9,3.4,229.79,-3.7,1.3,5.72,6.36,8.28,-1.7,7.7,38.78,4.0
2000,12,1953,1314.95,1389.05,1254.07,1320.28,91.8329,0.9,-4.2,79.8,-2.4,1.42,40.4,4.2,3.9,98.4,353000,-10.3,3.4,227.83,-14.9,-4.8,5.24,5.94,8.02,-3.1,7.9,37.28,2.2
2001,1,1688,1320.28,1383.37,1274.62,1366.01,91.2043,0.1,-12.2,79.1,-2.9,1.44,40.7,4.2,4.2,94.7,362000,-2.2,3.7,224.12,9.0,-4.6,5.16,5.29,7.93,-2.2,9.2,36.98,3.7
2001,2,1628,1366.01,1376.38,1215.44,1239.94,90.6455,-0.8,-2.1,78.4,-3.6,1.42,40.5,4.1,4.2,90.6,386000,-6.4,3.5,221.78,-6.2,4.0,5.10,5.01,7.87,-0.7,11.2,35.84,2.1
2001,3,1126,1239.94,1267.42,1081.19,1160.33,90.3871,-1.5,-5.0,77.9,-4.2,1.44,40.5,4.1,4.3,91.5,388000,-0.9,3.0,210.26,-3.9,-8.3,4.89,4.54,7.84,0.1,12.2,32.33,0.1
2001,4,559,1160.33,1269.3,1091.99,1249.46,90.1712,-2.3,-12.1,77.5,-4.8,1.45,40.5,4.3,4.4,88.4,406000,1.4,3.2,214.50,7.0,-15.2,5.14,3.97,8.07,0.1,13.2,32.17,3.5
2001,5,290,1249.46,1315.93,1232,1255.82,89.5061,-3.2,-5.7,76.8,-5.3,1.43,40.4,4.0,4.3,92,405000,1.9,3.6,209.00,7.3,-10.5,5.39,3.70,8.07,1.2,14.5,34.08,3.6
2001,6,208,1255.82,1286.62,1203.03,1224.38,88.9347,-3.9,-20.1,76.1,-5.8,1.44,40.3,4.0,4.5,92.6,394000,4.9,3.2,205.56,-0.8,-19.2,5.28,3.57,7.97,2.1,15.9,33.07,2.4
2001,7,-80,1224.42,1239.78,1165.54,1211.23,88.5278,-4.1,-10.5,75.6,-5.9,1.43,40.6,4.1,4.6,92.4,388000,14.1,2.7,202.70,8.3,-17.1,5.24,3.59,7.97,3.3,16.3,32.16,2.4
2001,8,-243,1211.23,1226.27,1124.87,1133.58,88.2319,-4.2,-9.9,75.1,-5.9,1.42,40.3,3.9,4.9,91.5,395000,1.7,2.7,199.63,3.1,-15.8,4.97,3.44,7.85,4.5,15.8,31.4,2.8
2001,9,-609,1133.58,1155.4,944.75,1040.94,87.9105,-5.0,-18.0,74.7,-6.5,1.44,40.2,3.9,5.0,81.8,517000,3.6,2.6,190.49,-4.7,-24.0,4.73,2.69,8.03,9.6,18.2,27.67,-0.7
2001,10,-923,1040.94,1110.61,1026.76,1059.78,87.4550,-5.1,-7.9,74.2,-6.4,1.40,40.1,3.8,5.3,82.7,483000,-0.6,2.1,185.66,4.0,-22.2,4.57,2.20,7.91,6.1,19.3,28.58,6.8
2001,11,-1446,1059.78,1163.38,1054.31,1139.45,87.0138,-5.6,-14.0,73.6,-6.8,1.40,40.1,3.8,5.5,83.9,491000,3.3,1.9,192.66,2.8,-18.1,4.65,1.91,7.81,7.2,20.8,30.01,4.1
2001,12,-1762,1139.45,1173.62,1114.53,1148.08,87.0194,-5.2,-11.7,73.5,-6.3,1.39,40.3,3.8,5.7,88.8,421000,2.3,1.6,190.61,10.4,-16.8,5.09,1.72,8.05,8.7,21.1,30.5,2.5
2002,1,-1878,1148.08,1176.97,1081.66,1130.2,87.5566,-4.0,-8.4,73.8,-5.3,1.39,40.2,3.9,5.7,93,414000,6.1,1.2,187.29,-1.1,-23.7,5.04,1.68,7.87,8.5,19.7,30.28,1.5
2002,2,-2086,1130.2,1130.2,1074.36,1106.73,87.5174,-3.5,-4.9,73.7,-4.7,1.38,40.3,4.0,5.7,90.7,398000,12.6,1.1,192.33,7.2,-17.3,4.91,1.76,7.89,8.1,18.2,29.09,2.1
2002,3,-2080,1106.73,1173.94,1106.73,1147.39,88.2080,-2.4,-8.1,74.2,-3.7,1.37,40.5,4.1,5.7,95.7,479000,3.3,1.4,204.92,-3.0,-18.7,5.28,1.83,8.11,7.5,16.5,30.29,2.7
2002,4,-1884,1147.39,1147.84,1063.46,1076.92,88.5805,-1.8,0.0,74.4,-3.1,1.35,40.5,4.2,5.9,93,414000,-3.5,1.6,201.16,5.0,-9.6,5.21,1.75,8.03,6.3,14.7,29.01,2.7
2002,5,-1847,1076.92,1106.59,1048.96,1067.14,89.0788,-0.5,-3.4,74.8,-2.0,1.35,40.6,4.2,5.8,96.9,403000,9.9,1.2,204.20,2.8,-10.2,5.16,1.76,8.09,6.2,14.1,28.13,0.9
2002,6,-1674,1067.14,1070.74,952.92,989.82,89.9205,1.1,-6.2,75.4,-0.7,1.35,40.7,4.2,5.8,92.4,386000,5.0,1.1,209.29,2.7,-11.6,4.93,1.73,7.95,5.9,12.8,26.39,2.2
2002,7,-1646,989.82,994.46,775.68,911.62,89.6180,1.2,3.0,75.2,-0.4,1.36,40.4,4.2,5.8,88.1,390000,-0.9,1.5,210.97,13.3,-7.3,4.65,1.71,7.90,5.3,12.5,23.46,3.8
2002,8,-1502,911.62,965,833.44,916.07,89.8016,1.8,4.1,75.3,0.2,1.34,40.5,4.2,5.7,87.6,394000,4.2,1.7,219.20,1.5,-5.9,4.26,1.65,7.58,3.2,12.5,23.59,4.1
2002,9,-1313,916.07,924.02,800.2,815.28,89.8757,2.2,2.3,75.4,0.7,1.36,40.5,4.2,5.7,86.1,409000,15.5,1.5,226.53,19.4,-4.2,3.87,1.66,7.40,-0.8,9.4,22.36,4.3
2002,10,-862,815.28,907.44,768.63,885.76,89.5307,2.4,-1.8,75.1,0.9,1.36,40.3,4.2,5.7,80.6,409000,7.0,2.0,228.91,16.2,-0.7,3.94,1.61,7.73,3.3,8.5,21.95,-2.4
2002,11,-562,885.76,941.82,872.05,936.31,89.9950,3.4,4.2,75.5,1.9,1.36,40.4,4.2,5.9,84.2,377000,9.4,2.3,230.64,1.9,-3.9,4.05,1.25,7.62,3.2,9.1,23.34,1.3
2002,12,-540,936.31,954.28,869.45,879.82,89.5251,2.9,-1.7,75.1,1.6,1.37,40.5,4.4,6.0,86.7,409000,14.0,2.5,234.52,19.5,-5.8,4.03,1.21,7.45,3.2,8.5,23.1,3.4
2003,1,-325,879.82,935.05,840.34,855.7,90.2076,3.0,3.9,75.7,1.9,1.36,40.3,4.2,5.8,82.4,407000,9.1,2.8,248.45,9.2,3.9,4.05,1.19,7.35,3.0,8.0,22.89,4.1
2003,2,-336,855.7,864.64,806.29,841.15,90.5004,3.4,1.2,76.0,2.3,1.37,40.2,4.2,5.9,79.9,421000,-10.9,3.1,247.25,4.9,-2.4,3.90,1.19,7.06,4.0,7.7,21.21,2.0
2003,3,-524,841.15,895.9,788.9,848.18,90.3536,2.4,3.5,75.9,1.7,1.35,40.4,4.1,5.9,77.6,436000,5.1,3.0,232.15,3.6,10.5,3.81,1.15,6.95,3.9,7.4,21.31,4.2
2003,4,-488,848.18,924.24,847.85,916.92,89.6337,1.2,-1.3,75.4,1.0,1.38,40.0,4.1,6.0,86,444000,3.2,2.2,232.53,7.4,-1.3,3.96,1.15,6.85,5.3,7.5,22.42,2.3
2003,5,-487,916.92,965.38,902.83,963.59,89.6428,0.6,-0.6,75.4,0.6,1.37,40.2,4.0,6.1,92.1,431000,-0.7,1.9,235.55,3.2,-0.4,3.57,1.09,6.38,6.6,7.6,23.59,3.8
2003,6,-534,963.59,1015.33,963.59,974.5,89.6511,-0.3,4.6,75.5,0.1,1.35,40.3,4.1,6.3,89.7,429000,8.7,1.9,233.78,11.3,2.9,3.33,0.94,6.19,7.4,8.0,24.83,4.1
2003,7,-412,974.5,1015.41,962.1,990.31,89.9412,0.4,-0.5,75.7,0.5,1.33,40.0,4.0,6.2,90.9,398000,14.6,2.1,234.21,8.6,0.0,3.98,0.92,6.62,7.4,8.9,24.86,4.0
2003,8,-438,990.31,1011.01,960.84,1008.01,89.8880,0.1,-2.1,75.7,0.4,1.32,40.2,4.1,6.1,89.3,407000,12.2,2.2,243.70,10.5,-1.5,4.45,0.97,7.01,9.1,8.7,24.64,4.7
2003,9,-280,1008.01,1040.29,990.36,995.97,90.4142,0.6,6.1,76.2,0.8,1.32,40.5,4.2,6.1,87.7,387000,7.5,2.4,243.66,13.1,7.0,4.27,0.96,6.79,8.5,8.2,25.24,6.1
2003,10,-203,995.97,1053.79,995.97,1050.71,90.3808,0.9,8.9,76.2,1.1,1.32,40.6,4.3,6.0,89.6,379000,19.4,2.0,247.58,12.2,4.6,4.29,0.94,6.73,7.7,7.2,25.68,4.8
2003,11,-193,1050.71,1063.65,1031.2,1058.2,91.0912,1.2,7.1,76.8,1.3,1.31,40.9,4.5,5.8,93.7,357000,18.8,1.9,248.44,2.9,5.2,4.30,0.95,6.66,7.4,4.9,25.94,5.6
2003,12,87,1058.2,1112.56,1053.41,1111.92,91.0601,1.7,10.8,76.8,1.7,1.31,40.7,4.5,5.7,92.6,349000,15.0,2.0,255.29,8.9,8.9,4.27,0.91,6.60,7.1,3.7,26.63,4.5
2004,1,154,1111.92,1155.38,1105.08,1131.13,91.2902,1.2,4.6,77.0,1.3,1.31,40.9,4.5,5.7,103.8,376000,3.1,2.0,262.57,4.4,1.9,4.15,0.90,6.44,6.4,3.6,27.65,4.5
2004,2,355,1131.13,1158.98,1124.44,1144.94,91.8383,1.5,3.7,77.4,1.4,1.31,41.0,4.5,5.6,94.4,348000,13.3,1.7,274.73,6.7,3.7,4.08,0.94,6.27,6.7,3.6,27.65,6.7
2004,3,905,1144.94,1163.23,1087.16,1126.21,91.2986,1.0,10.3,77.0,1.1,1.28,40.9,4.6,5.8,95.8,340000,15.8,1.7,283.77,28.5,5.6,3.83,0.95,6.11,7.3,4.4,26.88,6.9
2004,4,1204,1126.21,1150.57,1107.23,1107.3,91.6992,2.3,8.6,77.3,1.9,1.30,40.8,4.5,5.6,94.2,339000,21.9,2.3,272.54,14.9,6.0,4.35,0.96,6.46,6.6,4.6,26.9,6.0
2004,5,1520,1107.3,1127.74,1076.32,1120.68,92.3509,3.0,7.4,77.9,2.5,1.29,41.0,4.6,5.6,90.2,337000,13.1,2.9,277.25,11.2,2.6,4.72,1.04,6.75,5.0,5.1,25.9,7.9
2004,6,1603,1120.68,1146.34,1113.32,1140.84,91.5349,2.1,6.5,77.2,1.7,1.31,40.7,4.6,5.6,95.6,348000,-2.1,3.2,265.94,12.1,5.3,4.73,1.29,6.78,4.9,4.5,26.4,5.2
2004,7,1625,1140.84,1140.84,1078.78,1101.72,92.1789,2.5,7.8,77.8,2.1,1.31,40.8,4.6,5.5,96.7,341000,5.5,2.9,267.78,7.5,9.1,4.50,1.36,6.62,4.1,2.7,25.69,5.2
2004,8,1788,1101.72,1109.68,1060.72,1104.24,92.4219,2.8,6.5,78.0,2.3,1.31,40.9,4.6,5.4,95.9,352000,10.4,2.5,276.50,9.0,3.1,4.28,1.50,6.46,4.6,2.5,25.17,3.7
2004,9,1845,1104.24,1131.54,1099.18,1114.58,92.3868,2.2,5.6,77.9,1.7,1.30,40.7,4.5,5.4,94.2,351000,-1.8,2.5,284.98,3.4,8.6,4.13,1.68,6.27,5.0,3.1,25.66,6.1
2004,10,1993,1114.58,1142.05,1090.29,1130.2,93.3251,3.3,1.0,78.7,2.5,1.29,40.6,4.6,5.5,91.7,332000,5.3,3.2,283.70,-4.5,4.6,4.10,1.79,6.21,4.9,3.4,25.41,7.4
2004,11,2039,1130.2,1188.46,1127.6,1173.82,93.4852,2.6,6.3,78.8,2.0,1.30,40.5,4.5,5.4,92.8,335000,-14.5,3.6,290.94,19.8,6.1,4.19,2.11,6.20,6.0,4.1,26.46,6.4
2004,12,2047,1173.78,1217.33,1173.78,1211.92,94.1358,3.4,6.7,79.4,2.6,1.28,40.6,4.5,5.4,97.1,320000,-0.7,3.3,283.90,4.9,6.6,4.23,2.22,6.15,5.4,4.5,27.14,7.9
2005,1,2033,1211.92,1217.8,1163.75,1181.27,94.6481,3.7,9.4,79.8,2.8,1.29,40.7,4.6,5.3,95.5,331000,12.2,2.8,284.75,5.8,15.7,4.22,2.37,6.02,4.7,4.0,26.58,6.8
2005,2,2230,1181.27,1212.44,1180.95,1203.6,95.2783,3.7,8.3,80.3,2.9,1.29,40.6,4.6,5.4,94.1,314000,19.6,3.1,305.00,9.0,12.8,4.17,2.58,5.82,3.8,3.4,26.74,6.9
2005,3,2034,1203.6,1229.11,1163.69,1180.59,95.1945,4.3,-2.0,80.1,3.1,1.29,40.5,4.5,5.2,92.6,342000,-6.7,3.2,313.57,-0.1,3.0,4.50,2.80,6.06,3.2,2.5,26.33,4.9
2005,4,2144,1180.59,1191.88,1136.15,1156.85,95.2273,3.8,6.1,80.1,2.8,1.29,40.5,4.4,5.2,87.7,334000,2.9,3.4,303.74,0.4,11.1,4.34,2.84,6.05,1.9,1.8,25.4,7.8
2005,5,2003,1156.85,1199.56,1146.18,1191.5,95.3801,3.3,12.1,80.2,2.3,1.29,40.4,4.4,5.1,86.9,340000,2.2,2.9,300.83,2.5,8.7,4.14,2.90,6.01,2.5,0.6,25.64,4.8
2005,6,2168,1191.5,1219.59,1188.3,1191.33,95.7245,4.6,13.9,80.4,3.2,1.28,40.4,4.4,5.0,96,311000,13.1,2.5,300.00,7.5,10.9,4.00,3.04,5.86,2.7,1.0,26.06,9.0
2005,7,2490,1191.33,1245.15,1183.55,1234.18,95.5785,3.7,4.6,80.2,2.4,1.27,40.4,4.4,5.0,96.5,316000,2.6,3.1,312.00,-0.2,6.5,4.18,3.29,5.95,2.0,1.4,26.28,9.2
2005,8,2564,1234.18,1245.86,1201.07,1220.33,95.7054,3.6,10.2,80.2,2.2,1.26,40.5,4.5,4.9,89.1,318000,3.5,3.6,329.42,12.3,14.7,4.26,3.52,5.96,1.7,1.7,26.1,7.5
2005,9,2467,1220.33,1243.13,1205.35,1228.81,93.8027,1.5,8.3,78.5,0.6,1.25,40.7,4.5,5.0,76.9,359000,12.9,4.7,332.97,10.7,4.5,4.20,3.49,6.03,1.1,1.9,25.72,5.8
2005,10,2200,1228.81,1233.34,1168.2,1207.01,94.9630,1.8,13.3,79.4,0.7,1.25,41.0,4.6,5.0,74.2,322000,-0.3,4.4,316.29,0.9,10.5,4.46,3.79,6.30,1.1,2.3,24.87,5.4
2005,11,2470,1207.01,1270.64,1201.07,1249.48,95.8850,2.6,14.2,80.0,1.2,1.26,40.9,4.6,5.0,81.6,311000,20.5,3.3,314.27,4.2,8.6,4.54,3.97,6.39,0.1,2.1,25.92,5.7
2005,12,2496,1249.48,1275.8,1246.59,1248.29,96.4321,2.4,14.0,80.4,1.0,1.26,40.8,4.6,4.9,91.5,302000,-2.4,3.3,331.83,-2.5,8.0,4.47,3.97,6.32,-0.1,2.5,26.43,4.7
2006,1,2641,1248.29,1294.9,1245.74,1280.08,96.5785,2.0,7.0,80.4,0.6,1.25,41.1,4.6,4.7,91.2,282000,6.0,4.0,348.66,9.2,8.1,4.42,4.34,6.24,1.0,3.4,26.46,8.4
2006,2,2718,1280.08,1297.57,1253.61,1280.66,96.6560,1.4,10.8,80.3,0.0,1.26,41.1,4.6,4.8,86.7,293000,-4.0,3.6,324.36,1.1,9.0,4.57,4.54,6.27,0.5,3.6,26.24,6.6
2006,3,2863,1280.66,1310.88,1268.42,1294.87,96.8605,1.8,20.4,80.4,0.3,1.26,41.1,4.5,4.7,88.9,295000,5.6,3.4,333.18,1.9,14.9,4.72,4.63,6.41,0.8,3.7,26.32,6.9
2006,4,2685,1302.88,1318.16,1280.74,1310.61,97.2669,2.1,9.8,80.6,0.5,1.27,41.1,4.5,4.7,87.4,321000,-11.6,3.6,349.89,-12.7,8.6,4.99,4.72,6.68,1.7,4.1,26.14,6.1
2006,5,2527,1310.61,1326.7,1245.34,1270.09,97.0877,1.8,4.2,80.3,0.1,1.27,41.1,4.5,4.6,79.1,330000,-4.1,4.0,344.87,-4.5,11.2,5.11,4.84,6.75,1.5,4.3,25.64,6.4
2006,6,2361,1270.05,1290.68,1219.29,1270.2,97.4540,1.8,5.7,80.5,0.1,1.28,41.2,4.5,4.6,84.9,309000,-12.9,4.2,346.39,-13.1,8.7,5.11,4.92,6.78,-0.5,4.4,24.74,3.9
2006,7,2194,1270.06,1280.42,1224.54,1276.66,97.6066,2.1,8.0,80.5,0.3,1.29,41.4,4.5,4.7,84.7,311000,-15.4,4.1,349.83,-20.2,10.8,5.09,5.08,6.76,0.2,4.5,24.69,3.4
2006,8,2184,1278.53,1306.74,1261.3,1303.82,97.8245,2.2,3.1,80.5,0.3,1.29,41.1,4.4,4.7,82,314000,-21.2,3.9,329.02,-22.5,8.2,4.88,5.09,6.59,-0.5,4.4,25.04,5.1
2006,9,2277,1303.8,1340.28,1290.93,1335.85,97.6882,4.1,15.3,80.3,1.8,1.32,41.1,4.2,4.5,85.4,309000,-20.0,2.0,305.58,-29.5,13.8,4.72,4.93,6.43,-1.1,4.2,25.63,4.3
2006,10,2185,1335.82,1389.45,1327.1,1377.94,97.6855,2.9,2.5,80.1,0.7,1.32,41.1,4.2,4.4,93.6,328000,-27.8,1.4,305.87,-24.4,10.2,4.73,5.05,6.42,-0.4,4.7,26.53,3.7
2006,11,2056,1377.76,1407.89,1360.98,1400.63,97.5664,1.8,2.0,79.9,-0.1,1.32,41.0,4.1,4.5,92.1,349000,-26.9,2.0,321.53,-31.6,10.5,4.60,5.07,6.20,-0.4,5.1,26.92,3.2
2006,12,2078,1400.63,1431.81,1385.93,1418.3,98.5995,2.2,4.9,80.5,0.1,1.29,41.1,4.2,4.4,91.7,341000,-17.3,2.5,307.26,-24.9,8.1,4.56,4.97,6.22,-0.6,5.7,27.27,4.7
2007,1,2000,1418.03,1441.61,1403.97,1438.24,98.3204,1.8,4.8,80.2,-0.2,1.31,41.0,4.1,4.6,96.9,310000,-38.0,2.0,301.22,-25.2,1.4,4.76,5.11,6.34,-0.5,5.4,27.2,1.3
2007,2,1771,1437.9,1461.57,1389.42,1406.82,99.3827,2.8,2.4,80.9,0.6,1.30,41.0,4.2,4.5,91.3,318000,-30.2,2.4,312.39,-25.8,2.0,4.72,5.16,6.28,-1.1,5.6,27.31,2.7
2007,3,1702,1406.8,1438.89,1363.98,1420.86,99.4034,2.6,1.2,80.8,0.4,1.28,41.3,4.3,4.4,88.4,305000,-24.1,2.8,316.88,-28.2,0.5,4.56,5.08,6.27,-1.2,6.3,26.22,3.2
2007,4,1599,1420.83,1498.02,1416.37,1482.37,100.1666,3.0,9.4,81.2,0.6,1.28,41.3,4.2,4.5,87.1,304000,-18.2,2.6,312.71,-22.4,7.8,4.69,5.01,6.39,-0.2,7.2,26.97,1.9
2007,5,1729,1482.37,1535.56,1476.7,1530.62,100.1143,3.1,6.1,81.1,0.8,1.27,41.1,4.1,4.4,88.3,310000,-27.1,2.7,311.46,-20.8,3.0,4.75,4.87,6.39,-0.4,7.8,27.54,4.0
2007,6,1716,1530.62,1540.56,1484.18,1503.35,100.1220,2.7,4.0,81.0,0.5,1.29,41.3,4.4,4.6,85.3,318000,-19.6,2.7,315.74,-26.4,1.9,5.10,4.74,6.70,-0.6,8.0,27.41,2.8
2007,7,1465,1504.66,1555.9,1454.25,1455.27,100.2435,2.7,12.3,81.0,0.5,1.29,41.3,4.2,4.7,90.4,305000,-22.0,2.3,324.10,-17.2,1.5,5.00,4.96,6.65,0.0,8.7,27.4,2.3
2007,8,1254,1455.18,1503.89,1370.6,1473.99,100.2324,2.5,10.0,81.0,0.5,1.29,41.3,4.1,4.6,83.4,330000,-19.4,1.9,308.76,-21.8,2.4,4.67,4.32,6.65,0.2,10.2,26.14,2.5
2007,9,1167,1473.96,1538.74,1439.29,1526.75,100.7241,3.1,-3.3,81.3,1.0,1.29,41.3,4.1,4.7,83.4,317000,-31.2,2.8,333.67,-26.4,-1.8,4.52,3.99,6.59,0.8,11.5,26.72,4.4
2007,10,1266,1527.29,1576.09,1489.56,1549.38,100.1090,2.5,6.2,80.8,0.7,1.28,41.2,4.1,4.7,80.9,328000,-15.2,3.6,351.01,-22.0,-1.1,4.53,4.00,6.48,0.7,12.1,27.31,4.4
2007,11,1188,1545.79,1545.79,1406.1,1481.14,100.5032,3.0,2.7,81.1,1.2,1.26,41.3,4.1,4.7,76.1,353000,-23.8,4.4,339.84,-19.7,-1.7,4.15,3.35,6.40,0.0,12.8,25.72,5.3
2007,12,1092,1479.63,1523.57,1435.65,1468.36,100.6784,2.1,6.1,81.3,0.8,1.28,41.1,4.0,5.0,75.5,356000,-37.1,4.1,358.71,-31.5,2.6,4.10,3.07,6.65,0.5,12.6,25.95,3.0
2008,1,902,1467.97,1471.77,1270.05,1378.55,100.4229,2.1,7.8,81.1,0.9,1.28,41.1,4.1,5.0,78.4,368000,-23.1,4.3,369.46,-32.2,6.4,3.74,2.82,6.54,0.5,12.9,24.01,3.3
2008,2,731,1378.6,1396.02,1316.75,1330.63,100.1991,0.8,5.3,81.0,0.1,1.29,41.2,4.1,4.8,70.8,349000,-25.5,4.1,412.69,-33.1,4.6,3.74,2.17,6.82,1.3,15.5,23.49,1.8
2008,3,441,1330.45,1359.68,1256.98,1322.7,99.7738,0.4,0.2,80.6,-0.2,1.28,41.3,4.1,5.1,69.5,382000,-32.8,4.0,386.89,-43.3,-1.2,3.51,1.28,6.89,1.5,16.7,22.6,1.3
2008,4,177,1326.41,1404.57,1324.35,1385.59,98.9057,-1.3,-2.2,80.0,-1.2,1.27,41.2,4.0,4.9,62.6,374000,-32.0,3.9,409.27,-30.1,1.7,3.68,1.31,6.97,0.9,16.6,23.35,2.2
2008,5,-197,1385.97,1440.24,1373.07,1400.38,98.3355,-1.8,0.0,79.5,-1.6,1.27,41.1,4.0,5.4,59.8,365000,-31.2,4.1,422.17,-36.8,3.8,3.88,1.76,6.93,0.8,16.2,23.69,1.1
2008,6,-442,1399.62,1404.05,1272,1280,98.0705,-2.0,-0.8,79.3,-1.7,1.26,41.0,3.8,5.6,56.4,395000,-27.8,4.9,462.74,-18.4,4.5,4.10,1.89,7.07,2.5,16.0,22.41,2.4
2008,7,-624,1276.69,1292.17,1200.44,1267.38,97.7119,-2.5,-5.2,79.0,-2.0,1.27,41.0,3.7,5.8,61.2,433000,-31.8,5.5,416.40,-29.9,4.6,4.01,1.66,7.16,3.6,15.6,20.9,1.4
2008,8,-865,1269.42,1313.15,1247.45,1282.83,96.0627,-4.2,-7.5,77.6,-3.4,1.31,40.9,3.6,6.1,63,443000,-36.5,5.3,391.71,-39.4,-0.4,3.89,1.75,7.15,2.1,13.3,21.39,0.5
2008,9,-1368,1287.83,1303.04,1106.42,1166.36,92.0876,-8.6,-6.4,74.3,-7.0,1.33,40.5,3.5,6.2,70.3,483000,-30.7,5.0,345.50,-29.5,-3.7,3.69,1.15,7.31,6.4,11.9,20.36,-2.5
2008,10,-1968,1164.17,1167.03,839.8,968.75,92.8999,-7.2,-16.0,74.9,-5.9,1.38,40.4,3.4,6.6,57.6,481000,-38.5,3.7,268.39,-38.6,-8.6,3.81,0.69,8.88,6.8,10.9,16.38,-6.4
2008,11,-2897,968.67,1007.51,741.02,896.24,91.6848,-8.8,-20.4,73.9,-7.2,1.45,40.1,3.2,6.8,55.3,532000,-45.5,1.0,242.20,-53.6,-7.4,3.53,0.19,9.21,10.3,11.0,15.25,-10.7
2008,12,-3600,888.61,918.85,815.69,903.25,89.3334,-11.3,-28.2,71.9,-9.4,1.47,39.8,2.9,7.3,60.1,524000,-46.0,0.0,229.54,-47.0,-18.3,2.42,0.03,8.43,16.7,12.9,15.37,-12.7
2009,1,-4433,902.99,943.85,804.3,825.88,87.4510,-12.9,-34.4,70.4,-10.7,1.48,39.7,2.8,7.8,61.2,638000,-54.8,-0.1,220.37,-51.4,-25.8,2.52,0.13,8.14,15.0,13.9,15.17,-11.3
2009,2,-5076,823.09,875.01,734.52,735.09,86.9878,-13.2,-34.1,70.0,-11.0,1.45,39.6,2.7,8.2,56.3,644000,-47.2,0.1,211.57,-47.7,-23.2,2.87,0.30,8.08,13.6,11.9,14.12,-10.6
2009,3,-5800,729.57,832.98,666.79,797.87,85.5359,-14.3,-35.1,68.8,-11.8,1.46,39.3,2.6,8.6,57.3,659000,-49.8,-0.4,220.40,-42.6,-22.7,2.82,0.22,8.42,13.8,11.1,13.32,-12.3
2009,4,-6275,793.59,888.7,783.32,872.81,84.7761,-14.3,-35.1,68.2,-11.8,1.44,39.5,2.7,8.9,65.1,627000,-52.8,-0.6,222.39,-47.8,-30.6,2.93,0.16,8.39,15.8,10.2,14.98,-12.5
2009,5,-6428,872.74,930.17,866.1,919.14,83.8658,-14.7,-32.2,67.5,-12.0,1.42,39.4,2.8,9.4,68.7,617000,-44.5,-1.0,253.05,-46.4,-26.3,3.29,0.18,8.06,15.9,10.6,15.99,-11.9
2009,6,-6752,923.26,956.23,888.86,919.32,83.5261,-14.8,-34.4,67.3,-12.0,1.38,39.6,2.8,9.5,70.8,601000,-44.1,-1.2,249.96,-44.6,-24.1,3.72,0.18,7.50,18.1,10.4,16.38,-10.8
2009,7,-6821,920.82,996.68,869.32,987.48,84.4347,-13.6,-27.7,68.2,-10.8,1.35,39.9,3.0,9.5,66,581000,-35.6,-2.0,257.45,-34.7,-23.7,3.56,0.18,7.09,17.0,9.7,16.69,-10.1
2009,8,-6785,990.22,1039.47,978.51,1020.62,85.2174,-11.3,-26.0,68.9,-8.7,1.31,40.0,3.0,9.7,65.7,564000,-30.6,-1.5,253.68,-29.2,-23.2,3.59,0.17,6.58,18.0,9.4,18.09,-7.2
2009,9,-6587,1019.52,1080.15,991.97,1057.08,85.7983,-6.8,-23.8,69.5,-4.8,1.31,40.0,3.0,9.8,73.5,548000,-28.7,-1.3,259.39,-25.4,-16.1,3.40,0.12,6.31,14.0,9.0,18.83,-7.8
2009,10,-6299,1054.91,1101.36,1019.95,1036.19,86.0163,-7.4,-14.8,69.9,-5.0,1.30,40.2,3.2,10.1,70.6,523000,-31.3,-0.2,270.38,-24.8,-11.2,3.39,0.07,6.29,14.1,8.5,19.35,-2.9
2009,11,-5552,1036.18,1113.69,1029.38,1095.63,86.2137,-6.0,-12.7,70.2,-3.7,1.28,40.4,3.4,9.9,67.4,477000,-9.8,1.9,277.40,1.4,-11.3,3.40,0.05,6.32,11.1,7.0,19.81,1.9
2009,12,-5063,1098.89,1130.38,1085.89,1115.1,86.7197,-2.9,-6.9,70.8,-1.1,1.26,40.6,3.5,9.9,72.5,465000,3.8,2.8,283.38,19.4,0.0,3.59,0.05,6.37,5.7,4.1,20.31,5.5
2010,1,-4282,1116.56,1150.45,1071.59,1073.87,87.7492,0.3,14.2,71.9,1.5,1.26,40.8,3.6,9.7,74.4,501000,25.5,2.6,265.59,7.4,7.5,3.73,0.06,6.25,5.9,1.8,20.52,4.2
2010,2,-3591,1073.89,1112.42,1044.5,1104.49,87.9129,1.1,14.2,72.2,2.2,1.26,40.4,3.5,9.7,73.6,475000,3.6,2.2,274.77,15.6,8.0,3.69,0.11,6.34,8.6,1.2,19.91,4.6
2010,3,-2603,1105.36,1180.69,1105.36,1169.43,88.3915,3.3,16.2,72.8,4.0,1.24,41.0,3.7,9.7,73.6,452000,24.0,2.4,273.34,41.2,16.4,3.73,0.15,6.27,8.5,-0.5,21,8.9
2010,4,-1666,1171.23,1219.8,1170.69,1186.69,88.7051,4.6,21.3,73.2,5.0,1.24,41.2,3.8,9.8,72.2,457000,43.7,2.3,277.71,23.2,21.0,3.85,0.16,6.25,5.6,-1.2,21.8,9.4
2010,5,-822,1188.58,1205.13,1040.78,1089.41,89.9025,7.2,16.1,74.3,6.8,1.25,41.5,4.0,9.6,73.6,464000,7.4,2.0,254.80,3.2,20.1,3.42,0.16,6.05,6.0,-1.9,20.47,7.4
2010,6,-512,1087.3,1131.23,1028.33,1030.71,89.9970,7.7,19.1,74.5,7.2,1.26,41.0,3.8,9.5,76,472000,-7.9,1.1,258.52,-3.4,21.4,3.20,0.12,6.23,4.6,-2.0,19.73,5.5
2010,7,-261,1031.1,1120.95,1010.91,1101.6,90.7919,7.5,13.3,75.3,7.1,1.26,41.1,3.8,9.5,67.8,474000,-7.4,1.3,274.35,-8.0,15.5,3.01,0.16,6.01,4.2,-1.7,19.66,5.8
2010,8,-89,1107.53,1129.24,1039.7,1049.33,90.9898,6.8,13.7,75.5,6.6,1.27,41.1,3.8,9.6,68.9,468000,3.4,1.2,264.25,-0.6,23.0,2.70,0.16,5.66,5.8,-0.5,19.76,4.0
2010,9,118,1049.72,1157.16,1049.72,1141.2,91.2427,6.3,18.4,75.7,6.2,1.27,41.3,3.9,9.6,68.2,450000,2.1,1.1,286.86,-8.3,19.5,2.65,0.15,5.66,6.5,0.2,20.37,7.8
2010,10,510,1143.49,1196.14,1131.87,1183.26,91.1385,6.0,12.5,75.7,5.8,1.27,41.2,3.9,9.7,67.7,454000,0.9,1.2,300.67,-9.2,16.4,2.54,0.13,5.72,6.2,0.9,21.23,8.5
2010,11,658,1185.71,1227.08,1173,1180.55,91.4039,6.0,15.0,75.8,5.6,1.25,41.2,4.0,9.8,71.6,439000,-6.3,1.1,301.40,-2.9,18.1,2.76,0.14,5.92,8.4,1.5,21.69,7.9
2010,12,940,1186.6,1262.6,1186.6,1257.64,92.5771,6.8,12.0,76.8,6.0,1.25,41.3,4.0,9.4,74.5,404000,-9.5,1.4,332.80,-3.3,18.9,3.29,0.14,6.10,8.1,1.9,22.39,8.0
2011,1,1047,1257.62,1302.67,1257.62,1286.12,92.6820,5.6,9.4,76.8,4.9,1.24,41.1,4.1,9.0,74.2,424000,3.4,1.7,341.42,-10.9,16.4,3.39,0.15,6.09,10.2,2.7,22.97,8.4
2011,2,1317,1289.14,1344.07,1289.14,1327.22,92.4408,5.2,7.9,76.5,4.3,1.24,41.3,4.2,8.9,77.5,375000,-14.1,2.2,352.58,-17.9,12.5,3.58,0.13,6.15,10.0,2.9,23.56,9.6
2011,3,1346,1328.64,1332.28,1249.05,1325.83,93.1084,5.3,14.1,77.0,4.2,1.23,41.5,4.3,8.8,67.5,392000,-6.5,2.7,359.43,-16.2,12.2,3.41,0.10,6.03,10.4,4.3,23.16,7.9
2011,4,1313,1329.48,1364.56,1294.7,1363.61,93.0970,5.0,5.3,76.9,3.7,0.00,41.4,4.2,9.0,69.8,478000,-23.9,3.1,370.56,-17.1,11.1,3.46,0.06,6.02,11.8,5.7,23.47,7.9