公  司  編  號,公    司           名    稱,營        業        額        (單位：仟元),,,,,累 計 營 業 額 (單位：仟元),,,各 股 月 底 股 價 (單位：元),,
,,99,99,與上月比較增減%,98,與去年同月比較增減%,99,98,與去年同期比較增減%,99.08,98.08,與去年同期比較增減%
1101,台泥,1861703,1825812,1.97 ,1672041,11.34 ,14539401,13896110,4.63 ,29.45,35.7,-17.51 
1102,亞泥,625133,785932,-20.46 ,818279,-23.60 ,5984136,6931798,-13.67 ,28.8,35.1,-17.95 
1103,嘉泥,197136,186045,5.96 ,158986,24.00 ,1328266,1542559,-13.89 ,15.1,15.15,-0.33 
1104,環球水泥,253093,260629,-2.89 ,192880,31.22 ,2049106,2358726,-13.13 ,16,15.25,4.92 
1108,幸福水泥,244985,222334,10.19 ,228360,7.28 ,1787405,1855816,-3.69 ,7.57,8.55,-11.46 
1109,信大水泥,91604,99329,-7.78 ,106248,-13.78 ,782611,975182,-19.75 ,9.61,10.1,-4.85 
1110,東泥,114473,124873,-8.33 ,140306,-18.41 ,934115,1092935,-14.53 ,11.85,11.1,6.76 
1201,味全公司,1241194,1227124,1.15 ,1292373,-3.96 ,8802397,8224506,7.03 ,32.7,39.15,-16.48 
1203,味王公司,188248,172572,9.08 ,199499,-5.64 ,1297213,2036796,-36.31 ,25.2,25.9,-2.70 
1210,大成長城,1835507,1674661,9.60 ,1593249,15.21 ,13791007,13325551,3.49 ,28.95,33,-12.27 
1213,大飲,89813,85344,5.24 ,88973,0.94 ,478013,457077,4.58 ,23.2,8.28,180.19 
1215,卜蜂企業,1253699,1218078,2.92 ,1124473,11.49 ,9162856,8342273,9.84 ,17.2,16.1,6.83 
1216,統一,4859664,4832865,0.55 ,4468417,8.76 ,32581905,30182745,7.95 ,37.05,34.1,8.65 
1217,愛之味,542025,405479,33.68 ,610766,-11.25 ,2669211,2789982,-4.33 ,12.2,12.25,-0.41 
1218,泰山企業,689915,657980,4.85 ,713331,-3.28 ,4716404,4827356,-2.30 ,15.75,11.1,41.89 
1219,福壽實業,800517,794728,0.73 ,775230,3.26 ,5804303,6056089,-4.16 ,12.3,11.1,10.81 
1220,台榮,276939,279411,-0.88 ,202072,37.05 ,1779233,1444878,23.14 ,12.35,7.15,72.73 
1225,福懋油,679113,658934,3.06 ,669357,1.46 ,5259709,5133012,2.47 ,13.85,11,25.91 
1227,佳格,904822,902803,0.22 ,805283,12.36 ,7381305,6307163,17.03 ,75.8,29.85,153.94 
1229,聯華實業,278829,247929,12.46 ,250707,11.22 ,1999183,2008854,-0.48 ,19.25,13.95,37.99 
1231,聯華食品,408931,452475,-9.62 ,368291,11.03 ,2909301,2540968,14.50 ,23.8,12,98.33 
1232,大統益,1365156,1282322,6.46 ,1239291,10.16 ,9864505,9473057,4.13 ,39.55,35.9,10.17 
1233,天仁,151723,157672,-3.77 ,139432,8.82 ,1233612,1147864,7.47 ,52,31.6,64.56 
1234,黑松,561556,498791,12.58 ,564099,-0.45 ,3077394,2828478,8.80 ,22.7,16.8,35.12 
1235,興泰,39786,31002,28.33 ,32447,22.62 ,262565,256048,2.55 ,67.8,34.7,95.39 
1236,宏亞食品,131894,154515,-14.64 ,155101,-14.96 ,1233840,1036441,19.05 ,22.6,15.8,43.04 
1301,台塑,17978721,16086655,11.76 ,14174165,26.84 ,130642993,100110800,30.50 ,71,59.2,19.93 
1303,南亞塑膠,18862607,18110977,4.15 ,15704707,20.11 ,143798359,101029342,42.33 ,61.8,45.85,34.79 
1304,台聚,1024649,1036904,-1.18 ,963323,6.37 ,8117252,6796433,19.43 ,19.95,14.6,36.64 
1305,華夏,744004,698674,6.49 ,684275,8.73 ,5635572,4908849,14.80 ,10.9,10.85,0.46 
1307,三芳化工,545161,389403,40.00 ,397301,37.22 ,3802847,3030131,25.50 ,35.9,26.95,33.21 
1308,亞聚,552406,505369,9.31 ,482067,14.59 ,4212398,3174107,32.71 ,27.35,22.85,19.69 
1309,台達化工,1006348,868301,15.90 ,823050,22.27 ,7187918,5037843,42.68 ,11.15,10.7,4.21 
1310,台苯,1077774,1012755,6.42 ,1066748,1.03 ,8574795,7531573,13.85 ,13.2,12.6,4.76 
1312,國喬石化,1380548,1411699,-2.21 ,1222589,12.92 ,11003609,7894033,39.39 ,14.25,13.15,8.37 
1313,聯成,870221,793856,9.62 ,512291,69.87 ,5775319,3530363,63.59 ,18.85,13.95,35.13 
1314,中石化,3627550,3148659,15.21 ,2715713,33.58 ,25796637,15293465,68.68 ,18.9,9.54,98.11 
1315,達新工業,258999,250526,3.38 ,191022,35.59 ,1547092,1492295,3.67 ,22.15,20.6,7.52 
1316,上曜,11699,12454,-6.06 ,12285,-4.77 ,124557,143071,-12.94 ,10.8,6.65,62.41 
1319,東陽,785622,830904,-5.45 ,652353,20.43 ,6254959,5307687,17.85 ,50.5,43.45,16.23 
1321,大洋,529187,469081,12.81 ,457922,15.56 ,3635843,3102594,17.19 ,22.4,21.4,4.67 
1323,永裕,149302,134566,10.95 ,118382,26.12 ,1042772,822083,26.85 ,20.9,11.5,81.74 
1324,地球工業,131802,112263,17.40 ,131737,0.05 ,901293,791698,13.84 ,23.55,11.9,97.90 
1325,恒大,74984,79219,-5.35 ,83026,-9.69 ,696952,580774,20.00 ,25.25,32.2,-21.58 
1326,台化,22472957,22345397,0.57 ,20283581,10.79 ,187547750,141933785,32.14 ,71.2,57.7,23.40 
1402,遠東新,4693723,4441590,5.68 ,3497813,34.19 ,34988493,26787961,30.61 ,37.4,32.8,14.02 
1409,新纖,2101988,2029992,3.55 ,1749346,20.16 ,16904896,12990399,30.13 ,12.3,7.8,57.69 
1410,南染,31691,33692,-5.94 ,17157,84.71 ,207693,137179,51.40 ,15.35,13.1,17.18 
1413,宏洲化工,379781,386568,-1.76 ,313833,21.01 ,2790913,2021088,38.09 ,7.5,2.01,273.13 
1414,東和,156983,222796,-29.54 ,319469,-50.86 ,2511279,2405723,4.39 ,5.92,3.9,51.79 
1416,廣豐,33322,13619,144.67 ,29196,14.13 ,174547,163378,6.84 ,8.33,6.28,32.64 
1417,嘉裕,104218,105405,-1.13 ,65123,60.03 ,778344,683420,13.89 ,10.15,6.13,65.58 
1418,東華,169594,204336,-17.00 ,304646,-44.33 ,1974800,1883970,4.82 ,9.85,6.08,62.01 
1419,新紡,42353,44365,-4.54 ,44270,-4.33 ,410132,367196,11.69 ,35.6,31.4,13.38 
1423,利華羊毛,86342,84492,2.19 ,74506,15.89 ,700984,623365,12.45 ,7.99,5.55,43.96 
1432,大魯閣,60,60,0.00 ,11077,-99.46 ,854274,13689,6140.59 ,10.4,7.06,47.31 
1434,福懋興業,2724805,2909874,-6.36 ,2175610,25.24 ,21508319,17048521,26.16 ,23.95,20.7,15.70 
1435,中福,2908,4689,-37.98 ,1856,56.68 ,26697,15239,75.19 ,9.11,2.92,211.99 
1436,福益,1366,2957,-53.80 ,619,120.68 ,9251,4438,108.45 ,8.19,7.85,4.33 
1437,勤益,167047,165532,0.92 ,133301,25.32 ,1212546,933713,29.86 ,19.9,19.1,4.19 
1438,裕豐,11774,11784,-0.08 ,1184,894.43 ,72437,7898,817.16 ,1.9,0.85,123.53 
1439,中和羊毛,27424,41762,-34.33 ,24514,11.87 ,327061,181171,80.53 ,41.9,14.1,197.16 
1440,南紡,1260697,1150733,9.56 ,994260,26.80 ,9592025,7028461,36.47 ,14.6,10.15,43.84 
1441,大東紡織,132791,146258,-9.21 ,88419,50.18 ,1049503,921538,13.89 ,7.3,4.37,67.05 
1442,名軒,44219,52722,-16.13 ,176061,-74.88 ,1120908,931514,20.33 ,20.5,15.7,30.57 
1443,立益紡織,106426,145347,-26.78 ,111259,-4.34 ,1037794,741710,39.92 ,3.64,2.36,54.24 
1444,力麗,835421,922245,-9.41 ,607985,37.41 ,6475953,4636152,39.68 ,14,5.95,135.29 
1445,大宇紡織,179182,201830,-11.22 ,169824,5.51 ,1400738,1268656,10.41 ,8.31,6.1,36.23 
1446,宏和,78755,89244,-11.75 ,69127,13.93 ,641559,619696,3.53 ,16.8,7.86,113.74 
1447,力鵬,2364273,1426489,65.74 ,1685923,40.24 ,14942050,11319635,32.00 ,14,10,40.00 
1449,佳和實業,162777,169862,-4.17 ,128544,26.63 ,1331211,1194808,11.42 ,4.46,1.6,178.75 
1451,年興紡織,973199,1034967,-5.97 ,601599,61.77 ,6343069,5246335,20.90 ,20.75,15.95,30.09 
1452,宏益,179582,163672,9.72 ,114894,56.30 ,1349000,910971,48.08 ,12.35,6.91,78.73 
1453,大將,128728,23158,455.87 ,14695,776.00 ,290285,223970,29.61 ,11.1,7.35,51.02 
1454,台富,254460,232274,9.55 ,170023,49.66 ,1664514,1303806,27.67 ,7.68,5.66,35.69 
1455,集盛,1521444,1262588,20.50 ,1136854,33.83 ,10975644,7824960,40.26 ,14.8,8.39,76.40 
1456,怡華,152892,162563,-5.95 ,148247,3.13 ,1345314,1309590,2.73 ,2.47,1.28,92.97 
1457,宜進,321688,329078,-2.25 ,306120,5.09 ,2650793,2002245,32.39 ,8.62,4.64,85.78 
1459,聯發紡織,313464,273887,14.45 ,206091,52.10 ,2035939,1379997,47.53 ,11.15,8.8,26.70 
1460,宏遠,410655,406608,1.00 ,281516,45.87 ,2960108,2795326,5.89 ,6.55,5.72,14.51 
1463,強盛染整,53978,46198,16.84 ,39341,37.21 ,386111,354201,9.01 ,9.08,5.11,77.69 
1464,得力實業,138374,153687,-9.96 ,102878,34.50 ,1094246,808049,35.42 ,14.1,5.49,156.83 
1465,偉全實業,152522,130729,16.67 ,103099,47.94 ,947319,852865,11.07 ,14.9,9.78,52.35 
1466,聚隆,525772,420476,25.04 ,253370,107.51 ,3410877,1922832,77.39 ,20.4,5.25,288.57 
1467,南緯實業,419357,340104,23.30 ,368300,13.86 ,2551641,2585286,-1.30 ,11.55,7.18,60.86 
1468,昶和纖維,40027,53928,-25.78 ,40403,-0.93 ,448699,475218,-5.58 ,16.9,10.7,57.94 
1469,理隆纖維,63850,82231,-22.35 ,41520,53.78 ,536018,461317,16.19 ,13,7.9,64.56 
1470,大統染,56262,63253,-11.05 ,61734,-8.86 ,519475,464404,11.86 ,10,6.55,52.67 
1471,首利,721705,855829,-15.67 ,857949,-15.88 ,5821745,5239310,11.12 ,21.05,21.4,-1.64 
1472,三洋纖,78164,68731,13.72 ,20882,274.31 ,552112,314673,75.46 ,5.73,4.07,40.79 
1473,台南企業,557877,623525,-10.53 ,518190,7.66 ,4763592,4351717,9.46 ,44.6,22.4,99.11 
1474,弘裕,253533,268778,-5.67 ,168674,50.31 ,2051760,1493974,37.34 ,9.84,5.9,66.78 
1475,本盟光電,77863,93833,-17.02 ,21291,265.71 ,526767,159056,231.18 ,14.45,5.25,175.24 
1476,儒鴻,715630,1020373,-29.87 ,416521,71.81 ,5450082,3883432,40.34 ,35.3,16.55,113.29 
1477,聚陽實業,1471380,1278784,15.06 ,1504981,-2.23 ,8988937,8281446,8.54 ,75.5,58.6,28.84 
1503,士電,1153879,1266558,-8.90 ,983568,17.32 ,9693344,12698228,-23.66 ,35.4,40.6,-12.81 
1504,東元電機,1962442,2202146,-10.89 ,1893525,3.64 ,15708140,15032797,4.49 ,15.45,13.55,14.02 
1506,正道,61656,71155,-13.35 ,48794,26.36 ,504224,379267,32.95 ,16.3,15,8.67 
1507,永大機電,347152,290249,19.60 ,290470,19.51 ,2444997,2425305,0.81 ,38.4,20.9,83.73 
1512,瑞利,201380,230023,-12.45 ,214540,-6.13 ,1577768,1861417,-15.24 ,8.05,8.24,-2.31 
1513,中興電,413906,517007,-19.94 ,574365,-27.94 ,4900926,5023861,-2.45 ,17.4,16.75,3.88 
1514,亞力電機,205758,252232,-18.43 ,245298,-16.12 ,1663038,1743813,-4.63 ,11.4,6.53,74.58 
1515,力山,370758,291644,27.13 ,294807,25.76 ,2215911,1856331,19.37 ,9.75,8.06,20.97 
1516,川飛,6977,7329,-4.80 ,10947,-36.27 ,173869,90152,92.86 ,9.07,12.4,-26.85 
1517,利奇機械,184398,194147,-5.02 ,140120,31.60 ,1440737,1075598,33.95 ,14.6,10.8,35.19 
1519,華城電機,238817,347097,-31.20 ,558807,-57.26 ,2697989,3913263,-31.06 ,24.95,34.25,-27.15 
1521,大億,306364,362922,-15.58 ,223004,37.38 ,2553005,1786910,42.87 ,57.6,21.6,166.67 
1522,堤維西,663444,651880,1.77 ,601306,10.33 ,5379941,5223162,3.00 ,20.25,20.2,0.25 
1524,耿鼎公司,272022,259826,4.69 ,252442,7.76 ,2163258,2075059,4.25 ,11.25,8.1,38.89 
1525,江申工業,105586,102342,3.17 ,72209,46.22 ,767023,515294,48.85 ,50.3,19.45,158.61 
1526,日馳,43963,50143,-12.32 ,31623,39.02 ,390546,289496,34.91 ,6.48,5.55,16.76 
1527,鑽全,210369,292626,-28.11 ,200528,4.91 ,1916756,1247489,53.65 ,29.95,28.4,5.46 
1528,恩德,311024,275332,12.96 ,124505,149.81 ,1897553,866030,119.11 ,15.1,9.01,67.59 
1529,樂士,10547,19352,-45.50 ,21294,-50.47 ,102280,225104,-54.56 ,8.7,3.76,131.38 
1530,亞崴機電,235030,260097,-9.64 ,152597,54.02 ,1610650,759233,112.14 ,31.2,28.5,9.47 
1531,高林股,321066,421088,-23.75 ,157229,104.20 ,2540684,1062346,139.16 ,30.35,14.35,111.50 
1532,勤美,362496,372313,-2.64 ,428493,-15.40 ,2783970,2669745,4.28 ,33.2,35.1,-5.41 
1533,車王電,155701,142945,8.92 ,134655,15.63 ,917348,812242,12.94 ,23,17.5,31.43 
1535,中宇,459912,448033,2.65 ,389922,17.95 ,4927625,3962883,24.34 ,48.3,42.9,12.59 
1536,和大工業,230440,217404,6.00 ,91880,150.81 ,1515946,747546,102.79 ,13.8,9.3,48.39 
1537,廣隆光電,256829,257946,-0.43 ,214449,19.76 ,2172158,1715106,26.65 ,50,27.5,81.82 
1538,正峰新,96342,89935,7.12 ,81552,18.14 ,796458,783218,1.69 ,39.7,19.6,102.55 
1539,巨庭機械,89819,83041,8.16 ,73906,21.53 ,687998,469356,46.58 ,9.32,5.67,64.37 
1540,喬福機械,41123,67821,-39.37 ,80714,-49.05 ,733844,466667,57.25 ,25.1,29.95,-16.19 
1541,錩泰,162845,139067,17.10 ,177663,-8.34 ,903451,944955,-4.39 ,23,15,53.33 
1560,中砂,277166,268754,3.13 ,237778,16.57 ,1835251,1542668,18.97 ,38.65,34,13.68 
1582,信錦,149602,120646,24.00 ,48832,206.36 ,786174,350633,124.22 ,60.1,61.1,-1.64 
1583,程泰,164701,182026,-9.52 ,77947,111.30 ,1192933,490414,143.25 ,31.9,26,22.69 
1603,華電,191649,177956,7.69 ,284762,-32.70 ,1681809,1782785,-5.66 ,10.9,8.29,31.48 
1604,聲寶,646442,922340,-29.91 ,525064,23.12 ,5921998,5350609,10.68 ,4.88,4.95,-1.41 
1605,華新,6909858,6734251,2.61 ,5097718,35.55 ,53963281,40845669,32.12 ,15.1,10.85,39.17 
1608,華榮,895926,681576,31.45 ,790196,13.38 ,6843297,4549605,50.42 ,10.25,8.84,15.95 
1609,大亞電線,752587,697883,7.84 ,733619,2.59 ,5490356,4480350,22.54 ,8.3,6.54,26.91 
1611,中電,518110,557952,-7.14 ,301393,71.91 ,4016087,2516996,59.56 ,23.95,15.7,52.55 
1612,宏泰,453713,484971,-6.45 ,580254,-21.81 ,3726356,3312267,12.50 ,14.45,10.8,33.80 
1613,台一,518631,521239,-0.50 ,379767,36.57 ,3690488,2473437,49.20 ,5.55,3.7,50.00 
1614,三洋電,542117,966217,-43.89 ,609514,-11.06 ,5027743,4459615,12.74 ,30.25,29.85,1.34 
1615,大山,241403,336573,-28.28 ,313932,-23.10 ,2461499,2021457,21.77 ,14.6,8.26,76.76 
1616,億泰,293370,356851,-17.79 ,208411,40.77 ,2195975,1953762,12.40 ,6.74,5.63,19.72 
1617,榮星電線,485008,445137,8.96 ,208632,132.47 ,3375102,1727528,95.37 ,10.8,6.55,64.89 
1618,合機公司,443968,256216,73.28 ,179025,147.99 ,2261346,1673240,35.15 ,18.8,18.75,0.27 
1701,中化,219734,213302,3.02 ,180302,21.87 ,1855996,1710984,8.48 ,25,26.3,-4.94 
1702,南僑化工,179087,163726,9.38 ,175376,2.12 ,1272395,1183627,7.50 ,33.35,11.05,201.81 
1704,榮化,2560845,2564232,-0.13 ,2366971,8.19 ,19625666,16859444,16.41 ,62.1,35.65,74.19 
1707,葡萄王,181044,184866,-2.07 ,119782,51.14 ,1352569,1098759,23.10 ,44.3,25.8,71.71 
1708,東鹼,236839,197061,20.19 ,167362,41.51 ,1873726,1642786,14.06 ,35.95,28.6,25.70 
1709,和益化工,632721,953677,-33.65 ,485730,30.26 ,6030671,4426854,36.23 ,16.2,12.75,27.06 
1710,東聯,1095727,1060163,3.35 ,853541,28.37 ,8610484,6084174,41.52 ,24.3,18.75,29.60 
1711,永光化學,497990,471920,5.52 ,465454,6.99 ,4213907,3188669,32.15 ,29.8,17.45,70.77 
1712,興農,612018,546298,12.03 ,526531,16.24 ,4357776,4294927,1.46 ,13.75,12.35,11.34 
1713,國化,57127,43868,30.22 ,34548,65.36 ,364806,253338,44.00 ,12.4,9.95,24.62 
1714,和桐化學,1035113,1197803,-13.58 ,836672,23.72 ,8038270,5923049,35.71 ,16.1,12.75,26.27 
1715,亞洲化學,356230,369769,-3.66 ,308586,15.44 ,2702602,2014058,34.19 ,20.7,11.05,87.33 
1716,永信藥品,310287,264390,17.36 ,277704,11.73 ,2154714,2193376,-1.76 ,34.05,38.05,-10.51 
1717,長興化學,1652916,1557384,6.13 ,1407277,17.45 ,12535910,9856317,27.19 ,31.3,28.55,9.63 
1718,中纖,2832112,1355550,108.93 ,964362,193.68 ,11761961,6645827,76.98 ,10.65,5.84,82.36 
1720,生達化學,180913,184634,-2.02 ,143214,26.32 ,1379764,1261252,9.40 ,28.1,30.6,-8.17 
1721,三晃,145206,149169,-2.66 ,110120,31.86 ,1160762,806779,43.88 ,13.25,6.62,100.15 
1722,台肥,1279339,1240513,3.13 ,963716,32.75 ,9413347,12218666,-22.96 ,98,95.4,2.73 
1723,中碳,574871,734914,-21.78 ,437632,31.36 ,5041013,2874306,75.38 ,99.8,69.5,43.60 
1724,台硝,191441,158822,20.54 ,97208,96.94 ,1174557,849131,38.32 ,13.5,10.85,24.42 
1725,元禎,1028786,834192,23.33 ,673606,52.73 ,6890018,4527374,52.19 ,21.8,16.1,35.40 
1726,永記造漆,546860,479078,14.15 ,392309,39.40 ,3959194,3437889,15.16 ,42.9,38.9,10.28 
1727,中華化學,155304,162012,-4.14 ,103033,50.73 ,1148155,775152,48.12 ,27.75,14.7,88.78 
1729,必翔實業,160607,167217,-3.95 ,121702,31.97 ,927442,795443,16.59 ,48,64.2,-25.23 
1730,花仙子,87408,78157,11.84 ,68589,27.44 ,622993,513371,21.35 ,18.6,20.25,-8.15 
1731,美吾華,142258,149501,-4.84 ,181222,-21.50 ,1446500,1745319,-17.12 ,16,20.1,-20.40 
1732,毛寶,49147,67688,-27.39 ,50999,-3.63 ,502237,451851,11.15 ,15.25,23.2,-34.27 
1733,五鼎,149408,151686,-1.50 ,119128,25.42 ,1161309,909120,27.74 ,68.6,56.9,20.56 
1734,杏輝藥品,123449,133668,-7.65 ,116335,6.12 ,1033641,997148,3.66 ,36.55,30,21.83 
1735,日勝化,178475,202644,-11.93 ,147179,21.26 ,1602810,1129888,41.86 ,16.15,13.05,23.75 
1736,喬山健康,961294,662553,45.09 ,201585,376.87 ,4451356,1213930,266.69 ,42.8,29.6,44.59 
1737,臺鹽,185467,165871,11.81 ,156495,18.51 ,1414626,1334819,5.98 ,21,19.45,7.97 
1773,勝一化工,545030,525877,3.64 ,434392,25.47 ,4148892,2880584,44.03 ,38.5,24.5,57.14 
1802,台玻,1375437,1307646,5.18 ,1207704,13.89 ,10951946,7512979,45.77 ,31,20.5,51.22 
1805,寶徠,1554,5190,-70.06 ,11901,-86.94 ,156910,99036,58.44 ,11,6.62,66.16 
1806,冠軍,224975,212437,5.90 ,188492,19.36 ,1642924,1438355,14.22 ,25.15,9.55,163.35 
1808,國賓大地,123959,84781,46.21 ,65438,89.43 ,1011064,563765,79.34 ,29.8,17.9,66.48 
1809,中釉,128345,131083,-2.09 ,141508,-9.30 ,999544,988551,1.11 ,27.15,14.7,84.69 
1810,和成,229923,222660,3.26 ,188959,21.68 ,1787252,1462878,22.17 ,10.85,7.98,35.96 
1902,台紙,405066,411401,-1.54 ,335688,20.67 ,3342640,2645540,26.35 ,14.8,9.38,57.78 
1903,士紙,187915,190958,-1.59 ,141958,32.37 ,1383628,992078,39.47 ,65,63.3,2.69 
1904,正隆,1945972,1917612,1.48 ,1587102,22.61 ,14975824,11794241,26.98 ,12.8,10.9,17.43 
1905,華紙,506479,479501,5.63 ,335074,51.15 ,4632871,2949365,57.08 ,14.3,12.05,18.67 
1906,寶隆,13324,21343,-37.57 ,54967,-75.76 ,225046,552855,-59.29 ,7.34,5.14,42.80 
1907,永豐餘,1475564,1458899,1.14 ,1382664,6.72 ,11789608,9658933,22.06 ,12.85,10.15,26.60 
1909,榮成,536443,553059,-3.00 ,368425,45.60 ,4127124,2659756,55.17 ,10.3,9.45,8.99 
2002,中鋼,22232265,22021578,0.96 ,13226480,68.09 ,156762462,101501751,54.44 ,30.3,29.9,1.34 
2006,東和鋼鐵,2884156,2415710,19.39 ,2050213,40.68 ,21222305,13463033,57.63 ,27.7,33.6,-17.56 
2007,燁興公司,864845,736482,17.43 ,651789,32.69 ,7402679,3648384,102.90 ,7.9,8.46,-6.62 
2008,高興昌,583533,454764,28.32 ,589622,-1.03 ,4637423,4254792,8.99 ,8.8,6.02,46.18 
2009,第一伸銅,608009,625225,-2.75 ,434136,40.05 ,4661527,2691523,73.19 ,12.9,9.22,39.91 
2010,春源鋼鐵,1255682,1187400,5.75 ,1177969,6.60 ,9662305,9095764,6.23 ,14.6,10.55,38.39 
2012,春雨,299332,283099,5.73 ,234952,27.40 ,2340737,1551282,50.89 ,9.58,8.47,13.11 
2013,中鋼構,724951,741538,-2.24 ,565842,28.12 ,5788282,5465744,5.90 ,22.85,24.3,-5.97 
2014,中鴻,2978033,2769875,7.52 ,3136104,-5.04 ,28022988,24653889,13.67 ,14.3,12.4,15.32 
2015,豐興鋼鐵,3164957,2821803,12.16 ,2007925,57.62 ,21565176,13491028,59.85 ,49.2,51.9,-5.20 
2017,官田鋼,468073,434397,7.75 ,451105,3.76 ,3592662,2530111,42.00 ,10.3,6.65,54.89 
2020,美亞鋼管,482212,378518,27.39 ,406791,18.54 ,3607517,3217738,12.11 ,22.15,17.35,27.67 
2022,聚亨,188852,130113,45.14 ,132708,42.31 ,1516103,1065789,42.25 ,6.03,5.44,10.85 
2023,燁輝,2503573,2595862,-3.56 ,2448361,2.26 ,22794265,16558736,37.66 ,11.9,12.65,-5.93 
2024,志聯工業,127810,130576,-2.12 ,98099,30.29 ,1211942,630529,92.21 ,6.5,5,30.00 
2025,千興,342044,208628,63.95 ,305987,11.78 ,3090837,3422609,-9.69 ,6.26,5.43,15.29 
2027,大成鋼,695264,845011,-17.72 ,630978,10.19 ,6357253,3485394,82.40 ,20.1,23,-12.61 
2028,威致鋼鐵,605015,403664,49.88 ,586097,3.23 ,4226191,3548573,19.10 ,9.5,6.98,36.10 
2029,盛餘,1282028,1438030,-10.85 ,1310616,-2.18 ,10973455,8811088,24.54 ,21.6,23.15,-6.70 
2030,彰源,1177115,998503,17.89 ,615513,91.24 ,7986123,4132307,93.26 ,15.05,15.9,-5.35 
2031,新光鋼,882855,781321,13.00 ,495509,78.17 ,5925361,3171971,86.80 ,27,24.95,8.22 
2032,新鋼工業,499581,441085,13.26 ,386307,29.32 ,3431105,2460210,39.46 ,17.5,14.2,23.24 
2033,佳大世界,69175,73275,-5.60 ,76953,-10.11 ,721638,449231,60.64 ,17.15,21.75,-21.15 
2034,允強,1815035,1681476,7.94 ,1381059,31.42 ,14104801,7351694,91.86 ,22.2,26.75,-17.01 
2038,海光企業,843214,891794,-5.45 ,890866,-5.35 ,7839957,6259431,25.25 ,15.3,19.7,-22.34 
2049,上銀科技,754035,688741,9.48 ,285268,164.33 ,4760441,1840640,158.63 ,72.2,26.5,172.45 
2059,川湖,150188,163890,-8.36 ,167897,-10.55 ,1330177,1241077,7.18 ,142,163.5,-13.15 
2062,橋椿,359897,390060,-7.73 ,285373,26.11 ,2911304,2467387,17.99 ,37.6,25.8,45.74 
2101,南港輪胎,519629,510027,1.88 ,329693,57.61 ,3675262,2414592,52.21 ,42.2,31.1,35.69 
2102,泰豐輪胎,517553,479953,7.83 ,376723,37.38 ,3927218,2624208,49.65 ,19.85,15.45,28.48 
2103,台橡,1185851,1135584,4.43 ,862782,37.45 ,9651072,6505162,48.36 ,46.75,37.85,23.51 
2104,中橡,499273,496611,0.54 ,423145,17.99 ,3807031,2568510,48.22 ,29.3,30.95,-5.33 
2105,正新,1755025,1667655,5.24 ,1404843,24.93 ,13355794,10213784,30.76 ,65.1,62.8,3.66 
2106,建大,464656,483446,-3.89 ,408533,13.74 ,3492891,2941916,18.73 ,33.5,40.2,-16.67 
2107,厚生,311483,298379,4.39 ,253745,22.75 ,2636859,1954445,34.92 ,23.5,18.3,28.42 
2108,南帝化工,344835,369695,-6.72 ,289724,19.02 ,2994846,2078584,44.08 ,21,24.25,-13.40 
2109,華豐橡膠,221036,244987,-9.78 ,203776,8.47 ,1806529,1501971,20.28 ,11.6,11.1,4.50 
2201,裕隆汽車,2620978,3394233,-22.78 ,1191069,120.05 ,20170126,12120131,66.42 ,46.7,28.8,62.15 
2204,中華汽車,2216867,2962046,-25.16 ,2141270,3.53 ,20989957,16902616,24.18 ,19.05,18.15,4.96 
2206,三陽工業,1689849,1707718,-1.05 ,1230482,37.33 ,12751611,12265555,3.96 ,15.5,12.55,23.51 
2207,和泰汽車,3076669,6194645,-50.33 ,4812823,-36.07 ,51980732,44048008,18.01 ,87.9,74.1,18.62 
2208,台船公司,2159218,2161242,-0.09 ,2208480,-2.23 ,16715668,21803131,-23.33 ,26.3,32.45,-18.95 
2227,裕隆日產,1801399,2459831,-26.77 ,1365258,31.95 ,18160564,12928792,40.47 ,85.9,71.6,19.97 
2301,光寶科技,8575872,8694181,-1.36 ,7003469,22.45 ,68309012,49239767,38.73 ,36.9,36.9,0.00 
2302,麗正,26629,27487,-3.12 ,37416,-28.83 ,225988,191953,17.73 ,7.36,2.95,149.49 
2303,聯電,10885880,10821572,0.59 ,9061502,20.13 ,78167762,51337437,52.26 ,13,13.5,-3.70 
2305,全友電腦,14962,16465,-9.13 ,15036,-0.49 ,127036,151266,-16.02 ,4.69,3.19,47.02 
2308,台達電,3456673,3328370,3.85 ,2437689,41.80 ,21444413,18515387,15.82 ,121.5,88,38.07 
2311,日月光,6095610,5990343,1.76 ,4467553,36.44 ,44016176,27264502,61.44 ,22.05,23.5,-6.17 
2312,金寶電子,3506383,2310695,51.75 ,1932378,81.45 ,16722948,15720459,6.38 ,9.35,8.49,10.13 
2313,華通,1596927,1462641,9.18 ,1206308,32.38 ,11102015,9596180,15.69 ,8.26,8.31,-0.60 
2314,台揚科技,694503,668376,3.91 ,506017,37.25 ,5055873,3635265,39.08 ,17.8,14.2,25.35 
2315,神達電腦,3858235,4151319,-7.06 ,5012122,-23.02 ,34211354,36502874,-6.28 ,11.9,13.4,-11.19 
2316,楠梓電,385009,357240,7.77 ,267062,44.16 ,2719066,1998071,36.08 ,19.3,8.9,116.85 
2317,鴻海,214805140,196166111,9.50 ,108244290,98.44 ,1340279640,828486757,61.77 ,113,111,1.80 
2321,東訊,508599,500492,1.62 ,843875,-39.73 ,4461150,5517284,-19.14 ,8.86,11.7,-24.27 
2323,中環,1484400,1530160,-2.99 ,1700711,-12.72 ,11779074,12902104,-8.70 ,7.84,7.15,9.65 
2324,仁寶電腦,65647541,59134821,11.01 ,54268350,20.97 ,558490979,337671275,65.39 ,35.9,33.2,8.13 
2325,矽品,5192968,5203600,-0.20 ,5590317,-7.11 ,41052131,34094557,20.41 ,28.85,41.2,-29.98 
2327,國巨,1208328,1222431,-1.15 ,866491,39.45 ,8280854,5724313,44.66 ,12.55,8.35,50.30 
2328,廣宇,581058,557683,4.19 ,563018,3.20 ,3809408,3582580,6.33 ,43.4,36.7,18.26 
2329,華泰電子,969859,914822,6.02 ,658831,47.21 ,6882004,4786562,43.78 ,8.19,4.34,88.71 
2330,台積電,36498090,36156392,0.95 ,28887650,26.34 ,263464747,168722441,56.15 ,58.9,59.2,-0.51 
2331,精英,4493488,3824947,17.48 ,4543365,-1.10 ,31408815,35721959,-12.07 ,10.65,12.75,-16.47 
2332,友訊科技,262496,281439,-6.73 ,185726,41.34 ,2123458,1271019,67.07 ,26,25.3,2.77 
2337,旺宏,2702319,2450114,10.29 ,2838864,-4.81 ,19047015,15614765,21.98 ,17.05,15.65,8.95 
2338,光罩,187946,200358,-6.19 ,173697,8.20 ,1498253,1337681,12.00 ,11.5,11,4.55 
2340,光磊,745920,769055,-3.01 ,483637,54.23 ,5094798,3100959,64.30 ,20.65,23.95,-13.78 
2341,英群,51719,39091,32.30 ,86202,-40.00 ,442447,1236238,-64.21 ,1.69,1.25,35.20 
2342,茂矽,440429,450791,-2.30 ,258815,70.17 ,3169404,1535085,106.46 ,14.6,6.6,121.21 
2344,華邦電,2919449,2999389,-2.67 ,1943562,50.21 ,21463012,11133183,92.78 ,8.07,5.53,45.93 
2345,智邦科技,1803722,1445774,24.76 ,1129892,59.64 ,12218413,8322374,46.81 ,16.25,10.5,54.76 
2347,聯強國際,4509629,4218209,6.91 ,3950804,14.14 ,30898779,26480510,16.68 ,65.8,57.5,14.43 
2348,力廣,27782,27866,-0.30 ,31777,-12.57 ,254768,187858,35.62 ,2.9,1.4,107.14 
2349,錸德科技,1437761,1300597,10.55 ,1216140,18.22 ,10938431,9112116,20.04 ,8.44,7.9,6.84 
2351,順德,705463,693646,1.70 ,381544,84.90 ,5156267,2386796,116.03 ,40,22.05,81.41 
2352,佳世達,5346720,4286351,24.74 ,4671612,14.45 ,38935156,31980508,21.75 ,18.1,15.2,19.08 
2353,宏碁,52758192,26261347,100.90 ,37716521,39.88 ,350792851,283367879,23.79 ,75.1,75,0.13 
2354,鴻準,7734600,3051270,153.49 ,6660208,16.13 ,55466081,67860584,-18.26 ,91.8,84,9.29 
2355,敬鵬,1255453,1166214,7.65 ,936248,34.09 ,8653896,5844140,48.08 ,22.95,20.05,14.46 
2356,英業達,28935035,32856760,-11.94 ,37615840,-23.08 ,229684281,261985964,-12.33 ,15.75,18.2,-13.46 
2357,華碩,26204728,23067481,13.60 ,22991057,13.98 ,194468893,129224925,50.49 ,213.5,52.4,307.44 
2358,美格,88078,77927,13.03 ,98230,-10.33 ,555259,752196,-26.18 ,14.8,11.8,25.42 
2359,所羅門,572741,489124,17.10 ,317638,80.31 ,3347394,2583120,29.59 ,13.35,11.65,14.59 
2360,致茂電子,569050,616456,-7.69 ,338468,68.13 ,3859338,1983137,94.61 ,73.6,44.65,64.84 
2361,鴻友科技,108462,94182,15.16 ,152758,-29.00 ,509565,751979,-32.24 ,3.99,1.61,147.83 
2362,藍天,1011131,985878,2.56 ,1876246,-46.11 ,7412059,10074919,-26.43 ,66.5,40.25,65.22 
2363,矽統科技,242963,269416,-9.82 ,441203,-44.93 ,1937794,2448560,-20.86 ,18,10.95,64.38 
2364,倫飛電腦,122591,136643,-10.28 ,102830,19.22 ,1199997,1086642,10.43 ,4.32,2.92,47.95 
2365,昆盈企業,794653,715672,11.04 ,841256,-5.54 ,5980838,4981886,20.05 ,26.5,29.95,-11.52 
2367,燿華,766508,930134,-17.59 ,718844,6.63 ,5883538,5052068,16.46 ,12.85,10,28.50 
2368,金像電,1108554,1071687,3.44 ,1078817,2.76 ,8437879,7611972,10.85 ,10.5,12.9,-18.60 
2369,菱生,606054,626186,-3.22 ,454423,33.37 ,4445160,2987602,48.79 ,20.1,10.5,91.43 
2371,大同,3357218,3505391,-4.23 ,2563820,30.95 ,26071420,19636736,32.77 ,5.36,7.01,-23.54 
2373,震旦行,230555,229462,0.48 ,217451,6.03 ,1720664,1689917,1.82 ,56.5,31.7,78.23 
2374,佳能,4199281,3970440,5.76 ,3515783,19.44 ,33197985,18927862,75.39 ,49.5,58,-14.66 
2375,智寶,29409,51925,-43.36 ,2578,1040.77 ,248639,28384,775.98 ,7.15,4.4,62.50 
2376,技嘉,3756265,4157095,-9.64 ,3988524,-5.82 ,31339606,29450358,6.42 ,26.15,25.75,1.55 
2377,微星科技,6506443,6537136,-0.47 ,7631622,-14.74 ,56176294,51543582,8.99 ,15.7,20.45,-23.23 
2379,瑞昱,1821226,1748411,4.16 ,2097996,-13.19 ,15796577,12853046,22.90 ,63.3,69.5,-8.92 
2380,虹光精密,260124,266769,-2.49 ,273699,-4.96 ,2013355,2117818,-4.93 ,15.6,9.84,58.54 
2382,廣達,85257478,83224269,2.44 ,55800881,52.79 ,688169326,423301568,62.57 ,48.6,68.2,-28.74 
2383,台光電子,412298,421614,-2.21 ,316959,30.08 ,3026584,2384794,26.91 ,28.95,22.65,27.81 
2384,勝華科技,6024036,5116738,17.73 ,2354728,155.83 ,30513377,15633050,95.19 ,39.8,24.1,65.15 
2385,群光電子,1645436,1452723,13.27 ,1732218,-5.01 ,12107959,10214281,18.54 ,57.5,78.8,-27.03 
2387,精元電腦,167417,179532,-6.75 ,132826,26.04 ,1327882,1120056,18.55 ,29.7,33.5,-11.34 
2388,威盛電子,386063,365340,5.67 ,365108,5.74 ,3290841,3213413,2.41 ,22.55,11.1,103.15 
2390,云辰,140618,102197,37.60 ,86829,61.95 ,638744,509612,25.34 ,10,5.75,73.91 
2392,正崴,4649736,4155821,11.88 ,3620611,28.42 ,26055721,20697789,25.89 ,51.8,61.7,-16.05 
2393,億光電子,1631791,1724778,-5.39 ,1116796,46.11 ,11403310,6740977,69.16 ,82.3,91,-9.56 
2395,研華,1546786,1411633,9.57 ,902887,71.32 ,10389616,6670888,55.75 ,72.6,53,36.98 
2397,友通資訊,138034,152498,-9.48 ,102576,34.57 ,1020265,1193168,-14.49 ,32,38.4,-16.67 
2399,映泰,509308,463126,9.97 ,727023,-29.95 ,4575097,5196814,-11.96 ,17.85,24.3,-26.54 
2401,凌陽科技,417423,511306,-18.36 ,747039,-44.12 ,4354555,4052625,7.45 ,22.5,17.85,26.05 
2402,毅嘉科技,344208,383733,-10.30 ,187596,83.48 ,1898795,2543770,-25.36 ,13.45,14.75,-8.81 
2403,友尚,6217229,7347138,-15.38 ,6443566,-3.51 ,57569101,38147280,50.91 ,52.5,23.35,124.84 
2404,漢唐,627786,757585,-17.13 ,120125,422.61 ,4819577,1876470,156.84 ,47.45,14.75,221.69 
2405,浩鑫,434808,280057,55.26 ,81583,432.96 ,1723711,632115,172.69 ,22.8,19.2,18.75 
2406,國碩科技,85974,91573,-6.11 ,95948,-10.40 ,885032,865480,2.26 ,45.3,7.98,467.67 
2408,南科,5259456,5098080,3.17 ,3653544,43.95 ,40195891,21207222,89.54 ,18.3,17,7.65 
2409,友達,41683700,37301044,11.75 ,36911083,12.93 ,307150667,200669393,53.06 ,27.65,33.2,-16.72 
2412,中華電,15512819,15357996,1.01 ,15461199,0.33 ,122643471,120949062,1.40 ,65.5,56.4,16.13 
2413,環科,284133,343285,-17.23 ,239486,18.64 ,2425471,2069693,17.19 ,16.2,11.2,44.64 
2414,精技電腦,1333488,1214096,9.83 ,1287946,3.54 ,9574494,7921879,20.86 ,16.5,16.3,1.23 
2415,錩新,83943,81262,3.30 ,65310,28.53 ,573078,395478,44.91 ,18.2,9.27,96.33 
2417,圓剛,363241,215827,68.30 ,148862,144.01 ,2046414,1128878,81.28 ,39.95,39.7,0.63 
2419,仲琦,624174,567490,9.99 ,303391,105.73 ,3914241,2102623,86.16 ,18.5,15,23.33 
2420,新巨,287159,295417,-2.80 ,218384,31.49 ,2279295,1513005,50.65 ,23.2,14.3,62.24 
2421,建準電機,528088,512262,3.09 ,444983,18.68 ,3860135,3216070,20.03 ,25.3,19.1,32.46 
2423,固緯,122960,136990,-10.24 ,133594,-7.96 ,930191,721994,28.84 ,22.3,16.8,32.74 
2424,隴華電子,41057,15973,157.04 ,3560,1053.29 ,116691,46751,149.60 ,20.15,10,101.50 
2425,承啟,179860,251935,-28.61 ,242966,-25.97 ,1990567,1220756,63.06 ,13.6,9.15,48.63 
2426,鼎元,343167,400508,-14.32 ,255577,34.27 ,2558048,1562446,63.72 ,25.05,19.2,30.47 
2427,三商電腦,139562,188145,-25.82 ,107354,30.00 ,952248,802203,18.70 ,16.9,6.01,181.20 
2428,興勤電子,261390,277354,-5.76 ,193641,34.99 ,1802591,1152854,56.36 ,47.4,32,48.13 
2429,銘旺科,46026,70496,-34.71 ,74670,-38.36 ,465072,545811,-14.79 ,16,2.65,503.77 
2430,燦坤實業,2287153,3007196,-23.94 ,2198744,4.02 ,18806577,18647466,0.85 ,56.7,33.2,70.78 
2431,聯昌電子,275506,288985,-4.66 ,220368,25.02 ,2418076,2298292,5.21 ,20.2,14.35,40.77 
2433,互盛電,108821,115489,-5.77 ,103420,5.22 ,880697,812256,8.43 ,25,16.6,50.60 
2434,統懋,67426,72219,-6.64 ,62616,7.68 ,535966,443229,20.92 ,19,14.35,32.40 
2436,偉詮電,189621,203033,-6.61 ,201993,-6.12 ,1613790,1257684,28.31 ,21.95,23.25,-5.59 
2437,旺詮,148846,130468,14.09 ,76847,93.69 ,854097,538799,58.52 ,60,34.55,73.66 
2438,英誌企業,11761,10209,15.20 ,4725,148.91 ,92388,8536,982.33 ,1.19,0.9,32.22 
2439,美律,563314,593942,-5.16 ,501893,12.24 ,4054448,2899409,39.84 ,51.9,33.65,54.23 
2440,太空梭,174261,197170,-11.62 ,161031,8.22 ,1441325,1127032,27.89 ,10.8,5.8,86.21 
2441,超豐電子,901457,960233,-6.12 ,892363,1.02 ,7505468,5300034,41.61 ,29.4,30.25,-2.81 
2442,新美齊,416231,395390,5.27 ,806583,-48.40 ,4358116,5875146,-25.82 ,9.09,14.15,-35.76 
2443,新利虹,107723,115132,-6.44 ,157433,-31.58 ,885473,1418559,-37.58 ,5.9,3.38,74.56 
2444,友旺科技,183712,224631,-18.22 ,149605,22.80 ,1516980,1114151,36.16 ,12.9,12.3,4.88 
2448,晶電,1935027,1902105,1.73 ,1248698,54.96 ,13111583,7592429,72.69 ,82.6,96.7,-14.58 
2449,京元電,1285812,1316903,-2.36 ,1020293,26.02 ,9734584,6065414,60.49 ,12.9,11.75,9.79 
2450,神腦,1639978,1722421,-4.79 ,1712962,-4.26 ,13047115,12170012,7.21 ,48.45,42,15.36 
2451,創見資訊,2532367,2669310,-5.13 ,2538134,-0.23 ,19983157,20820883,-4.02 ,82.5,109.5,-24.66 
2453,凌群,185201,223720,-17.22 ,202736,-8.65 ,1927040,1366108,41.06 ,14.45,8.8,64.20 
2454,聯發科,6628098,5204480,27.35 ,8515699,-22.17 ,51001784,52340828,-2.56 ,436.5,478,-8.68 
2455,全新,131772,122716,7.38 ,143564,-8.21 ,1130381,938484,20.45 ,51,52.9,-3.59 
2456,奇力新,192260,182646,5.26 ,146845,30.93 ,1432792,1000884,43.15 ,30.3,11.45,164.63 
2457,飛宏科技,1652116,1525708,8.29 ,1021902,61.67 ,9382929,6968655,34.64 ,42,20.9,100.96 
2458,義隆,577655,586534,-1.51 ,453302,27.43 ,4123449,2856988,44.33 ,42.55,45.25,-5.97 
2459,敦吉,530790,594184,-10.67 ,566672,-6.33 ,4487198,3580809,25.31 ,28.25,17.3,63.29 
2460,建通精密,181821,235248,-22.71 ,156892,15.89 ,1581822,1060955,49.09 ,25.25,20.65,22.28 
2461,光群雷射,37560,45725,-17.86 ,39506,-4.93 ,346224,280450,23.45 ,21.45,12.95,65.64 
2462,良得電,341388,377843,-9.65 ,303849,12.35 ,2500472,1895074,31.95 ,35.45,55,-35.55 
2463,研揚科技,214249,176847,21.15 ,138628,54.55 ,1357589,1099200,23.51 ,49.55,43.9,12.87 
2464,盟立,457848,456250,0.35 ,251720,81.89 ,3243726,1943285,66.92 ,29.4,21.85,34.55 
2465,麗臺科技,251379,233569,7.63 ,181390,38.58 ,1980467,1687337,17.37 ,11.2,5.86,91.13 
2466,冠西電,111331,110609,0.65 ,91799,21.28 ,828577,608649,36.13 ,31.75,28.35,11.99 
2467,志聖工業,313151,287919,8.76 ,83734,273.98 ,1795842,772377,132.51 ,21.65,11.25,92.44 
2468,華經,114183,98955,15.39 ,144228,-20.83 ,1009040,1095400,-7.88 ,16.2,10.75,50.70 
2471,資通,54580,41933,30.16 ,46687,16.91 ,451064,395228,14.13 ,24.4,9.28,162.93 
2472,立隆電子,415174,394756,5.17 ,289383,43.47 ,2878176,1921749,49.77 ,21,10.8,94.44 
2473,思源,97094,93287,4.08 ,93418,3.94 ,718658,672059,6.93 ,33.3,22.3,49.33 
2474,可成科技,141253,194261,-27.29 ,51277,175.47 ,893076,690527,29.33 ,70.8,85,-16.71 
2475,華映,5810214,5708709,1.78 ,5822942,-0.22 ,50859151,28679546,77.34 ,4.95,3.65,35.62 
2476,鉅祥,132213,138279,-4.39 ,119249,10.87 ,1111671,781389,42.27 ,23.9,20.95,14.08 
2477,美隆電,329167,384068,-14.29 ,335867,-1.99 ,2337208,1702430,37.29 ,17.6,9.6,83.33 
2478,大毅,239264,220555,8.48 ,151168,58.28 ,1697480,902892,88.00 ,32.6,20.1,62.19 
2480,敦陽科技,300938,373143,-19.35 ,314988,-4.46 ,2441511,2264639,7.81 ,24.5,17.5,40.00 
2481,強茂,516370,450085,14.73 ,407382,26.75 ,3588148,2594773,38.28 ,30.2,17.55,72.08 
2482,連宇,93170,92875,0.32 ,69901,33.29 ,589196,624139,-5.60 ,19.65,19.55,0.51 
2483,百容,126204,130034,-2.95 ,85706,47.25 ,905309,576337,57.08 ,18.6,10.45,77.99 
2484,希華,222754,220812,0.88 ,141116,57.85 ,1497366,915578,63.54 ,15.2,11.3,34.51 
2485,兆赫電子,803382,751941,6.84 ,729010,10.20 ,5757339,6087316,-5.42 ,50,60.5,-17.36 
2486,一詮精密,366469,428556,-14.49 ,295909,23.85 ,3038826,1750351,73.61 ,37.65,43.6,-13.65 
2488,漢平,150605,134408,12.05 ,104175,44.57 ,924717,795943,16.18 ,13.95,12.4,12.50 
2489,瑞軒,4525568,5139487,-11.95 ,5359048,-15.55 ,37365648,41042453,-8.96 ,24.2,24.5,-1.22 
2491,吉祥全,26839,23598,13.73 ,23927,12.17 ,193902,180193,7.61 ,3.27,2.56,27.73 
2492,華新科,761761,796376,-4.35 ,680100,12.01 ,5969803,4463048,33.76 ,16.25,12.6,28.97 
2493,揚博科技,162626,176534,-7.88 ,62592,159.82 ,1168677,513187,127.73 ,17.35,10.7,62.15 
2495,普安,141387,162833,-13.17 ,140659,0.52 ,1402299,1406474,-0.30 ,40.4,35.8,12.85 
2496,卓越光纖,10269,8159,25.86 ,14111,-27.23 ,79386,114374,-30.59 ,8.7,1.42,512.68 
2497,怡利電子,54829,62812,-12.71 ,65154,-15.85 ,493008,284186,73.48 ,21.2,18.05,17.45 
2498,宏達電,23385865,24451970,-4.36 ,11347400,106.09 ,146067598,91971110,58.82 ,585,331,76.74 
2499,東貝光電,669946,702060,-4.57 ,424169,57.94 ,4623567,2316367,99.60 ,47.4,43.4,9.22 
2501,國建,292613,543065,-46.12 ,329437,-11.18 ,3506570,2298180,52.58 ,14.8,12.1,22.31 
2504,國產,804674,812494,-0.96 ,634906,26.74 ,5983629,5260241,13.75 ,14.2,15.95,-10.97 
2505,國揚實業,54639,101128,-45.97 ,13396,307.88 ,713200,281780,153.11 ,20,14.5,37.93 
2506,太設,85133,100855,-15.59 ,152946,-44.34 ,1440347,1613848,-10.75 ,4.53,3.31,36.86 
2509,全坤建,56120,44714,25.51 ,312500,-82.04 ,1141624,910329,25.41 ,24,25.6,-6.25 
2511,太子,1097719,1027297,6.86 ,780613,40.62 ,6479517,3238140,100.10 ,18.3,12.9,41.86 
2514,龍邦國際,5616,13296,-57.76 ,5249,6.99 ,67710,47851,41.50 ,12.4,10.15,22.17 
2515,中工,1067218,1127305,-5.33 ,824297,29.47 ,9375260,8706673,7.68 ,7.53,9.12,-17.43 
2516,新亞,574685,812528,-29.27 ,691797,-16.93 ,4831197,5312868,-9.07 ,7.9,7.76,1.80 
2520,冠德,296180,229995,28.78 ,540313,-45.18 ,4463084,2809988,58.83 ,26.1,15.9,64.15 
2524,京城,309039,269852,14.52 ,356692,-13.36 ,2222230,2082248,6.72 ,27.75,23.75,16.84 
2527,宏璟,19261,20175,-4.53 ,352861,-94.54 ,265910,509403,-47.80 ,18,16.1,11.80 
2528,皇普建設,210,210,0.00 ,36007,-99.42 ,5067,141300,-96.41 ,18,3.04,492.11 
2530,華建,101141,58034,74.28 ,35962,181.24 ,1309348,1158292,13.04 ,12.4,7.64,62.30 
2534,宏盛,98662,75435,30.79 ,373308,-73.57 ,2308638,1445750,59.68 ,17.1,12.55,36.25 
2535,達工,686092,829069,-17.25 ,935442,-26.66 ,7202938,6982577,3.16 ,17,21.6,-21.30 
2536,宏普建設,446129,477604,-6.59 ,1211436,-63.17 ,2970705,4514027,-34.19 ,42.5,37.65,12.88 
2537,聯上開發,75,52,44.23 ,87755,-99.91 ,84673,442343,-80.86 ,15.1,12.1,24.79 
2538,基泰建設,153864,55457,177.45 ,180219,-14.62 ,1658269,1733298,-4.33 ,15.15,13.65,10.99 
2539,櫻花建設,45415,34188,32.84 ,36741,23.61 ,520737,378510,37.58 ,21.6,28.2,-23.40 
2540,金尚昌,0,0,NA,0,NA,0,0,NA,8.2,7.5,9.33 
2542,興富發,1679536,1402441,19.76 ,1268654,32.39 ,16317923,9655765,69.00 ,50.8,35.8,41.90 
2543,皇昌營造,504092,382684,31.73 ,480190,4.98 ,3253796,2593640,25.45 ,6.42,6.47,-0.77 
2545,皇翔,31902,42515,-24.96 ,713885,-95.53 ,525268,5390619,-90.26 ,62.6,54.1,15.71 
2546,根基,524397,690470,-24.05 ,239082,119.34 ,3920757,2424998,61.68 ,28.8,19.4,48.45 
2547,日勝,502989,535325,-6.04 ,104840,379.77 ,4924862,2254188,118.48 ,39.2,21.75,80.23 
2548,華固建設,476058,1040015,-54.23 ,791135,-39.83 ,6400957,6755207,-5.24 ,83.4,71,17.46 
2597,潤弘精密,446628,335277,33.21 ,313189,42.61 ,3634809,3785681,-3.99 ,47,25,88.00 
2601,益航,20231,22681,-10.80 ,20253,-0.11 ,166834,160833,3.73 ,61.1,36.45,67.63 
2603,長榮海運,1467756,1432065,2.49 ,1178761,24.52 ,11489823,10084759,13.93 ,21.25,19.9,6.78 
2605,新興,17598,5937,196.41 ,7137,146.57 ,128507,197098,-34.80 ,36.4,37.5,-2.93 
2606,裕民,142267,164192,-13.35 ,177085,-19.66 ,1441361,1189935,21.13 ,61.9,53.3,16.14 
2607,榮運,345545,347442,-0.55 ,346239,-0.20 ,2691208,2493856,7.91 ,24.7,23.9,3.35 
2608,大榮貨運,496044,492978,0.62 ,431635,14.92 ,3679008,3136445,17.30 ,31.25,16,95.31 
2609,陽明海運,12003714,10902311,10.10 ,6235618,92.50 ,71290527,46958883,51.81 ,19,12.25,55.10 
2610,華航,12375476,13238515,-6.52 ,8522891,45.20 ,92332134,59312815,55.67 ,19.1,7.75,146.45 
2611,志信,36352,36193,0.44 ,39809,-8.68 ,301575,503848,-40.15 ,13.5,13.15,2.66 
2612,中航,129999,131392,-1.06 ,123384,5.36 ,1044109,898688,16.18 ,68.7,85.8,-19.93 
2613,中櫃,215385,210577,2.28 ,152063,41.64 ,1572194,942291,66.85 ,18.05,16.9,6.80 
2614,東森,569007,383219,48.48 ,295777,92.38 ,3527001,2603708,35.46 ,7.87,6.27,25.52 
2615,萬海,6247126,6158160,1.44 ,4069154,53.52 ,41783197,30087493,38.87 ,20.5,16.35,25.38 
2616,山隆通運,1264365,1271173,-0.54 ,961699,31.47 ,9487805,6587162,44.03 ,15.95,13.05,22.22 
2617,台航,148134,131074,13.02 ,143957,2.90 ,945678,1533277,-38.32 ,36.5,53.6,-31.90 
2618,長榮航,9843930,9826220,0.18 ,6603996,49.06 ,69810989,45207210,54.42 ,22.75,7.56,200.93 
2701,萬企,31245,30497,2.45 ,24376,28.18 ,226390,191704,18.09 ,18,13.3,35.34 
2702,華園,12799,14349,-10.80 ,10873,17.71 ,116606,116433,0.15 ,28.5,25.15,13.32 
2704,國賓,187912,208784,-10.00 ,195573,-3.92 ,1709902,1553766,10.05 ,43.7,28.9,51.21 
2705,六福,255152,229386,11.23 ,250923,1.69 ,1599247,1451140,10.21 ,19.35,15.25,26.89 
2706,第一店,27110,26884,0.84 ,27455,-1.26 ,216442,213699,1.28 ,32.35,23.85,35.64 
2707,晶華酒店,276122,295428,-6.53 ,270051,2.25 ,2305841,1916345,20.32 ,514,391,31.46 
2801,彰化銀行,2195762,2028615,8.24 ,1572115,39.67 ,16884479,13867618,21.75 ,18.2,13.75,32.36 
2809,京城銀行,324775,323105,0.52 ,239179,35.79 ,2427574,1758723,38.03 ,13.75,7.3,88.36 
2812,台中銀行,445543,503796,-11.56 ,393170,13.32 ,3500296,1646336,112.61 ,10.25,7.68,33.46 
2816,旺旺保險,814784,1004123,-18.86 ,1745658,-53.33 ,10554803,11675488,-9.60 ,19.05,22.1,-13.80 
2820,華票,227967,196494,16.02 ,185805,22.69 ,1427279,2239825,-36.28 ,8.39,9.1,-7.80 
2823,中壽,16923226,12477051,35.63 ,15830414,6.90 ,117594642,111878979,5.11 ,26,19.2,35.42 
2832,台產,779605,754041,3.39 ,757477,2.92 ,6281425,6689551,-6.10 ,25.95,24.35,6.57 
2833,台灣人壽,6131232,6194974,-1.03 ,6190158,-0.95 ,53197096,51070522,4.16 ,32.3,24.35,32.65 
2834,臺灣企銀,1299858,1309977,-0.77 ,1075946,20.81 ,10446516,9501910,9.94 ,9.3,7.7,20.78 
2836,高銀,242850,210998,15.10 ,179925,34.97 ,1629202,1053189,54.69 ,11.85,9.35,26.74 
2837,萬泰銀行,90585,72378,25.16 ,-3476,NA,302765,-867909,NA,6.68,3.5,90.86 
2838,聯邦銀行,650389,545439,19.24 ,487308,33.47 ,4664922,4045078,15.32 ,8.36,5.94,40.74 
2841,台灣土地,24507,8510,187.98 ,30824,-20.49 ,286693,69205,314.27 ,14.05,13.05,7.66 
2845,遠東商銀,625439,625322,0.02 ,489787,27.70 ,4908718,3728175,31.67 ,13.4,7.1,88.73 
2847,大眾銀行,698818,735129,-4.94 ,551057,26.81 ,5179250,4078432,26.99 ,8.06,5,61.20 
2849,安泰銀行,661902,474594,39.47 ,1977112,-66.52 ,3458980,2775508,24.63 ,13.3,8.09,64.40 
2850,新產,1113929,1454025,-23.39 ,1101588,1.12 ,15851888,14130747,12.18 ,26.5,11.25,135.56 
2851,中再保,1094153,272619,301.35 ,722590,51.42 ,8224136,8284060,-0.72 ,15,11.2,33.93 
2852,第一保,824116,919494,-10.37 ,643603,28.05 ,7132693,6454082,10.51 ,13.4,9.91,35.22 
2854,寶來證券,545515,692932,-21.27 ,307285,77.53 ,4105654,3903627,5.18 ,14.25,15.95,-10.66 
2855,統一證券,604492,529187,14.23 ,187792,221.89 ,3301060,3989061,-17.25 ,16.1,16.4,-1.83 
2856,元富證券,2518148,2363307,6.55 ,2176684,15.69 ,15006968,16480602,-8.94 ,11.4,11,3.64 
2880,華南金,695020,865695,-19.72 ,404854,71.67 ,4795365,3017116,58.94 ,18.8,17.9,5.03 
2881,富邦金,3291560,5394360,-38.98 ,-1004045,NA,19945096,12705294,56.98 ,37.35,30.75,21.46 
2882,國泰金,1794926,1434613,25.12 ,903520,98.66 ,2838033,7010991,-59.52 ,46.1,46.05,0.11 
2883,開發金,973236,1267512,-23.22 ,1329123,-26.78 ,5308938,5221121,1.68 ,8.77,7.59,15.55 
2884,玉山金控,337069,357374,-5.68 ,206318,63.37 ,2845035,1339206,112.44 ,14.35,10.2,40.69 
2885,元大金,907696,857804,5.82 ,578780,56.83 ,5014172,5218085,-3.91 ,18.2,20.35,-10.57 
2886,兆豐金,1343370,1538168,-12.66 ,1249457,7.52 ,11142330,11325269,-1.62 ,19.35,16.4,17.99 
2887,台新金控,912298,1014140,-10.04 ,-2934753,NA,6331546,518973,1120.01 ,13.1,10.9,20.18 
2888,新光金,1956955,1877239,4.25 ,1560568,25.40 ,1158250,324182,257.28 ,10.65,11.3,-5.75 
2889,國票金控,207580,241731,-14.13 ,146083,42.10 ,1213471,2058704,-41.06 ,9.67,10.05,-3.78 
2890,永豐金控,484427,823452,-41.17 ,451373,7.32 ,3278399,705616,364.62 ,11.25,9.87,13.98 
2891,中信金,1472652,1422751,3.51 ,522223,182.00 ,10733809,1262320,750.32 ,17.95,18.3,-1.91 
2892,第一金控,934763,845017,10.62 ,323522,188.93 ,4482994,4517276,-0.76 ,18.5,17.85,3.64 
2901,欣欣大眾,62208,63883,-2.62 ,57128,8.89 ,456723,447997,1.95 ,28.1,24.5,14.69 
2903,遠百,1705739,1921202,-11.22 ,1576747,8.18 ,14506135,13106838,10.68 ,31.7,28.7,10.45 
2904,匯僑,33564,32467,3.38 ,29538,13.63 ,254867,209715,21.53 ,12.8,11.7,9.40 
2905,三商行,749334,643796,16.39 ,721936,3.80 ,5116933,5188115,-1.37 ,19.85,12.2,62.70 
2906,高林實,358844,463700,-22.61 ,378053,-5.08 ,2433259,2393663,1.65 ,14.45,8.45,71.01 
2908,特力,1073174,1066497,0.63 ,813962,31.85 ,7878807,7064518,11.53 ,21.8,15.1,44.37 
2910,統領,146803,146968,-0.11 ,138420,6.06 ,1194875,1129084,5.83 ,24.8,22.35,10.96 
2911,麗嬰房,182771,170588,7.14 ,174954,4.47 ,1476054,1491008,-1.00 ,39.75,26.3,51.14 
2912,統一超,10189891,10289154,-0.96 ,8813036,15.62 ,75445712,67530117,11.72 ,118.5,75.8,56.33 
2913,台灣農林,101748,117513,-13.42 ,74995,35.67 ,746084,402169,85.52 ,18.7,13.3,40.60 
2915,潤泰全球,444996,458789,-3.01 ,389053,14.38 ,3216636,3039099,5.84 ,94.6,38.2,147.64 
3002,歐格電子,54706,54796,-0.16 ,81114,-32.56 ,463982,482141,-3.77 ,18.3,19.4,-5.67 
3003,健和興,211163,175341,20.43 ,116511,81.24 ,1343085,781785,71.80 ,30.25,17.3,74.86 
3004,豐達科技,45309,56869,-20.33 ,44950,0.80 ,507359,452539,12.11 ,15.2,7.1,114.08 
3005,神基科技,527328,453902,16.18 ,414178,27.32 ,3434410,3912839,-12.23 ,16.45,29.2,-43.66 
3006,晶豪科技,485851,578347,-15.99 ,452195,7.44 ,5453552,2815967,93.67 ,49.15,46.7,5.25 
3008,大立光,804918,876610,-8.18 ,643098,25.16 ,5744465,3438500,67.06 ,578,400,44.50 
3010,華立,1652319,1510065,9.42 ,1200413,37.65 ,11947458,7793682,53.30 ,47.7,34.3,39.07 
3011,今皓,71390,71948,-0.78 ,74370,-4.01 ,552699,442915,24.79 ,11.2,11.4,-1.75 
3013,晟銘電子,238587,269428,-11.45 ,253592,-5.92 ,2655200,1931394,37.48 ,24.1,8.8,173.86 
3014,聯陽,307845,328155,-6.19 ,359696,-14.42 ,2869098,2570026,11.64 ,50,63.1,-20.76 
3015,全漢,1497180,1432428,4.52 ,1240916,20.65 ,10838276,8341256,29.94 ,37,28.5,29.82 
3016,嘉晶,80789,83187,-2.88 ,47188,71.21 ,618903,299602,106.58 ,34.3,28.35,20.99 
3017,奇鋐科技,987382,1051315,-6.08 ,724616,36.26 ,8357670,5275865,58.41 ,34.25,30.2,13.41 
3018,同開科技,23227,23239,-0.05 ,14671,58.32 ,357343,138836,157.38 ,18.05,10.15,77.83 
3019,亞洲光學,347063,339068,2.36 ,468425,-25.91 ,2214712,2416575,-8.35 ,45.3,49.5,-8.48 
3021,衛展資訊,43396,31551,37.54 ,39651,9.44 ,318860,346609,-8.01 ,13.25,8.86,49.55 
3022,威達電,592438,433455,36.68 ,400741,47.84 ,2965383,1718710,72.54 ,36.1,36.4,-0.82 
3023,信邦電子,208571,240200,-13.17 ,123561,68.80 ,1598412,995787,60.52 ,23.8,18.6,27.96 
3024,憶聲,130081,46794,177.99 ,148889,-12.63 ,653122,486367,34.29 ,10.55,7.98,32.21 
3025,星通,47583,78665,-39.51 ,55421,-14.14 ,471671,432446,9.07 ,15.7,11.9,31.93 
3026,禾伸堂,1014038,962347,5.37 ,1011793,0.22 ,8087271,7241125,11.69 ,36.5,33.1,10.27 
3027,盛達電業,149374,122901,21.54 ,158925,-6.01 ,1001863,897994,11.57 ,19.55,14.55,34.36 
3028,增你強,1901188,2230854,-14.78 ,1589280,19.63 ,16676897,10862497,53.53 ,18.15,16.25,11.69 
3029,零壹科技,328186,362649,-9.50 ,247408,32.65 ,2183660,1696223,28.74 ,28.25,8.29,240.77 
3030,德律科技,432598,308395,40.27 ,176595,144.97 ,2558585,874980,192.42 ,41,23.4,75.21 
3031,佰鴻工業,489426,473725,3.31 ,433286,12.96 ,3514071,2447896,43.55 ,33.95,35,-3.00 
3032,偉訓科技,198964,175421,13.42 ,126654,57.09 ,1553913,904531,71.79 ,14.2,10.15,39.90 
3033,威健,1686075,1597713,5.53 ,1050255,60.54 ,11834416,8325306,42.15 ,21.5,15.4,39.61 
3034,聯詠,3213185,3127836,2.73 ,2909186,10.45 ,24451984,16891286,44.76 ,76.4,77.3,-1.16 
3035,智原,550039,571374,-3.73 ,511351,7.57 ,4195871,3327866,26.08 ,52.3,52.3,0.00 
3036,文曄科技,5047181,4966574,1.62 ,3980337,26.80 ,36426571,26324684,38.37 ,36.55,22,66.14 
3037,欣興電子,4438623,4241515,4.65 ,3019421,47.00 ,32663793,19362190,68.70 ,50.7,34.65,46.32 
3038,全台,382382,343815,11.22 ,236179,61.90 ,2479657,1679187,47.67 ,14.25,8.05,77.02 
3040,遠見,24181,19240,25.68 ,22392,7.99 ,154132,150830,2.19 ,12.4,10.2,21.57 
3041,揚智,327371,264651,23.70 ,514716,-36.40 ,2962030,2898398,2.20 ,46.9,60.4,-22.35 
3042,晶技,693050,676540,2.44 ,599952,15.52 ,5137213,4010355,28.10 ,54,40.05,34.83 
3043,科風,734518,651777,12.69 ,208377,252.49 ,3769925,1570563,140.04 ,85.1,21.2,301.42 
3044,健鼎科技,457429,468514,-2.37 ,423647,7.97 ,3171135,2499230,26.88 ,110,73.2,50.27 
3045,台灣大,4882509,4935549,-1.07 ,4934489,-1.05 ,38616845,38199002,1.09 ,63,51.7,21.86 
3046,建碁,178691,179590,-0.50 ,124135,43.95 ,1340029,1093666,22.53 ,11.5,9.05,27.07 
3047,訊舟科技,224498,220980,1.59 ,202137,11.06 ,2141414,1552383,37.94 ,18.1,13.35,35.58 
3048,益登,3440960,3217187,6.96 ,2875188,19.68 ,24212144,17923638,35.08 ,15.4,10.15,51.72 
3049,和鑫,573206,548568,4.49 ,442703,29.48 ,3781682,2765603,36.74 ,18.2,15.5,17.42 
3050,鈺德科技,78714,88742,-11.30 ,82366,-4.43 ,736158,728568,1.04 ,12.6,11.9,5.88 
3051,力特光電,442211,515845,-14.27 ,379199,16.62 ,3984615,3350202,18.94 ,7.4,1.17,532.48 
3052,夆典,232421,157058,47.98 ,239863,-3.10 ,1620357,1891200,-14.32 ,14.3,12.95,10.42 
3054,萬國,60679,96381,-37.04 ,110603,-45.14 ,597348,799541,-25.29 ,15.4,20.6,-25.24 
3055,蔚華科技,335821,463796,-27.59 ,233335,43.92 ,3636448,1450792,150.65 ,24.75,16,54.69 
3056,駿億電子,6267,5986,4.69 ,8742,-28.31 ,130653,58615,122.90 ,18.95,13.25,43.02 
3057,喬鼎資訊,164622,104544,57.47 ,123427,33.38 ,919492,806930,13.95 ,21.2,15.4,37.66 
3058,立德電子,516256,460018,12.23 ,336606,53.37 ,3299668,2223638,48.39 ,21.05,17.5,20.29 
3059,華晶科技,2506722,2044904,22.58 ,2271510,10.35 ,16303045,9386986,73.68 ,47.25,54.3,-12.98 
3060,銘異,490735,513235,-4.38 ,433955,13.08 ,4368538,3595261,21.51 ,53,25.95,104.24 
3061,璨圓光電,500543,536318,-6.67 ,224335,123.12 ,3132845,1117101,180.44 ,38.45,38.5,-0.13 
3062,建漢科技,829641,893995,-7.20 ,934862,-11.26 ,8394327,7884325,6.47 ,34.6,38,-8.95 
3080,威力盟,762258,713611,6.82 ,736372,3.52 ,5714104,4325324,32.11 ,26.7,31.8,-16.04 
3090,日電貿,202460,226731,-10.70 ,168453,20.19 ,1738021,1104620,57.34 ,30.6,23.05,32.75 
3094,聯傑國際,49059,41751,17.50 ,50456,-2.77 ,373929,328474,13.84 ,43.2,35.65,21.18 
3130,一零四,92601,94165,-1.66 ,75812,22.15 ,679006,518361,30.99 ,114.5,70,63.57 
3164,景岳生技,24103,22177,8.68 ,17807,35.36 ,214179,125422,70.77 ,80.1,30.5,162.62 
3189,景碩科技,1322495,1371720,-3.59 ,1110979,19.04 ,9466329,6727985,40.70 ,64,68.5,-6.57 
3209,全科,857226,852427,0.56 ,596772,43.64 ,6210009,3802748,63.30 ,30.1,19,58.42 
3229,晟鈦,84754,95856,-11.58 ,81446,4.06 ,674982,487222,38.54 ,15.6,11.65,33.91 
3231,緯創,44872932,43283088,3.67 ,45035104,-0.36 ,353464255,320981805,10.12 ,50.1,63.8,-21.47 
3296,勝德國際,404931,372892,8.59 ,353740,14.47 ,2688443,2308921,16.44 ,41.5,28.1,47.69 
3305,昇貿科技,289280,339842,-14.88 ,232856,24.23 ,2188560,1684591,29.92 ,50.5,73.9,-31.66 
3308,聯德電子,290156,293350,-1.09 ,258199,12.38 ,2450607,2300163,6.54 ,20.45,18.85,8.49 
3311,閎暉,571460,660708,-13.51 ,419747,36.14 ,3651321,2576657,41.71 ,88.6,76.1,16.43 
3315,宣昶,551585,604118,-8.70 ,725361,-23.96 ,5187925,4409237,17.66 ,36.1,24.4,47.95 
3356,奇偶科技,97451,108251,-9.98 ,98679,-1.24 ,792386,731641,8.30 ,99.2,121.5,-18.35 
3367,英華達,2994467,3059953,-2.14 ,3245051,-7.72 ,25350073,18213924,39.18 ,22.9,29.5,-22.37 
3376,新日興,201800,188745,6.92 ,315351,-36.01 ,1868746,2488777,-24.91 ,72.4,179.5,-59.67 
3380,明泰科技,2336534,1907731,22.48 ,1495683,56.22 ,15618775,9755713,60.10 ,22.15,23,-3.70 
3383,新世紀,302456,281120,7.59 ,79247,281.66 ,1671820,648956,157.62 ,42.55,34.1,24.78 
3406,玉晶光,306935,147390,108.25 ,24755,1139.89 ,975172,317797,206.85 ,91.2,43.4,110.14 
3419,譁裕,132010,112430,17.42 ,131983,0.02 ,1060322,941155,12.66 ,17.65,13.8,27.90 
3443,創意電子,888819,983114,-9.59 ,746860,19.01 ,6595067,5385832,22.45 ,105.5,145,-27.24 
3450,聯鈞,241852,239787,0.86 ,142531,69.68 ,1622656,622310,160.75 ,67,26.4,153.79 
3474,華亞科,3205313,3160235,1.43 ,3179847,0.80 ,29141883,19876676,46.61 ,15.45,18.5,-16.49 
3481,奇美電子,44735254,44938276,-0.45 ,16003267,179.54 ,300345236,100539553,198.73 ,33.1,36.85,-10.18 
3494,誠研科技,191240,128231,49.14 ,112279,70.33 ,1142039,1020940,11.86 ,37.9,16.7,126.95 
3501,維熹科技,368134,388553,-5.26 ,369157,-0.28 ,3025868,2356894,28.38 ,51.6,51.8,-0.39 
3504,揚明光學,541469,570637,-5.11 ,385575,40.43 ,3454193,3040096,13.62 ,172,139,23.74 
3514,昱晶能源,2588831,2432660,6.42 ,1245733,107.82 ,17566147,8493490,106.82 ,93.2,41.1,126.76 
3515,華擎,796221,812014,-1.94 ,866803,-8.14 ,6066701,5830368,4.05 ,108.5,123,-11.79 
3518,柏騰科技,14619,12162,20.20 ,16145,-9.45 ,422174,251862,67.62 ,70.1,88,-20.34 
3519,綠能,1534913,1520276,0.96 ,913941,67.94 ,10059364,5126446,96.22 ,77.5,73.7,5.16 
3532,台勝科,930689,816477,13.99 ,633187,46.98 ,6559164,3983266,64.67 ,58.1,65,-10.62 
3533,嘉澤端子,521864,490686,6.35 ,360716,44.67 ,4032074,2136178,88.75 ,169.5,63.8,165.67 
3534,雷凌科技,654047,687727,-4.90 ,501228,30.49 ,4982306,2937343,69.62 ,114,80.3,41.97 
3535,晶彩科,157548,93299,68.86 ,49796,216.39 ,578821,151232,282.74 ,35.25,17.8,98.03 
3536,誠創科技,37231,45942,-18.96 ,48841,-23.77 ,531520,311461,70.65 ,6.34,8.88,-28.60 
3545,旭曜,537222,519329,3.45 ,495019,8.53 ,3701051,2821155,31.19 ,48.5,47.75,1.57 
3557,嘉威光電,124607,153542,-18.85 ,180752,-31.06 ,1286032,1087190,18.29 ,24.6,39.95,-38.42 
3559,全智科,97011,101736,-4.64 ,64968,49.32 ,720879,430172,67.58 ,21,13.5,55.56 
3561,昇陽科,1164287,964983,20.65 ,247636,370.16 ,5687084,1861017,205.59 ,91.2,19.5,367.69 
3573,穎台,352068,350209,0.53 ,305859,15.11 ,2871039,1764546,62.71 ,108,154,-29.87 
3576,新日光,2004920,1764761,13.61 ,1099888,82.28 ,11254943,5945564,89.30 ,83.3,37,125.14 
3579,尚志,60452,71860,-15.88 ,51029,18.47 ,485862,325556,49.24 ,86.5,65.63,31.80 
3584,介面光電,544081,435567,24.91 ,378388,43.79 ,3139565,2368427,32.56 ,111.5,63.38,75.92 
3588,通嘉,105232,125302,-16.02 ,106726,-1.40 ,880026,555133,58.53 ,145,218,-33.49 
3593,力銘,419505,368571,13.82 ,451478,-7.08 ,2874637,2818809,1.98 ,30.75,31.5,-2.38 
3596,智易科技,1353615,1308774,3.43 ,1114056,21.50 ,10844966,6701479,61.83 ,57.6,73.9,-22.06 
3605,宏致,203670,240060,-15.16 ,252845,-19.45 ,1799581,1428772,25.95 ,95,140,-32.14 
3607,谷崧,543652,440108,23.53 ,461166,17.89 ,3536588,3322796,6.43 ,60,85.76,-30.04 
3614,誠致科技,286567,254259,12.71 ,172904,65.74 ,1988804,1267971,56.85 ,135.5,76.6,76.89 
3617,碩天科技,401372,358931,11.82 ,265757,51.03 ,2166578,2020738,7.22 ,74.9,103.53,-27.65 
3622,洋華,1655264,1291777,28.14 ,1190310,39.06 ,10833141,7404854,46.30 ,338,346.5,-2.45 
3638,IML,0,0,NA,0,NA,0,0,NA,146,0,NA
3653,健策,269688,336314,-19.81 ,178403,51.17 ,2152072,1232499,74.61 ,182.5,117.14,55.80 
3686,達能,284240,256560,10.79 ,115164,146.81 ,1887920,720178,162.15 ,60.1,0,NA
3701,大眾投控,4049,4045,0.10 ,4236,-4.41 ,151844,34537,339.66 ,4.31,3.66,17.76 
3702,大聯大,419416,440608,-4.81 ,404651,3.65 ,3762879,2260625,66.45 ,59.4,42.5,39.76 
3703,欣陸投控,266093,162881,63.37 ,0,NA,941589,0,NA,11.4,0,NA
3704,合勤控,0,,NA,0,NA,0,0,NA,17.5,0,NA
4104,佳醫,246871,261005,-5.42 ,225840,9.31 ,1958224,1862633,5.13 ,74.7,63.2,18.20 
4106,雃博,131255,116893,12.29 ,115228,13.91 ,1050126,946553,10.94 ,34.5,31.8,8.49 
4108,懷特,6935,6548,5.91 ,1373,405.10 ,44590,12231,264.57 ,47,49.55,-5.15 
4119,旭富製藥,85776,72380,18.51 ,66032,29.90 ,627734,593434,5.78 ,65.5,74.5,-12.08 
4133,亞諾法,38232,42910,-10.90 ,31063,23.08 ,322455,260415,23.82 ,95.9,99.02,-3.15 
4306,炎洲,358922,338484,6.04 ,321667,11.58 ,2813736,2414308,16.54 ,27.2,21.35,27.40 
4414,如興,187965,201841,-6.87 ,161221,16.59 ,1565532,1422804,10.03 ,4.75,2.79,70.25 
4526,東台,775231,740844,4.64 ,157244,393.01 ,4308756,1517482,183.94 ,30.4,19.6,55.10 
4532,瑞智精密,497245,493011,0.86 ,107247,363.64 ,3480228,1061858,227.75 ,13.95,7.84,77.93 
4725,信昌化,2196504,2324410,-5.50 ,1456991,50.76 ,16476959,8845019,86.29 ,66.6,27.15,145.30 
4904,遠傳,4915060,4922812,-0.16 ,4731827,3.87 ,38366674,35643792,7.64 ,41.5,37.15,11.71 
4906,正文,2008446,1837191,9.32 ,1010397,98.78 ,11908922,10164758,17.16 ,43,50.5,-14.85 
4930,燦星網通,55697,87417,-36.29 ,0,NA,585645,0,NA,40.3,0,NA
4938,和碩,23678302,20347192,16.37 ,29956377,-20.96 ,204185881,190521320,7.17 ,40.1,0,NA
5203,訊連,131288,135006,-2.75 ,209752,-37.41 ,1702263,1548670,9.92 ,126.5,130.5,-3.07 
5305,敦南科技,811630,862830,-5.93 ,732501,10.80 ,6391479,4608568,38.69 ,18.05,19.2,-5.99 
5388,中磊電子,661987,589660,12.27 ,573821,15.36 ,4880495,4162965,17.24 ,21.4,15.4,38.96 
5434,崇越科技,1059444,1054888,0.43 ,761161,39.19 ,7507285,5344527,40.47 ,37.3,30.35,22.90 
5469,瀚宇博德,190256,189155,0.58 ,193107,-1.48 ,1426056,1313878,8.54 ,24.3,26.5,-8.30 
5471,松翰科技,379316,379274,0.01 ,382093,-0.73 ,2950716,2293287,28.67 ,61.7,59.9,3.01 
5484,慧友電子,177118,194965,-9.15 ,162810,8.79 ,1378432,1255425,9.80 ,19.6,22.15,-11.51 
5515,建國工程,369909,424663,-12.89 ,336608,9.89 ,2983985,3244329,-8.02 ,16.15,17,-5.00 
5522,遠雄建設,509442,300308,69.64 ,1700865,-70.05 ,14963559,8999727,66.27 ,69.2,58.4,18.49 
5525,順天建設,14136,49789,-71.61 ,30086,-53.01 ,666866,344495,93.58 ,16.75,16.7,0.30 
5531,鄉林建設,89246,252129,-64.60 ,23152,285.48 ,1983160,1593102,24.48 ,31,30.6,1.31 
5533,皇鼎建設,1433287,86651,1554.09 ,224937,537.19 ,2848883,2280886,24.90 ,20.65,21.9,-5.71 
5534,長虹,887270,460837,92.53 ,395584,124.29 ,4914331,2060397,138.51 ,73.6,51.2,43.75 
5607,遠雄港,1087,16779,-93.52 ,1634,-33.48 ,17922,11945,50.04 ,28.4,30.4,-6.58 
5608,四維航業,57249,49004,16.83 ,45691,25.30 ,380233,327300,16.17 ,39.05,44.55,-12.35 
5854,合庫,2626031,2727888,-3.73 ,2369412,10.83 ,21341893,21718086,-1.73 ,20,18.15,10.19 
6005,群益證券,414960,545989,-24.00 ,320517,29.47 ,3408949,4192796,-18.70 ,14,13.7,2.19 
6012,金鼎證券,205522,226678,-9.33 ,180386,13.93 ,1706721,2361382,-27.72 ,11.95,7.36,62.36 
6108,競國實業,216587,206689,4.79 ,195698,10.67 ,1661913,1211269,37.20 ,28.95,30.2,-4.14 
6112,聚碩,334569,350109,-4.44 ,270200,23.82 ,2651788,1915563,38.43 ,20.9,14.45,44.64 
6115,鎰勝,512682,475740,7.77 ,473753,8.22 ,3916493,3028209,29.33 ,46,62.1,-25.93 
6116,彩晶,4108984,4752441,-13.54 ,6102946,-32.67 ,40772873,31235585,30.53 ,5.87,6.9,-14.93 
6117,迎廣科技,167145,173618,-3.73 ,233143,-28.31 ,1913996,1441144,32.81 ,16.4,14.55,12.71 
6119,大傳,505817,581443,-13.01 ,643496,-21.40 ,4557728,3890953,17.14 ,12.9,10.5,22.86 
6120,輔祥,2182720,2180118,0.12 ,915354,138.46 ,15215957,5897990,157.99 ,26.6,26.15,1.72 
6128,上福全球,145356,151514,-4.06 ,150284,-3.28 ,1184466,1000261,18.42 ,39.5,33.6,17.56 
6131,悠克電子,169726,161591,5.03 ,131495,29.07 ,1036180,1004237,3.18 ,18.2,15.55,17.04 
6133,金橋科技,77166,78050,-1.13 ,65322,18.13 ,610488,486211,25.56 ,12.85,10.9,17.89 
6136,富爾特,73880,77641,-4.84 ,102469,-27.90 ,600833,901184,-33.33 ,31.15,21.2,46.93 
6139,亞翔工程,577764,643835,-10.26 ,305926,88.86 ,3234468,2373679,36.26 ,29.9,25.75,16.12 
6141,柏承科技,101302,97390,4.02 ,76018,33.26 ,743422,511981,45.20 ,19.95,15.5,28.71 
6142,友勁科技,1202969,1209398,-0.53 ,882439,36.32 ,9502385,6898715,37.74 ,14.8,14.25,3.86 
6145,勁永國際,1111318,1294495,-14.15 ,1376323,-19.25 ,14454963,8122756,77.96 ,19.1,17.2,11.05 
6152,百一電子,901132,709021,27.10 ,493023,82.78 ,5009730,4086179,22.60 ,29.25,33.3,-12.16 
6153,嘉聯益,547229,552561,-0.96 ,703826,-22.25 ,3942586,4259827,-7.45 ,35.75,15.4,132.14 
6155,鈞寶,52255,51243,1.97 ,67736,-22.85 ,417968,403319,3.63 ,29.5,29.85,-1.17 
6164,華興電子,99197,169000,-41.30 ,78782,25.91 ,999238,690580,44.70 ,24.2,21.2,14.15 
6165,捷泰精密,59211,55904,5.92 ,76782,-22.88 ,460897,571462,-19.35 ,10.6,7.9,34.18 
6166,凌華科技,363337,320241,13.46 ,163658,122.01 ,2291060,1191173,92.34 ,45,19.8,127.27 
6168,宏齊科技,391515,350945,11.56 ,262428,49.19 ,2521513,1637799,53.96 ,36.8,29.8,23.49 
6172,互億科技,27459,36029,-23.79 ,43538,-36.93 ,396389,419823,-5.58 ,10.9,4.6,136.96 
6176,瑞儀光電,342507,387673,-11.65 ,434678,-21.20 ,2680651,2876013,-6.79 ,41.7,41.95,-0.60 
6184,大豐電,53993,53646,0.65 ,53871,0.23 ,431488,428963,0.59 ,51.2,42.7,19.91 
6189,豐藝電子,1708066,1719083,-0.64 ,1673924,2.04 ,12910854,10095014,27.89 ,23.7,17.65,34.28 
6191,精成科技,2411803,2530899,-4.71 ,2636134,-8.51 ,18299280,17068388,7.21 ,20.3,17.2,18.02 
6192,巨路國際,389675,305042,27.74 ,408868,-4.69 ,2757593,2659975,3.67 ,48.25,57.9,-16.67 
6196,帆宣科技,651216,733063,-11.17 ,263317,147.31 ,3857800,2546873,51.47 ,15.65,13.55,15.50 
6197,佳必琪,230680,271825,-15.14 ,275609,-16.30 ,2342501,1988526,17.80 ,111.5,44.45,150.84 
6201,亞弘電,399399,362471,10.19 ,346418,15.29 ,2672912,2301096,16.16 ,27.7,26.8,3.36 
6202,盛群,367409,357933,2.65 ,292856,25.46 ,2731008,1838759,48.52 ,41.7,35.55,17.30 
6205,詮欣,138273,136286,1.46 ,106806,29.46 ,1063692,988969,7.56 ,27,25.9,4.25 
6206,飛捷,341654,332514,2.75 ,262082,30.36 ,2139219,1614579,32.49 ,80.5,82,-1.83 
6209,今國光學,242277,235146,3.03 ,209560,15.61 ,1693480,1220785,38.72 ,27.15,16.7,62.57 
6213,聯茂,426478,480588,-11.26 ,296927,43.63 ,3499871,2478119,41.23 ,44,24.15,82.19 
6215,和椿科技,110295,150469,-26.70 ,95593,15.38 ,912674,632276,44.35 ,26.75,15.2,75.99 
6216,居易,68984,68896,0.13 ,85704,-19.51 ,545115,504813,7.98 ,22.55,18.9,19.31 
6224,聚鼎,122379,127568,-4.07 ,95594,28.02 ,881493,558954,57.70 ,60,33,81.82 
6225,天瀚,85488,51011,67.59 ,119939,-28.72 ,619601,831292,-25.47 ,19.25,15.9,21.07 
6226,光鼎電子,71869,96144,-25.25 ,69116,3.98 ,601184,370606,62.22 ,15.35,12.85,19.46 
6235,華孚科技,15410,12904,19.42 ,43394,-64.49 ,122917,421759,-70.86 ,7.12,12.3,-42.11 
6239,力成,3180955,3145475,1.13 ,2700891,17.77 ,23930502,18474725,29.53 ,95,89.9,5.67 
6243,迅杰,88797,88441,0.40 ,144444,-38.52 ,944190,866174,9.01 ,46.5,60.4,-23.01 
6251,定穎電子,881177,1033171,-14.71 ,878877,0.26 ,7815382,5887935,32.74 ,22.1,27.75,-20.36 
6255,奈普光電,248684,179571,38.49 ,58884,322.33 ,966069,381408,153.29 ,16.85,21.5,-21.63 
6257,矽格,423395,422184,0.29 ,302668,39.89 ,3170484,2070128,53.15 ,23.75,16.05,47.98 
6269,台郡科技,408673,399532,2.29 ,284618,43.59 ,2714432,1688228,60.79 ,41.8,30.9,35.28 
6271,同欣電子,641048,596375,7.49 ,278091,130.52 ,3804081,1765846,115.43 ,132,62,112.90 
6277,宏正科,241329,248581,-2.92 ,176423,36.79 ,1853137,1359457,36.31 ,50.9,40.6,25.37 
6278,台表科,538175,478013,12.59 ,369865,45.51 ,3539167,2840529,24.60 ,62.8,70.8,-11.30 
6281,全國電,1036731,1552493,-33.22 ,1082421,-4.22 ,8567875,8582983,-0.18 ,47.3,40.4,17.08 
6282,康舒,1935444,1928466,0.36 ,1388818,39.36 ,13147237,9439970,39.27 ,23.6,20.35,15.97 
6283,淳安電子,71070,67632,5.08 ,59801,18.84 ,537322,484442,10.92 ,13.5,13.3,1.50 
6285,啟碁科技,2214241,1955028,13.26 ,997271,122.03 ,13633762,7875075,73.13 ,60.4,34.4,75.58 
6286,立錡,1077259,1056531,1.96 ,814450,32.27 ,7982785,4706702,69.60 ,218,261,-16.48 
6289,華上光電,90881,108196,-16.00 ,80019,13.57 ,824095,575598,43.17 ,7.45,11.9,-37.39 
6505,台塑石化,47235345,62470061,-24.39 ,61014548,-22.58 ,520163425,400795759,29.78 ,71.9,78.2,-8.06 
6605,帝寶工業,741437,777105,-4.59 ,653338,13.48 ,6410587,5280123,21.41 ,87.1,63.3,37.60 
8008,建興電,3271247,3225363,1.42 ,3157634,3.60 ,28196873,18162497,55.25 ,30,25.15,19.28 
8016,矽創電子,440870,458420,-3.83 ,502549,-12.27 ,3644058,3239553,12.49 ,46.95,58,-19.05 
8021,尖點,104071,127786,-18.56 ,96256,8.12 ,812033,579631,40.09 ,25.9,31,-16.45 
8033,雷虎科技,42361,61192,-30.77 ,49279,-14.04 ,489300,592836,-17.46 ,14.35,13.2,8.71 
8039,台虹科技,496008,473586,4.73 ,385720,28.59 ,3453185,2344365,47.30 ,62.3,36.1,72.58 
8046,南電,2993202,3180307,-5.88 ,2619656,14.26 ,23249466,16348609,42.21 ,103,107.5,-4.19 
8070,長華電材,1071797,1182093,-9.33 ,1001539,7.02 ,8779935,6186641,41.92 ,135.5,82.7,63.85 
8072,陞泰,253033,249851,1.27 ,262400,-3.57 ,1928410,1858913,3.74 ,83.1,93.5,-11.12 
8078,華寶通訊,920644,688687,33.68 ,1841570,-50.01 ,8664814,15545681,-44.26 ,25.05,29.25,-14.36 
8081,致新,408894,402498,1.59 ,424467,-3.67 ,3399757,2631184,29.21 ,124,150.5,-17.61 
8101,華冠通訊,1787009,1486130,20.25 ,1171314,52.56 ,8763986,10548412,-16.92 ,11.1,10.65,4.23 
8103,瀚荃,139228,148172,-6.04 ,83428,66.88 ,967271,567487,70.45 ,40,29.35,36.29 
8105,凌巨,1144570,1151765,-0.62 ,1123785,1.85 ,8817551,7109157,24.03 ,16.5,18.45,-10.57 
8110,華東,660114,650610,1.46 ,491446,34.32 ,4778472,3446350,38.65 ,13.7,8.13,68.51 
8112,至上電子,2237797,2472637,-9.50 ,1906731,17.36 ,22774305,14856758,53.29 ,20.5,12.3,66.67 
8131,福懋科技,952028,992588,-4.09 ,829170,14.82 ,7740997,5385866,43.73 ,35.9,29.5,21.69 
8163,達方電子,1082638,1211293,-10.62 ,1050936,3.02 ,8845789,7041610,25.62 ,34.3,50.3,-31.81 
8201,無敵,226350,192090,17.84 ,267991,-15.54 ,1664477,1751261,-4.96 ,27.35,28.1,-2.67 
8213,志超,1186488,1417546,-16.30 ,1108373,7.05 ,9799521,6968101,40.63 ,45.85,37.68,21.68 
8249,菱光科技,533837,498270,7.14 ,458091,16.54 ,3688606,2558805,44.15 ,23.3,18.45,26.29 
8261,富鼎,345532,301044,14.78 ,276703,24.87 ,2448064,1960754,24.85 ,32.1,29.6,8.45 
8374,羅昇,155005,146413,5.87 ,56635,173.69 ,956386,338973,182.14 ,37.2,23.5,58.30 
8926,台汽電,100495,93654,7.30 ,103904,-3.28 ,677309,1700504,-60.17 ,16.9,14.9,13.42 
8940,新天地,36807,58186,-36.74 ,45172,-18.52 ,573448,464838,23.37 ,29.5,20.7,42.51 
9102,東亞科,0,0,NA,0,NA,0,0,NA,5.76,3.8,51.58 
9103,美德醫,0,0,NA,0,NA,0,0,NA,7.61,14.9,-48.93 
910322,康師傅,0,0,NA,0,NA,0,0,NA,39.65,0,NA
9104,萬宇科,0,0,NA,0,NA,0,0,NA,17.8,16.8,5.95 
910482,聖馬丁,0,0,NA,0,NA,0,0,NA,8.31,0,NA
9105,泰金寶,0,0,NA,0,NA,0,0,NA,4.63,5.11,-9.39 
910579,歐聖,0,0,NA,0,NA,0,0,NA,10.55,0,NA
9106,新焦點,0,0,NA,0,NA,0,0,NA,11.3,0,NA
9110,越南製造,0,0,NA,0,NA,0,0,NA,17.65,0,NA
911201,僑威,0,0,NA,0,NA,0,0,NA,7.05,0,NA
911602,華豐泰國,0,0,NA,0,NA,0,0,NA,16.7,0,NA
911606,超級集團,0,0,NA,0,NA,0,0,NA,0,0,NA
911609,揚子江,0,0,NA,0,NA,0,0,NA,0,0,NA
911868,真明麗,0,0,NA,0,NA,0,0,NA,12.65,0,NA
912398,友佳國際,0,0,NA,0,NA,0,0,NA,22.3,0,NA
9136,巨騰,0,0,NA,0,NA,0,0,NA,19.9,35.6,-44.10 
913889,大成糖,0,0,NA,0,NA,0,0,NA,13.3,0,NA
9151,中國旺旺,0,0,NA,0,NA,0,0,NA,25.6,20.6,24.27 
9157,陽光能源,0,0,NA,0,NA,0,0,NA,24.7,0,NA
9188,精熙國際,0,0,NA,0,NA,0,0,NA,9.85,0,NA
9902,台火,239,229,4.37 ,885,-72.99 ,503865,11965,4111.16 ,12.3,12.8,-3.91 
9904,寶成工業,1279374,1203448,6.31 ,794299,61.07 ,9060325,6577978,37.74 ,25.85,20.4,26.72 
9905,大華金,417376,391297,6.66 ,330879,26.14 ,2186646,1989920,9.89 ,30.9,19.3,60.10 
9906,興達,0,671,-100.00 ,13501,-100.00 ,17183,81129,-78.82 ,1.19,0.89,33.71 
9907,統一實業,1937481,2050458,-5.51 ,597507,224.26 ,15408552,11733654,31.32 ,14.95,11.4,31.14 
9908,大台北,324583,326199,-0.50 ,294982,10.03 ,3113163,2713816,14.72 ,16.85,15.2,10.86 
9910,豐泰企業,1085374,953174,13.87 ,942221,15.19 ,7845475,6769527,15.89 ,29.2,24.8,17.74 
9911,台灣櫻花,252817,259829,-2.70 ,227823,10.97 ,2183390,1881721,16.03 ,26.95,12.2,120.90 
9912,偉聯,44952,49555,-9.29 ,30016,49.76 ,347188,438719,-20.86 ,8.47,6.16,37.50 
9914,美利達,1164710,1015332,14.71 ,1054758,10.42 ,7227967,6638871,8.87 ,53.7,50.6,6.13 
9917,中保,481054,483210,-0.45 ,483043,-0.41 ,3854127,3862323,-0.21 ,50.8,48.35,5.07 
9918,欣天然,150079,170387,-11.92 ,143455,4.62 ,1714175,1535364,11.65 ,29.15,24.05,21.21 
9919,康那香,245146,282752,-13.30 ,246676,-0.62 ,2224851,2140029,3.96 ,20.75,25.2,-17.66 
9921,巨大機械,1669169,1375310,21.37 ,1366759,22.13 ,11010777,9609547,14.58 ,116,84.2,37.77 
9924,台灣福興,312446,372371,-16.09 ,234183,33.42 ,2328949,1978123,17.74 ,19.25,16.4,17.38 
9925,新光保全,296159,307390,-3.65 ,279283,6.04 ,2321053,2232794,3.95 ,22.1,19.25,14.81 
9926,新海瓦斯,170594,153938,10.82 ,136977,24.54 ,1597166,1438001,11.07 ,27.45,24,14.38 
9927,泰銘,637375,501672,27.05 ,643441,-0.94 ,5266315,3842026,37.07 ,33.5,37.8,-11.38 
9928,中視,104238,106202,-1.85 ,134264,-22.36 ,1009000,1011599,-0.26 ,17.1,9.52,79.62 
9929,秋雨,65691,71321,-7.89 ,67308,-2.40 ,551653,531828,3.73 ,6.15,2.39,157.32 
9930,中聯資源,398757,379191,5.16 ,333686,19.50 ,2930945,3173195,-7.63 ,34.95,42,-16.79 
9931,欣高,74267,75728,-1.93 ,68689,8.12 ,739472,684405,8.05 ,18.5,17.3,6.94 
9933,中鼎工程,2168171,2080544,4.21 ,1251360,73.27 ,15866127,13719302,15.65 ,35.2,30.9,13.92 
9934,成霖企業,228876,334620,-31.60 ,376562,-39.22 ,2382744,2228546,6.92 ,36,19.65,83.21 
9935,慶豐富,461299,452485,1.95 ,407628,13.17 ,2864496,3024609,-5.29 ,10,6.51,53.61 
9937,全國,2484612,2432782,2.13 ,1987966,24.98 ,18019648,13210386,36.41 ,34.8,27.9,24.73 
9938,台灣百和,140627,147701,-4.79 ,105336,33.50 ,1270264,1191724,6.59 ,27.7,17.05,62.46 
9939,宏全,694766,695707,-0.14 ,591653,17.43 ,4279416,3612518,18.46 ,59.3,47.55,24.71 
9940,信義房屋,752964,588909,27.86 ,565956,33.04 ,5425261,4221732,28.51 ,49.5,52,-4.81 
9941,裕融企業,133407,131776,1.24 ,121722,9.60 ,1036677,1064952,-2.66 ,44.35,28.1,57.83 
9942,茂順,154359,154292,0.04 ,88367,74.68 ,1069228,664293,60.96 ,40.2,27.25,47.52 
9943,好樂迪,275592,269318,2.33 ,274221,0.50 ,2125194,2107815,0.82 ,25.15,23,9.35 
9944,新麗企業,36970,40965,-9.75 ,32693,13.08 ,316676,277116,14.28 ,26.75,21.5,24.42 
9945,潤泰創新,820831,727906,12.77 ,821065,-0.03 ,5588717,5512375,1.38 ,51.6,26.7,93.26 
9955,佳龍,614680,639742,-3.92 ,457492,34.36 ,4795624,2818745,70.13 ,50,50.9,-1.77 
9958,世紀鋼構,76823,302042,-74.57 ,317662,-75.82 ,1517402,2260554,-32.87 ,10.9,11.3,-3.54 
