105年度股票交易量值統計表,,,,,
TRADING STATISTICS OF STOCKS FOR 2016,,,,,
證     券     名     稱,,成   交   值,成   交   量,收盤平均價,"成交量
週轉率"
Name   of    Company,,"Trading Amount
(NT$)","Trading Volume
(Shares)","Average
Closing Price","Volume
Turnover
Rate (%)"
,合計,"16,771,139,442,107","438,311,632,491",,62.67
,Total,,,,
,普通交割股票,"16,744,680,974,615","432,560,510,755",,
,Ordinary Settlement Stocks,,,,
1,水泥工業類,,,,
,Cement,,,,
1101,臺灣水泥,"55,453,414,560","1,690,005,680",33,45.77
,TCC,,,,
1102,亞洲水泥,"25,207,678,262","917,869,591",27.52,27.3
,ACC,,,,
1103,嘉新水泥,"538,522,558","60,249,717",8.94,7.77
,CHC,,,,
1104,環球水泥,"2,916,831,357","127,954,405",22.46,20.21
,UCC,,,,
1108,幸福水泥,"552,061,450","56,356,728",9.65,13.93
,Lucky Cement,,,,
1109,信大水泥,"149,874,201","14,545,272",10.06,3.84
,HsingTa,,,,
1110,東南水泥,"271,869,417","17,997,760",15.11,3.14
,TUNA CEMENT,,,,
2,食品工業類,,,,
,Foods,,,,
1201,味全食品,"4,456,315,330","226,483,564",19,44.76
,Wei-Chuan,,,,
1203,味王,"494,587,099","22,571,179",22.05,9.4
,Ve Wong,,,,
1210,大成長城,"17,600,176,876","651,835,810",25.6,88.51
,GREATWALL,,,,
1213,大飲,"332,241,067","18,314,289",16.85,34.34
,Oceanic Beverages,,,,
1215,卜蜂企業,"22,225,642,960","606,654,333",34.3,226.36
,CPE,,,,
1216,統一企業,"136,277,827,898","2,327,794,877",58.78,40.97
,PEC,,,,
1217,愛之味,"2,022,236,255","249,801,951",7.92,51.14
,AGV,,,,
1218,泰山,"4,550,110,918","306,292,062",13.88,86.68
,TAISUN,,,,
1219,福壽,"428,556,243","28,751,864",15.24,9.03
,FWUSOW,,,,
1220,台榮,"534,478,557","48,626,688",10.74,27.47
,TAIROUN,,,,
1225,福懋油脂,"1,436,660,322","37,456,596",40.71,17.13
,FOPCO,,,,
1227,佳格食品,"18,690,596,693","236,168,058",78.9,28.55
,S.F.C,,,,
1229,聯華實業,"3,758,790,418","178,483,616",20.72,19.78
,LHIC,,,,
1231,聯華食品,"1,215,678,540","39,502,946",30.14,26.29
,Lian Hwa Foods,,,,
1232,大統益,"1,640,231,074","20,453,504",79.96,12.77
,TTET,,,,
1233,天仁,"307,519,299","8,215,419",37.25,9.09
,Ten Ren,,,,
1234,黑松,"1,218,917,894","37,215,177",33.04,9.27
,Hey-Song,,,,
1235,興泰,"862,023,130","32,838,404",24.73,54.14
,Shin Tai,,,,
1236,宏亞食品,"87,025,667","4,443,455",19.78,4.1
,Hunya Foods,,,,
1256,鮮活果汁-KY,"1,152,095,587","8,852,052",124.08,32.57
,Sunjuice,,,,
1702,南僑化工,"11,083,221,425","170,830,829",65.05,58.08
,NAMCHOW,,,,
1737,臺鹽,"6,786,365,198","214,559,555",29.85,107.28
,TAIYEN,,,,
3,塑膠工業類,,,,
,Plastics,,,,
1301,台灣塑膠,"117,841,552,113","1,466,182,295",80.22,23.03
,FPC,,,,
1303,南亞塑膠,"98,372,718,667","1,554,348,936",63.07,19.61
,NPC,,,,
1304,台灣聚合,"8,333,762,550","575,426,446",13.72,50.36
,USI,,,,
1305,華夏塑膠,"20,859,329,283","1,054,343,251",18.16,222.27
,CGPC,,,,
1307,三芳化工,"2,189,470,098","58,458,334",36.98,14.97
,SAN FANG,,,,
1308,亞聚,"3,511,550,391","189,236,013",18.05,37.93
,APC,,,,
1309,台達化,"2,312,622,922","253,822,901",7.92,77.46
,TTC,,,,
1310,臺灣苯乙烯,"25,990,553,386","1,435,240,324",17.13,271.89
,T.S.M.C.,,,,
1312,國喬石化,"28,332,318,440","1,592,841,156",16.92,175.69
,GPPC,,,,
1312A,國喬特,"48,832,650","2,031,000",23.54,10.16
,GPPC (A Preferred),,,,
1313,聯成,"4,657,332,581","426,860,458",9.8,36.45
,UPC,,,,
1314,中石化,"24,950,114,009","2,814,002,348",8.16,121.28
,CPDC,,,,
1315,達新工業,"524,801,043","22,451,037",24.27,11.35
,TAHHSIN,,,,
1319,東陽,"51,455,759,467","965,583,480",55.78,163.24
,TYG,,,,
1321,大洋,"605,377,490","23,494,664",25.66,10.34
,OPC,,,,
1323,永裕,"3,801,468,142","112,983,405",31.95,123.79
,YONYU,,,,
1324,地球,"137,122,262","11,344,421",11.88,15.11
,Globe,,,,
1325,恒大,"336,523,186","16,723,566",19.95,16.83
,UK,,,,
1326,台灣化纖,"111,033,036,662","1,317,879,086",83.55,22.48
,FCFC,,,,
1337,再生-KY,"9,116,843,759","491,886,259",18.25,188.68
,Asia Plastic,,,,
1339,昭輝,"4,205,380,157","80,132,602",47.22,108.07
,Y.C.C.,,,,
1340,勝悅-KY,"12,341,299,472","195,231,659",62.39,169.92
,VICTORY,,,,
1715,萬洲化學,"956,735,070","81,689,841",11.4,19.68
,ACHEM,,,,
4306,炎洲,"1,072,009,615","83,276,147",12.72,18.46
,YEMCHIO,,,,
4,紡織纖維類,,,,
,Textiles,,,,
1402,遠東新,"32,978,654,366","1,350,768,994",24.27,25.23
,FENC,,,,
1409,新光合纖,"2,378,423,691","269,993,325",8.7,16.7
,SSFC,,,,
1410,南洋染整,"153,298,101","6,345,448",24.22,8.84
,NYDF,,,,
1413,宏洲纖維,"59,289,136","9,101,019",6.52,8.91
,H.C.,,,,
1414,東和紡織,"396,505,524","63,716,053",6.13,28.98
,TUNG HO,,,,
1416,廣豐實業,"2,568,230,844","121,120,141",20.79,47.71
,KFIC,,,,
1417,嘉裕,"859,856,356","166,855,939",5.02,43.9
,Carnival,,,,
1419,新光紡織,"2,774,416,815","66,956,165",39.13,22.3
,SHINKO.SPIN.,,,,
1423,利華羊毛,"197,341,712","29,885,840",6.62,17.27
,Reward Wool,,,,
1432,大魯閣,"1,934,390,036","92,374,972",19.76,54.97
,TAROKO,,,,
1434,福懋,"7,527,450,828","251,664,770",29.94,14.96
,Formosa Taffeta,,,,
1439,中和羊毛,"964,663,351","56,196,038",14.75,61.09
,Chuwa Wool,,,,
1440,台南紡織,"3,470,073,308","261,897,300",12.94,15.81
,Tainan Spinning,,,,
1441,大東紡織,"121,462,669","16,635,462",7.12,18.51
,Tah Tong,,,,
1443,立益紡織,"35,167,252","7,322,435",4.88,5.4
,LILYTEXTILE,,,,
1444,力麗,"2,117,932,844","238,989,273",8.71,24.97
,LEALEA,,,,
1445,大宇紡織,"571,996,610","60,033,445",9.38,43.3
,Universal,,,,
1446,宏和紡織,"357,055,800","19,388,514",18.64,14.08
,Hong Ho,,,,
1447,力鵬,"2,119,737,317","267,997,902",7.68,29.3
,LP,,,,
1449,佳和實業,"73,306,257","16,114,542",4.44,13.43
,CHIA HER,,,,
1451,年興紡織,"1,029,008,272","43,456,412",23.66,10.86
,NIEN HSING,,,,
1452,宏益纖維,"9,571,833,531","426,359,652",21.26,321.43
,HONG YI,,,,
1453,大將,"74,992,506","9,053,340",8.16,10.25
,TA JIANG,,,,
1454,臺灣富綢,"347,555,801","39,083,031",8.7,27.84
,TTF,,,,
1455,集盛,"5,833,401,894","644,229,484",8.62,105.3
,ZIG SHENG,,,,
1456,怡華,"24,588,097","2,467,420",9.24,2.58
,I-HWA,,,,
1457,宜進,"5,012,652,158","450,144,959",10.71,134.3
,YI JINN,,,,
1459,聯發紡織,"1,124,024,683","118,360,258",8.89,33
,Lan Fa Textile,,,,
1460,宏遠,"6,697,327,120","415,056,315",15.74,88.09
,Everest Textile,,,,
1463,強盛染整,"2,885,626,543","153,013,723",17.74,88.32
,CS,,,,
1464,得力,"20,235,705,152","609,596,873",30.33,237.47
,DE LICACY,,,,
1465,偉全,"130,325,668","9,431,793",13.77,9.11
,WISHER,,,,
1466,聚隆纖維,"276,436,291","19,742,884",13.93,17.77
,Acelon,,,,
1467,南緯,"2,643,129,198","181,003,347",13.46,107.61
,TEX-RAY,,,,
1468,昶和纖維,"61,031,069","6,119,866",9.99,3.83
,CHANG HO,,,,
1469,理隆纖維,"18,586,341","1,431,373",13.12,1.15
,Lilontex,,,,
1470,大統染,"41,033,586","2,189,907",18.75,2.55
,EVERTEX,,,,
1472,三洋紡織,"485,625,789","34,960,591",12.16,58.75
,Tri Ocean,,,,
1473,台南企業,"10,198,472,654","276,015,268",34.43,188.14
,Tainan,,,,
1474,弘裕,"1,943,717,820","171,125,274",10.47,131.74
,HONMYUE,,,,
1475,本盟光電,"163,153,147","16,314,577",8.67,50.18
,SUMAGH,,,,
1476,儒鴻企業,"150,081,481,078","417,964,839",364.94,155.37
,ECLAT,,,,
1477,聚陽,"61,250,610,962","375,216,355",161.28,186.18
,Makalot,,,,
4414,如興,"9,396,350,948","425,025,709",20.29,308.74
,ROO HSING,,,,
4426,利勤實業,"45,659,464,631","295,318,261",147.96,305.79
,LI CHENG,,,,
4438,廣越,"3,377,963,215","20,701,976",152.11,19.95
,QVE,,,,
5,電機機械類,,,,
,Electric Machinery,,,,
1503,士林電機,"743,845,686","18,701,540",39.74,3.58
,SEEC,,,,
1504,東元電機,"17,649,865,177","662,181,368",26.74,33.07
,TECO,,,,
1506,正道,"710,811,933","45,852,405",15.09,37.5
,R.W.,,,,
1507,永大機電,"6,060,340,477","132,110,027",45.68,32.17
,YUNGTAY,,,,
1512,瑞利,"632,268,855","115,201,440",5,63.37
,JL,,,,
1513,中興電工,"3,930,333,421","213,192,494",18.14,50.76
,CHEM,,,,
1514,亞力電機,"1,384,299,997","138,882,105",9.6,69.06
,AEC,,,,
1515,力山工業,"3,542,179,378","246,333,492",12.69,135.75
,REXON,,,,
1517,利奇機械,"450,089,345","41,483,075",10.81,18.2
,Lee Chi,,,,
1519,華城電機,"2,461,792,837","142,758,816",16.33,54.69
,FE,,,,
1521,大億,"4,551,765,232","56,393,672",80.29,73.98
,DAIOKU,,,,
1522,堤維西,"17,058,325,267","568,666,976",29.63,181.73
,TYC,,,,
1524,耿鼎,"3,650,713,801","354,423,629",9.31,197.25
,GORDON,,,,
1525,江申,"9,060,213,457","77,039,831",115.54,110.39
,KSC,,,,
1526,日馳,"798,661,787","53,478,743",13.6,105.7
,SUNRACE,,,,
1527,鑽全,"39,380,003,098","466,618,687",81.32,338.22
,BASSO,,,,
1528,恩德科技,"1,205,698,873","113,865,174",9.94,63.25
,Anderson,,,,
1530,亞崴電機,"230,618,327","7,799,986",29.08,8.37
,Awea,,,,
1531,高林股,"408,292,325","24,104,566",16.63,12.49
,Kaulin,,,,
1532,勤美,"10,173,222,248","295,078,366",31.72,76.59
,CMP,,,,
1533,車王電,"9,919,147,119","205,239,987",43.47,214.36
,MORE,,,,
1535,中宇,"816,572,382","16,384,153",50.35,13.24
,CEC,,,,
1536,和大,"114,480,401,758","805,993,378",140.11,343.04
,HOTA,,,,
1537,廣隆光電,"10,432,035,300","73,585,277",142.48,89.99
,KUNG LONG,,,,
1538,正峰新,"278,397,951","47,110,211",5.4,56.66
,JF,,,,
1539,巨庭機械,"5,784,459,992","183,003,497",29.7,279.94
,GEETECH,,,,
1540,喬福機械,"469,986,882","31,632,786",14.94,37.02
,JOHNFORD,,,,
1541,錩泰,"6,835,801,388","122,915,367",53.43,155.99
,Chang Type,,,,
1558,伸興,"4,721,310,877","31,224,138",148.94,51.56
,ZENG HSING,,,,
1560,中砂,"7,460,500,574","131,882,715",52.88,93.54
,KINIK,,,,
1568,倉佑,"16,243,998,055","515,993,474",28.4,500.53
,T.Y.,,,,
1583,程泰,"308,800,989","5,114,308",59.04,5
,GOODWAY,,,,
1589,永冠-KY,"49,555,801,156","279,514,724",179.52,235.81
,YGG,,,,
1590,亞德客-KY,"40,174,059,026","182,063,612",220.82,101.7
,AIRTAC,,,,
1592,英瑞-KY,"14,089,366,041","272,602,985",45.12,271.42
,Enterex,,,,
2049,上銀科技,"89,909,647,329","626,938,058",143.9,230.87
,HIWIN,,,,
2228,劍麟,"29,156,703,902","145,643,229",198.86,193.07
,IRF,,,,
2231,為升,"38,235,210,614","111,723,487",348.22,129.89
,CUB,,,,
2236,百達-KY,"2,938,392,487","50,166,684",54.36,146.63
,Patec,,,,
2371,大同,"22,479,108,837","3,023,514,354",6.24,129.23
,Tatung,,,,
3167,大量科技,"2,320,380,848","79,387,984",26.13,99.26
,TA LIANG,,,,
4526,東台,"1,543,903,131","64,629,430",23.23,25.26
,TOPPER,,,,
4532,瑞智,"10,132,403,329","312,948,237",29.08,66.52
,RECHI,,,,
4551,智伸科技,"19,601,367,544","169,774,761",111.86,206.42
,GLOBAL PMX,,,,
4552,力達-KY,"10,204,153,413","84,615,990",115.18,84.62
,Lida,,,,
4555,台灣氣立,"850,353,251","12,566,117",65.54,18.78
,CHELIC,,,,
4557,永新-KY,"3,348,216,827","45,912,277",71.68,133.88
,Yusin,,,,
5288,豐祥-KY,"22,775,774,102","225,670,196",98.38,347.26
,Eurocharm,,,,
6605,帝寶,"6,960,963,280","67,443,864",101.16,40.66
,DEPO,,,,
8222,寶一科技,"11,955,689,023","374,142,857",29.56,547.44
,Aero Win,,,,
8374,羅昇,"2,672,646,558","163,849,334",12.75,187.03
,ACE PILLAR,,,,
8996,高力,"10,887,937,333","180,659,437",57.8,202.12
,KAORI,,,,
6,電器電纜類,,,,
,Electrical and Cable,,,,
1603,中華電纜,"1,950,016,852","120,845,062",13.79,47.26
,CWCO,,,,
1604,聲寶,"3,574,249,763","223,703,880",15.32,43.58
,Sampo,,,,
1605,華新麗華,"24,342,529,433","2,333,079,380",9.67,66.74
,WALSIN,,,,
1608,華榮,"726,532,245","94,468,459",7.05,14.93
,HE,,,,
1609,大亞電纜,"887,869,834","175,251,758",4.73,30.65
,TA YA,,,,
1611,中國電器,"1,687,779,365","197,465,267",7.93,49.56
,CE,,,,
1612,宏泰電工,"257,741,940","30,323,641",8.48,9.54
,Hong Tai,,,,
1614,三洋電機,"462,210,107","19,060,646",24.22,7.08
,SANYO,,,,
1615,大山電纜,"58,951,145","5,939,373",9.7,5.3
,Dah San,,,,
1616,億泰電纜,"355,142,773","74,758,759",4.54,38.5
,Evertop,,,,
1617,榮星電線,"63,431,426","9,003,830",6.82,6.24
,JSW,,,,
1618,合機電纜,"507,315,215","63,237,686",7.87,26.27
,Hold-Key,,,,
1626,艾美特-KY,"721,851,096","27,149,759",24.81,22.1
,AIRMATE,,,,
4930,燦星網,"728,887,775","53,584,562",13.26,39.9
,Star Comgistic,,,,
8,玻璃陶瓷類,,,,
,Glass and Ceramics,,,,
1802,臺灣玻璃,"8,803,511,857","635,348,407",13.49,23.71
,Taiwan Glass,,,,
1806,冠軍,"563,193,678","83,908,461",6.84,19.19
,CHAMPION,,,,
1809,中國製釉,"803,287,610","67,818,117",11.26,37.42
,China Glaze,,,,
1810,和成欣業,"1,073,126,245","125,500,852",8.15,33.93
,HCG,,,,
1817,凱撒衛浴,"2,582,299,728","63,269,666",38.44,87.14
,SANITAR,,,,
9,造紙工業類,,,,
,Paper and Pulp,,,,
1902,台灣紙業,"709,612,766","65,304,477",10.66,16.26
,TPPC,,,,
1903,士林紙業,"768,388,086","25,114,486",31.33,9.66
,Shihlin Paper,,,,
1904,正隆,"1,787,661,237","153,133,720",11.5,13.82
,Cheng Loong,,,,
1905,中華紙漿,"1,187,776,089","125,277,251",9.32,11.36
,CHP,,,,
1906,寶隆,"3,453,208,804","254,212,026",10.96,168.37
,P.L,,,,
1907,永豐餘,"3,094,085,252","321,792,755",9.72,19.38
,YFY,,,,
1909,榮成紙業,"9,831,762,902","664,725,790",14.04,74.33
,LCP,,,,
10,鋼鐵工業類,,,,
,Iron and Steel,,,,
2002,中國鋼鐵,"135,166,740,285","6,171,109,029",21.8,39.21
,China Steel,,,,
2002A,中鋼特,"144,239,400","3,557,187",40.5,9.29
,China Steel  (A Preferred),,,,
2006,東和鋼鐵,"5,815,194,288","293,323,435",19.36,29.39
,Tung Ho Steel,,,,
2007,燁興,"145,716,979","29,739,095",4.76,4.72
,YH,,,,
2008,高興昌,"1,161,391,307","113,677,530",8.84,44.46
,KHC,,,,
2009,第一伸銅,"517,709,724","67,544,297",6.93,18.78
,FCC,,,,
2010,春源鋼鐵,"1,527,449,976","139,057,742",10.51,21.47
,Chun Yuan Steel,,,,
2012,春雨工廠,"234,583,357","16,989,057",13.67,5.91
,Chun Yu,,,,
2013,中鋼構,"1,954,317,813","84,144,152",21.82,42.08
,CSSC,,,,
2015,豐興鋼鐵,"4,754,230,250","110,750,490",41.88,19.06
,FH,,,,
2017,官田鋼,"1,099,983,919","143,093,283",7.51,43.74
,Quintain Steel,,,,
2020,美亞,"1,230,279,744","89,970,129",12.92,37.39
,MAYER PIPE,,,,
2022,聚亨,"639,173,278","149,472,014",4.04,27.34
,TYCOONS,,,,
2023,燁輝,"12,079,355,043","1,113,847,014",9.25,64.85
,YP,,,,
2024,志聯工業,"325,458,368","41,020,011",7.24,42.09
,CHIH LIEN,,,,
2027,大成鋼,"5,573,349,696","328,848,056",16.19,39.91
,TC,,,,
2029,盛餘,"6,284,514,304","205,376,066",23.93,63.95
,Sheng Yu Steel,,,,
2030,彰源,"1,752,997,388","168,007,918",9.97,58.62
,FROCH,,,,
2031,新光鋼鐵,"7,332,254,525","375,493,700",16.45,135.83
,Hsin Kuang Steel,,,,
2032,新鋼工業,"1,020,685,714","96,485,814",9.86,73.94
,Sinkang,,,,
2033,佳大世界,"109,290,627","11,790,521",9.23,14.6
,Chia Ta,,,,
2034,允強,"8,385,823,764","336,553,786",23.48,85.54
,YC,,,,
2038,海光企業,"371,909,539","58,016,719",6.27,33.62
,HAIKWANG,,,,
2069,運錩鋼鐵,"1,746,122,362","80,994,435",19.08,65.34
,YC,,,,
3004,豐達科技,"4,185,156,303","69,478,435",58.03,131.97
,NAFCO,,,,
5007,三星科技,"2,050,127,329","34,211,729",59.42,11.6
,SAN SHING,,,,
5538,東明-KY,"326,220,764","12,907,004",25.56,7.68
,TONG MING,,,,
9958,世紀鋼,"461,518,125","43,839,877",10,23.63
,CIAS,,,,
11,橡膠工業類,,,,
,Rubber,,,,
2101,南港輪胎,"8,838,734,526","302,932,145",28.73,36.34
,Nan Kang Rubber Tire,,,,
2102,泰豐輪胎,"1,926,062,884","139,193,600",13.99,29.71
,FEDERAL CORP,,,,
2103,台橡,"21,309,897,124","725,723,274",28.32,87.89
,TSRC,,,,
2104,中國橡膠,"5,589,596,261","220,751,384",24.44,36.88
,China Synthetic Rubber,,,,
2105,正新橡膠,"97,190,754,421","1,514,358,315",63.27,46.72
,CST,,,,
2106,建大工業,"12,464,765,243","241,354,747",50.16,28
,Kenda Rubber Ind.,,,,
2107,厚生,"2,718,167,462","167,916,983",15.86,35.48
,Formosan Rubber Group,,,,
2108,南帝化工,"6,329,134,980","253,099,990",24.45,58.42
,Nantex,,,,
2109,華豐橡膠,"725,226,764","62,735,510",11.28,20.58
,Hwa Fong,,,,
2114,鑫永銓,"1,040,021,413","13,185,497",78.45,19.53
,HYC,,,,
2115,六暉-KY,"5,529,733,193","98,438,621",50.43,132.14
,LU HAI,,,,
12,汽車工業類,,,,
,Automobile,,,,
1338,廣華-KY,"22,831,865,032","188,058,025",116.04,224.31
,Hiroca,,,,
2201,裕隆汽車,"11,330,041,305","401,725,890",28.16,25.54
,Yulon Motor,,,,
2204,中華汽車,"9,043,341,660","381,335,988",23.62,27.55
,China-Motor,,,,
2206,三陽工業,"6,090,454,592","283,048,078",21.09,32.16
,Sanyang Industry,,,,
2207,和泰汽車,"23,307,318,438","69,112,092",341.22,12.65
,Hotai Motor,,,,
2227,裕日車,"5,248,999,144","24,416,296",210.83,8.13
,YNM,,,,
2239,英利-KY,"17,692,996,593","96,292,439",175.22,87.54
,Cayman Engley,,,,
3346,麗清,"1,733,523,608","30,648,032",57.75,44.88
,Laster Tech,,,,
14,建材營造類,,,,
,Building Material and Construction,,,,
1436,華友聯,"478,742,119","12,026,405",40.19,16.61
,HUA YU LIEN,,,,
1438,裕豐,"30,763,855","7,597,181",4.15,7.44
,Yu Foung,,,,
1442,名軒,"646,585,550","32,802,973",19.01,13.04
,ADVANCETEK,,,,
1805,寶徠建設,"99,125,233","15,072,297",6.21,18.64
,KPT,,,,
1808,潤隆,"5,223,285,734","151,923,873",32.11,64.88
,RUN LONG,,,,
2501,國建,"3,507,865,385","226,314,483",14.65,16.01
,Cathay Const.,,,,
2504,國產,"2,275,627,031","301,243,611",7.97,20.86
,GBM,,,,
2505,國揚,"1,119,645,730","92,957,788",11.99,16.13
,Ky,,,,
2506,太設,"347,853,924","26,860,755",12.89,6.94
,PCC,,,,
2509,全坤建,"658,981,291","30,249,680",20.55,19.95
,CHAINQUI,,,,
2511,太子,"3,498,370,620","317,200,241",10.57,19.55
,PHD,,,,
2515,中工,"6,871,908,718","1,156,525,932",5.79,75.54
,BES,,,,
2516,新建,"527,566,352","79,177,619",6.44,34.55
,New Asia,,,,
2520,冠德,"9,395,121,872","534,375,272",16.27,106.06
,Kindom,,,,
2524,京城,"689,376,221","36,694,841",18.83,9.54
,KTC,,,,
2527,宏璟,"384,393,579","21,932,581",17.38,8.14
,Hung Ching,,,,
2528,皇普,"50,968,070","7,025,329",6.87,5.81
,CROWELL,,,,
2530,華建,"1,845,281,873","112,581,357",15.21,41.58
,Delpha Construction,,,,
2534,宏盛,"2,230,895,435","135,852,588",16.23,23.07
,HSC,,,,
2535,達欣工,"1,248,552,965","69,616,874",16.86,31.7
,DA CIN,,,,
2536,宏普,"2,985,172,268","113,820,374",25.46,34.21
,Hung Poo,,,,
2537,聯上開發,"3,337,518,878","307,222,590",10.16,111.94
,WE &WIN,,,,
2538,基泰,"3,640,363,449","285,879,122",12.95,65.44
,Kee Tai,,,,
2539,櫻花建,"429,647,625","15,704,741",26.54,5.17
,SAKURAD,,,,
2540,愛山林,"59,668,727","2,250,219",26.73,1.54
,I- Sunny,,,,
2542,興富發,"55,327,936,267","1,235,768,074",45.45,105.91
,Highwealth,,,,
2543,皇昌,"205,870,126","21,615,411",9.31,12.06
,Hwang Chang,,,,
2545,皇翔,"8,679,983,332","242,142,566",33.83,73.88
,Huang Hsiang,,,,
2546,根基,"324,170,053","20,244,222",15.63,19.11
,Kedge,,,,
2547,日勝生,"2,093,465,519","206,393,600",10.01,23.09
,Radium,,,,
2548,華固,"15,734,149,491","277,706,611",55.74,100.33
,HUAKU,,,,
2597,潤弘精密,"564,707,218","13,457,564",40.27,9.97
,REC,,,,
2841,台開,"4,956,643,481","447,564,376",10.63,61.04
,TDC,,,,
2923,鼎固-KY,"540,276,388","24,705,518",20.92,1.43
,Sino Horizon,,,,
3052,夆典,"688,575,877","77,958,087",8.68,33.47
,APEX,,,,
3056,總太地產,"5,074,053,344","296,951,464",16.38,129.13
,ZongTai,,,,
3266,昇陽,"425,422,008","36,244,953",11.73,10.3
,SUNTY,,,,
3703,欣陸,"1,474,668,811","135,958,049",10.53,16.2
,CONTINENTAL,,,,
5515,建國,"199,906,095","23,117,547",8.61,6.84
,CHIEN KUO,,,,
5519,隆大,"704,511,470","59,531,935",11.65,32.51
,LD,,,,
5521,工信,"1,084,729,529","100,649,742",10.54,28.96
,KSECO,,,,
5522,遠雄建設,"10,048,369,508","276,589,061",36.16,33.12
,Farglory,,,,
5525,順天,"333,141,934","21,606,527",15.45,8.52
,SWEETEN,,,,
5531,鄉林建設,"1,660,218,408","146,566,131",10.79,16.61
,SHINING,,,,
5533,皇鼎建設,"1,069,695,957","64,558,856",16.46,23.15
,FOUNDING,,,,
5534,長虹,"12,113,475,285","220,759,499",53.13,78.12
,CHONG HONG,,,,
6177,達麗,"1,450,588,379","65,846,576",20.96,32.94
,"DA-LI CO., LTD.",,,,
9906,欣巴巴,"4,019,727,913","200,592,278",17.45,286.56
,HSIN BA BA,,,,
9946,三發地產,"1,305,149,300","96,502,894",12.72,36.65
,SanFar,,,,
15,航運業類,,,,
,Shipping and Transportation,,,,
2208,台船公司,"2,467,017,824","166,456,395",14.56,22.4
,CSBC,,,,
2603,長榮,"21,588,544,804","1,755,374,522",12.02,49.97
,EMC,,,,
2605,新興,"5,046,683,588","253,646,553",19.42,44.62
,SNC,,,,
2606,裕民,"9,785,922,709","387,394,696",24.41,45.81
,U-Ming,,,,
2607,榮運,"1,971,543,284","149,977,542",13.05,14.07
,EITC,,,,
2608,嘉里大榮,"5,871,351,347","142,176,262",41.33,29.41
,Kerry TJ,,,,
2609,陽明,"14,372,383,322","2,071,056,685",7.4,68.93
,YMTC,,,,
2610,華航,"29,807,742,106","2,917,153,280",10.14,53.32
,CAL,,,,
2611,志信,"175,604,485","24,152,071",7.24,13.69
,TSI,,,,
2612,中航,"3,784,843,844","136,139,952",23.8,63.08
,CMT,,,,
2613,中櫃,"448,562,848","32,869,359",13.33,31.49
,CCTC,,,,
2615,萬海,"23,766,245,651","1,342,271,537",17.03,60.51
,WANHAI,,,,
2617,台航,"1,440,782,372","108,640,773",12.69,26.03
,TAIWANLINE,,,,
2618,長榮航,"44,847,082,649","2,778,010,195",15.71,70.9
,EVAAIR,,,,
2633,台灣高鐵,"6,522,515,632","317,213,912",18.99,12.07
,THSRC,,,,
2634,漢翔,"21,749,405,015","512,417,578",41.78,56.41
,AIDC,,,,
2636,台驊控股,"115,705,020","5,266,701",21.79,4.43
,T3EX,,,,
2637,慧洋-KY,"7,491,679,242","221,347,499",33.81,42.08
,WISDOM,,,,
2642,宅配通,"634,739,287","24,097,277",25.69,25.24
,Pelican,,,,
5607,遠雄港,"477,529,316","33,297,073",14.17,19.6
,Farglory FTZ,,,,
5608,四維航,"907,657,666","88,927,218",10.3,20.99
,S. W.,,,,
16,觀光事業類,,,,
,Tourism,,,,
2701,萬企,"288,209,435","19,965,134",14.08,4.91
,WANHWA,,,,
2702,華園,"185,517,882","11,212,839",16.42,11.72
,HG,,,,
2704,國賓,"833,533,309","32,942,477",25.57,8.98
,AMBH,,,,
2705,六福,"778,877,826","82,501,513",9.13,24.77
,LEOFOO,,,,
2706,第一店,"900,145,951","49,039,901",17.73,11.23
,First Hotel,,,,
2707,晶華酒店,"13,931,540,805","72,821,824",189.34,57.47
,GFRT,,,,
2712,遠雄來,"100,661,271","3,924,797",25.6,3.73
,FGH,,,,
2722,夏都,"153,659,541","3,573,313",43.09,3.56
,Chateau,,,,
2723,美食-KY,"21,633,600,263","80,270,283",273.58,55.79
,Gourmet,,,,
2727,王品,"14,300,113,373","108,466,387",130.07,140.88
,WOWPRIME,,,,
2731,雄獅旅遊,"4,015,464,187","41,663,819",90.62,59.51
,Liontravel,,,,
2739,寒舍,"1,163,836,136","27,642,333",37.32,24.78
,My Humble House,,,,
2748,雲品,"399,476,725","7,791,683",48.99,11.87
,FDC,,,,
5706,鳳凰旅遊,"661,804,331","17,062,339",37.63,26.63
,PHX TOUR,,,,
8940,新天地,"240,056,356","14,799,710",15.13,21.93
,New Palace,,,,
9943,好樂迪,"4,152,038,865","78,211,519",51.49,53.11
,Holiday,,,,
17,金融保險類,,,,
,Finance and Insurance,,,,
2801,彰銀,"30,208,108,510","1,828,648,413",16.41,21.08
,C.H.B,,,,
2809,京城銀,"8,988,163,157","377,512,702",23.97,32.57
,KTB,,,,
2812,台中商銀,"4,391,638,471","480,035,364",9.12,14.95
,TCCB,,,,
2816,旺旺保險,"1,142,009,775","77,032,729",13.29,36.18
,UNION INS.,,,,
2820,華票,"4,557,093,342","369,774,308",12.34,27.52
,CBF,,,,
2823,中國人壽,"85,234,263,279","3,109,076,166",26.7,91.01
,CHINA LIFE,,,,
2832,台灣產物,"664,811,019","33,335,087",19.8,9.2
,TFMI,,,,
2834,台灣企銀,"13,270,267,995","1,616,389,643",8.19,28.01
,TBB,,,,
2836,高雄銀行,"1,096,880,836","122,947,944",8.88,15.43
,B.O.K,,,,
2838,聯邦銀行,"1,039,446,868","116,641,806",8.92,4.47
,UBOT,,,,
2845,遠東商銀,"4,181,456,609","451,239,748",9.25,14.73
,FEIB,,,,
2847,大眾商銀,"1,872,512,957","145,594,949",12.84,5.22
,TC Bank,,,,
2849,安泰商銀,"849,571,105","60,670,179",13.66,4.03
,ETB,,,,
2850,新光產險,"1,419,655,897","58,013,907",23.94,18.37
,SK Insurance,,,,
2851,中再保,"379,874,543","26,085,023",14.28,4.64
,C.R.C.,,,,
2852,第一保,"1,016,665,739","83,384,215",11.68,27.7
,First Ins.,,,,
2855,統一證券,"1,762,522,529","146,069,911",12.12,11.02
,PSC,,,,
2856,元富證券,"1,609,980,098","185,005,326",8.66,11.57
,ML,,,,
2867,三商壽,"9,135,869,805","566,000,726",15.85,34.71
,Mercuries Life,,,,
2880,華南金,"35,005,800,065","2,170,610,945",16.04,21.3
,HNFHC,,,,
2881,富邦金,"237,265,236,195","5,738,305,398",41.94,56.06
,Fubon Financial,,,,
2881A,富邦特,"6,082,426,739","100,167,203",60.67,16.69
,"Fubon Financial Holdding Go.,Ltd.Preferred Stock A",,,,
2882,國泰金,"238,806,725,815","6,048,002,347",39.17,48.16
,Cathay Holdings,,,,
2883,開發金,"44,425,713,983","5,595,539,163",7.95,37.11
,CDIBH,,,,
2884,玉山金,"76,457,867,910","4,270,510,357",17.99,51.55
,E.SUN FHC,,,,
2885,元大金,"72,937,108,076","6,595,539,790",11.13,55.97
,Yuanta Group,,,,
2886,兆豐金,"122,583,124,742","5,400,778,519",22.82,39.71
,MEGA FHC,,,,
2887,台新金,"54,773,537,201","4,647,624,894",11.76,51.03
,TSFHC,,,,
2888,新光金,"46,183,333,945","6,590,123,611",6.74,64.42
,SKFHC,,,,
2889,國票金,"3,978,169,163","503,229,163",7.88,18.53
,Waterland Holdings,,,,
2890,永豐金控,"36,690,833,832","3,898,081,287",9.35,37.57
,SINOPACHOLDINGS,,,,
2891,中信金,"170,802,502,990","10,001,368,536",17.05,54.49
,Chinatrust Group,,,,
2891A,中信特,"2,201,338","61,009",36.09,0.11
,CTBC-PSA,,,,
2892,第一金,"81,381,546,508","4,963,591,232",16.31,42.56
,FFHC,,,,
5880,合庫金控,"31,550,027,875","2,237,279,419",14.06,19.59
,TCFHC,,,,
6005,群益證,"4,101,814,398","470,940,554",8.53,20.72
,CSC,,,,
18,貿易百貨類,,,,
,Trading and Consumers' Goods,,,,
2601,益航,"2,274,448,116","274,509,049",8.07,73.25
,FSC,,,,
2614,東森,"3,434,988,037","481,857,119",6.54,69.24
,EMIC,,,,
2901,欣欣大眾,"175,953,884","6,797,853",25.91,9.32
,Shin Shin,,,,
2903,遠東百貨,"7,483,838,833","440,100,219",16.89,31.04
,FEDS,,,,
2905,三商,"3,516,867,161","172,033,808",19.8,24.57
,MERCURIES HOLDING,,,,
2906,高林實業,"187,260,649","16,369,006",11.28,7.74
,Collins,,,,
2908,特力,"2,964,413,517","148,670,144",19.66,29.17
,Test Rite,,,,
2910,統領百貨,"61,282,410","2,280,377",24.46,1.1
,TONLIN,,,,
2911,麗嬰房,"1,677,036,628","114,543,642",13.63,55.96
,LES,,,,
2912,統一超商,"69,780,442,894","294,736,741",237.69,28.34
,PCSC,,,,
2913,臺灣農林,"6,783,278,071","456,266,711",14.64,64.57
,TTC,,,,
2915,潤泰全球,"47,243,019,060","911,192,585",51.45,96.78
,RUENTEX IND. LTD,,,,
2929,淘帝-KY,"21,759,851,382","161,231,342",134.62,268.37
,TOPBI,,,,
2936,客思達-KY,"1,938,607,255","48,089,541",39.05,62.82
,COASTER,,,,
5907,大洋-KY,"2,566,450,679","105,964,317",23.8,53.02
,GORG,,,,
8429,金麗-KY,"19,516,574,014","365,519,244",51.95,266
,Jinli,,,,
8443,阿瘦,"377,857,120","18,963,011",20.48,28.41
,ASO,,,,
8454,富邦媒,"5,065,255,733","23,766,090",210.33,16.73
,momo,,,,
21,化學工業類,,,,
,Chemical,,,,
1316,上曜,"461,714,682","41,745,086",10.76,24.56
,SUN YAD,,,,
1704,榮化,"39,641,627,583","1,079,525,575",37.08,126.38
,LCYCIC,,,,
1708,東?,"3,363,377,170","118,581,900",27.49,63.59
,Sesoda,,,,
1709,和益化工,"3,718,635,903","222,128,974",16.37,51.2
,FUCC,,,,
1710,東聯化學,"8,633,475,591","401,291,209",20.53,45.3
,OUCC,,,,
1711,永光化學,"3,939,905,908","191,327,563",20.34,35.96
,EVERLIGHT,,,,
1712,興農,"2,460,959,339","169,900,261",14.43,49.24
,Sinon,,,,
1713,國泰化工,"154,769,317","10,233,478",15.13,6.77
,Cathay Chemical,,,,
1714,和桐化學,"3,079,302,148","400,452,594",7.41,41.2
,HO TUNG,,,,
1717,長興,"5,795,623,064","173,899,699",33.1,16.18
,ETERNAL,,,,
1718,中國人纖,"8,589,176,219","1,064,233,210",7.83,76.3
,CMFC,,,,
1721,三晃,"3,417,942,666","225,038,437",14.41,108.76
,Sunko Ink,,,,
1722,台灣肥料,"16,516,868,246","379,702,668",43.02,38.74
,Taiwan Fertilizer,,,,
1723,中鋼碳素,"10,365,431,956","94,490,215",108.8,39.88
,CSCC,,,,
1724,台硝,"447,028,679","26,686,558",16.26,20.91
,T.N.C.,,,,
1725,元禎,"68,499,548","4,990,021",13.54,2.74
,YJE,,,,
1726,永記造漆,"1,198,666,936","15,920,635",75.58,9.84
,YCP,,,,
1727,中華化,"284,046,363","21,205,222",13.22,19.22
,CHCIW,,,,
1730,花仙子,"1,366,510,052","37,197,769",36.81,65.76
,FARCENT,,,,
1732,毛寶,"698,095,848","51,029,610",13.29,120.24
,Mao Bao,,,,
1735,日勝化工,"569,407,257","42,365,247",12.65,42.62
,EMC,,,,
1773,勝一化工,"1,154,261,411","24,940,861",45.62,16.62
,SHINY,,,,
1776,展宇科技,"621,461,369","25,091,430",22.9,36.08
,Headway,,,,
3708,上緯投控,"6,599,016,784","75,104,236",85.37,82.68
,Swancor,,,,
4720,德淵企業,"223,714,289","14,035,202",15.96,16.95
,TEX YEAR,,,,
4722,國精化學,"4,380,008,821","125,001,733",34.89,131.24
,QPC,,,,
4725,信昌化工,"4,932,677,780","276,097,571",15.3,94.56
,TPCC,,,,
4733,上緯,"45,535,018,827","330,573,066",133.75,376.52
,SWANCOR,,,,
4755,三福化,"585,231,105","19,829,628",27.21,22.06
,SAN FU,,,,
4763,材料-KY,"4,499,615,848","40,386,617",110.45,86.89
,ACE,,,,
22,生技醫療類,,,,
,Biotechnology & Medical Care,,,,
1598,岱宇,"801,074,066","18,459,458",41,19.86
,Dyaco,,,,
1701,中國化學,"1,538,595,323","81,675,010",18.54,27.39
,CCPC,,,,
1707,葡萄王,"50,805,310,197","236,829,726",215.79,181.72
,Grape King,,,,
1720,生達化學,"2,898,186,971","84,692,677",33.5,47.4
,S.C.P.C,,,,
1729,必翔,"8,306,412,839","120,158,096",69.2,65.01
,Pihsiang,,,,
1731,美吾華,"1,536,486,024","103,611,388",13.55,77.97
,Maywufa,,,,
1733,五鼎,"3,912,507,579","82,001,269",45.15,82.57
,ApexBio,,,,
1734,杏輝藥品,"1,934,814,233","68,665,979",26.9,42.27
,SINPHAR,,,,
1736,喬山,"2,559,021,581","51,737,749",48.92,17.03
,JHT,,,,
1762,中化合成,"2,632,344,018","72,978,753",32.67,94.1
,CCSB,,,,
1783,和康生,"1,367,402,905","56,477,186",23.28,79.71
,MBI,,,,
1786,科妍,"3,422,015,431","59,251,369",54.98,110.75
,SVBI,,,,
1789,台灣神隆,"15,323,957,261","328,479,450",44.25,44.51
,SPT,,,,
3164,景岳生技,"987,708,466","41,450,489",22.45,46.62
,GenMont,,,,
3705,永信,"2,103,503,667","44,307,946",47.2,16.63
,Y.S.H.,,,,
4104,佳醫,"3,724,610,228","75,295,010",48.46,61.09
,EXCELSIOR,,,,
4106,雃博,"4,831,005,863","120,730,484",37.44,144.79
,APEX,,,,
4108,懷特,"22,070,923,272","593,319,665",32.77,362.61
,PhytoHealth,,,,
4119,旭富,"27,042,136,886","321,671,372",82.46,420.43
,SCI,,,,
4133,亞諾法,"1,893,241,101","53,379,049",33.81,91.53
,Abnova,,,,
4137,麗豐-KY,"68,570,852,786","328,687,875",200.93,413.48
,CHLITINA,,,,
4141,龍燈-KY,"6,786,044,926","174,941,723",36.42,115.16
,Rotam,,,,
4142,國光生技,"4,847,070,069","201,441,738",23.25,84.78
,ADIM,,,,
4144,康聯-KY,"2,260,508,747","46,825,853",47.82,59.93
,Coland,,,,
4164,承業生醫,"2,281,250,769","45,056,682",49.68,32.24
,CHC,,,,
4190,佐登-KY,"6,862,541,717","69,237,784",98.88,115.93
,JDS,,,,
4737,華廣,"689,843,543","13,335,062",49.85,25.91
,BIONIME,,,,
4746,台耀化學,"34,130,324,462","383,220,566",88.27,438.11
,FRMSL,,,,
6452,康友-KY,"99,501,578,587","248,792,839",410.75,382.76
,Pharmally,,,,
23,油電燃氣類,,,,
,"Oil, Gas and Electricity",,,,
2616,山隆,"1,309,245,470","51,671,734",24.97,44.43
,SLC,,,,
6505,台塑化,"87,159,779,781","944,319,033",92.85,9.92
,FPCC,,,,
8926,台汽電,"2,768,183,499","117,831,973",23.59,20
,TCC,,,,
9908,大台北瓦斯,"613,844,263","26,347,784",23.39,5.11
,GTG,,,,
9918,欣天然,"46,752,068","1,481,388",31.5,0.81
,S.S.N.G.,,,,
9926,新海瓦斯,"143,161,634","3,495,034",40.99,1.97
,S.H.,,,,
9931,欣高,"61,596,785","1,970,591",31.37,1.92
,Hsin Kao,,,,
9937,全國加油站,"1,231,968,604","33,309,771",36.68,10.78
,NPC,,,,
24,半導體業類,,,,
,Semiconductor,,,,
1437,勤益控,"782,000,034","54,811,462",14.08,27.53
,GTM,,,,
2302,麗正,"482,508,032","76,376,235",6.08,45.92
,Rectron,,,,
2303,聯電,"87,195,264,198","7,185,312,037",12.03,56.58
,UMC,,,,
2311,日月光,"154,136,662,574","4,357,554,635",35.77,55.01
,A. S. E.,,,,
2325,矽品,"95,160,220,630","1,899,341,599",48.91,60.95
,Siliconware,,,,
2329,華泰,"7,750,995,913","606,591,218",12.15,75.02
,OSE,,,,
2330,台積電,"1,308,684,662,240","8,007,380,134",166.36,30.85
,TSMC,,,,
2338,光罩,"616,895,760","68,942,380",8.7,27.02
,TMC,,,,
2344,華邦電,"25,583,767,789","2,719,670,171",9.32,75.96
,WEC,,,,
2351,順德,"9,329,445,266","247,309,259",36.25,135.78
,SDI Corporation,,,,
2363,矽統,"2,135,724,913","314,778,602",6.59,51.96
,SiS,,,,
2369,菱生,"4,151,330,166","389,677,273",9.91,102.52
,LPI,,,,
2379,瑞昱,"86,153,971,829","887,135,899",98.43,175.7
,RT,,,,
2388,威盛,"3,199,642,961","254,315,711",11.15,51.56
,VIA,,,,
2401,凌陽,"8,526,210,891","715,871,527",11.61,120.94
,Sunplus,,,,
2408,南亞科,"93,586,628,817","2,271,801,239",40.07,82.65
,NTC,,,,
2434,統懋,"106,213,920","15,436,802",6.82,13.94
,Mospec,,,,
2436,偉詮電,"13,305,656,458","594,797,848",21.7,268.51
,Weltrend,,,,
2441,超豐,"5,256,040,413","139,190,225",37.66,24.47
,GTK,,,,
2449,京元電子,"50,071,580,644","1,814,222,472",27.19,155.93
,KYEC,,,,
2451,創見,"10,868,635,289","117,595,739",91.61,27.32
,Transcend,,,,
2454,聯發科,"401,477,677,247","1,746,597,702",230.85,110.99
,MediaTek,,,,
2458,義隆,"27,656,611,333","726,125,139",36.97,165.61
,Elan,,,,
2481,強茂,"13,218,098,553","779,522,180",15.88,216.17
,Pan Jit,,,,
3006,晶豪科,"19,948,048,453","642,572,787",29.61,229.98
,ESMT,,,,
3014,聯陽,"3,923,499,187","132,093,567",28.87,83.68
,ITE,,,,
3016,嘉晶,"8,930,920,024","416,376,520",19.46,170.69
,PRECISION,,,,
3034,聯詠,"96,731,990,400","832,478,058",115.22,136.81
,NOVATEK,,,,
3035,智原,"18,332,468,370","489,710,086",36.15,197.03
,Faraday,,,,
3041,揚智,"14,487,685,326","671,796,975",18.69,221.76
,Ali,,,,
3054,立萬利,"2,219,409,358","102,159,840",20.29,94.47
,LIWANLI,,,,
3094,聯傑國際,"2,214,312,098","92,496,285",22.98,111.11
,DAVICOM,,,,
3189,景碩,"37,026,060,999","526,988,051",69.95,118.17
,KINSUS,,,,
3257,虹冠電,"1,651,525,440","40,118,875",39.3,64.05
,CMC,,,,
3413,京鼎,"27,331,268,767","303,433,409",83.98,427.12
,Fiti,,,,
3443,創意,"12,115,821,242","153,420,656",75.81,114.49
,GUC,,,,
3474,華亞科,"112,591,842,356","4,159,517,204",28.06,80.26
,Inotera,,,,
3519,綠能,"25,554,112,474","1,238,508,529",19.38,384.81
,GET,,,,
3532,台勝科,"6,420,828,553","136,791,413",35.72,17.63
,FST,,,,
3536,誠創科技,"908,063,800","65,612,480",11.7,67.79
,STI,,,,
3545,敦泰,"28,190,502,047","860,525,759",30.52,292.14
,FocalTech,,,,
3559,全智科技,"3,442,636,719","160,843,578",21.13,133.74
,GS,,,,
3579,尚志,"1,371,597,891","95,245,488",13.42,82.39
,SCSC,,,,
3583,辛耘,"4,130,493,111","58,085,534",67.41,71.6
,Scientech,,,,
3588,通嘉,"3,891,382,560","108,677,532",31.3,230.1
,LD,,,,
3598,奕力科技,"1,644,315,616","32,682,654",49.83,45.41
,ILITEK,,,,
3661,世芯-KY,"5,735,122,752","174,612,960",30.31,284.75
,Alchip,,,,
3686,達能科技,"5,795,542,915","647,732,121",8.19,185.26
,Danen,,,,
4919,新唐科技,"13,778,628,496","389,298,820",34.17,187.58
,NTC,,,,
4952,凌通科技,"9,392,616,377","227,484,881",39.93,209.04
,Generalplus,,,,
4968,立積,"9,092,378,162","136,923,850",66.69,258.4
,Richwave,,,,
5269,祥碩科技,"53,951,519,201","266,660,350",199.34,467.14
,Asmedia,,,,
5285,界霖,"638,435,833","19,841,683",31.02,26.52
,Jih Lin,,,,
5305,敦南,"4,969,265,192","220,190,098",21.94,71.28
,LSC,,,,
5471,松翰,"3,328,772,277","93,776,773",33.75,55.86
,SONIX,,,,
6202,盛群,"5,261,769,133","101,560,501",51.15,44.9
,HOLTEK,,,,
6239,力成,"55,871,549,191","736,129,676",75.91,94.45
,PTI,,,,
6243,迅杰,"3,384,077,025","196,658,424",16.1,261.54
,ENE,,,,
6257,矽格,"5,135,955,069","219,242,206",23.35,60.92
,SIGURD,,,,
6271,同欣電子,"33,442,856,282","328,871,508",100.35,201.88
,THEIL,,,,
6286,立錡科技,"3,399,128,740","17,665,340",192.3,11.89
,Richtek,,,,
6415,矽力-KY,"35,588,292,705","83,210,423",426.31,105.4
,Silergy,,,,
6451,訊芯-KY,"29,987,577,139","249,184,199",106.45,236.3
,ShunSin,,,,
6525,捷敏-KY,"9,949,551,949","166,499,239",57.08,156.11
,GEM,,,,
6531,愛普科技,"4,604,138,209","53,971,703",82.29,76.99
,AP Memory,,,,
8016,矽創,"27,465,243,487","274,283,024",100.27,229.48
,Sitronix,,,,
8081,致新,"12,315,297,910","173,545,132",67.19,201.41
,GMT,,,,
8110,華東科技,"3,789,832,826","362,121,580",9.57,75
,WALTON,,,,
8131,福懋科技,"2,126,193,442","94,879,526",22,21.46
,FATC,,,,
8150,南茂,"4,968,675,328","167,750,648",30.59,18.8
,ChipMOS,,,,
8261,富鼎先進,"582,258,564","23,213,082",23.82,28.46
,APEC,,,,
8271,宇瞻,"9,321,995,003","354,730,147",25.82,278.31
,Apacer,,,,
25,電腦及週邊設備業類,,,,
,Computer and Peripheral Equipment,,,,
2301,光寶科,"60,433,529,831","1,403,972,377",43.1,59.97
,LTC,,,,
2305,全友,"2,507,706,332","282,425,139",7.9,137.32
,MII,,,,
2324,仁寶,"55,458,526,268","2,871,445,987",19.24,64.46
,Compal,,,,
2331,精英,"6,540,858,873","391,346,450",17.08,70.2
,Elitegroup,,,,
2352,佳世達,"24,299,253,350","1,934,167,507",11.92,98.34
,Qisda,,,,
2353,宏碁,"49,655,065,912","3,574,043,804",13.28,115.95
,ACER,,,,
2356,英業達,"75,311,892,376","3,264,594,066",23,91.01
,Inventec,,,,
2357,華碩,"85,905,502,838","313,666,690",274.19,42.23
,Asustek,,,,
2358,廷鑫,"559,861,753","55,900,010",9.28,93.04
,TS,,,,
2362,藍天,"5,414,716,988","185,003,331",28.88,27.07
,CLEVO,,,,
2365,昆盈,"728,871,340","78,101,207",9.19,26.6
,KYE,,,,
2376,技嘉,"13,974,457,135","355,256,001",38.62,56.47
,GIGABYTE,,,,
2377,微星,"125,268,512,208","1,848,718,715",62.88,218.81
,MSI,,,,
2380,虹光,"334,522,286","47,196,284",7,22.46
,Avision,,,,
2382,廣達,"89,023,380,881","1,507,156,332",58.69,39.02
,QCI,,,,
2387,精元,"3,916,876,274","241,068,514",16.31,79.03
,Sunrex,,,,
2395,研華,"46,971,934,550","196,817,691",241.72,31.14
,Advantech,,,,
2397,友通,"8,368,931,040","156,847,990",51.12,136.59
,DFI,,,,
2399,映泰,"768,930,034","86,912,390",8.11,48.78
,Biostar,,,,
2405,浩鑫,"12,473,225,988","1,311,258,238",8.8,376.54
,Shuttle,,,,
2417,圓剛,"1,685,591,753","161,590,099",9.74,83.78
,AVerMedia,,,,
2424,隴華,"31,440,365","1,205,591",26.26,4.02
,Lung Hwa,,,,
2425,承啟,"3,256,010,139","150,674,996",20.96,137.91
,CHAINTECH,,,,
2442,新美齊,"497,633,842","76,818,605",6.13,38.55
,Jean,,,,
2465,麗臺,"540,337,641","56,787,248",9.12,51.84
,Leadtek,,,,
3002,歐格,"177,257,360","17,075,472",10.21,16.74
,Ahoku,,,,
3005,神基,"30,592,392,768","1,006,806,587",27.58,176.42
,MTC,,,,
3013,晟銘電,"5,578,711,179","325,141,549",15.91,188.3
,UNEEC,,,,
3017,奇鋐,"25,035,241,439","935,583,396",25.67,264.81
,AVC,,,,
3022,威強電,"6,930,111,624","164,133,670",41.36,50.01
,IEI,,,,
3046,建碁,"109,173,356","15,813,102",6.99,13.34
,AOpen,,,,
3057,喬鼎,"6,108,329,430","338,668,825",16.29,208.89
,Promise.,,,,
3060,銘異,"14,615,387,775","331,727,366",42.97,190.41
,MIN AIK,,,,
3231,緯創,"69,796,651,088","3,268,810,689",21.43,126.1
,Wistron,,,,
3416,融程電,"1,084,255,053","21,535,974",50.26,35.78
,WinMate,,,,
3494,誠研,"5,845,114,268","371,334,062",13.97,206.92
,HiTi,,,,
3515,華擎,"891,284,409","21,095,991",40.64,18.34
,ASROCK,,,,
3706,神達,"35,862,690,413","1,280,805,964",26.7,161.86
,MHC,,,,
4915,致伸,"43,986,940,597","1,036,100,549",41.85,234.52
,Primax,,,,
4916,事欣科,"17,006,410,759","397,039,383",37.9,584.76
,PARPRO,,,,
4938,和碩,"168,771,870,405","2,278,250,138",74.6,88.05
,Pegatron,,,,
5215,科嘉-KY,"751,177,135","22,418,549",32.93,41.26
,KO JA,,,,
5258,虹堡,"154,458,517","3,564,520",41.95,4.81
,Castles,,,,
5264,鎧勝-KY,"48,476,947,302","391,058,918",125.73,115.12
,Casetek,,,,
6117,迎廣,"75,383,826","5,248,489",14.15,5.91
,IN WIN,,,,
6128,上福,"1,335,566,213","32,499,532",40.28,35.75
,GPI,,,,
6166,凌華,"6,877,913,774","105,599,520",64.99,48.63
,ADLINK,,,,
6206,飛捷,"8,107,064,958","76,342,527",104.99,52.13
,FLYTECH,,,,
6230,超眾,"66,389,716,372","470,198,048",139.85,544.57
,CCI,,,,
6235,華孚科技,"6,589,799,689","390,926,842",14.31,275.7
,Waffer,,,,
6277,宏正,"3,835,244,894","47,663,683",79.16,39.92
,ATEN,,,,
6414,樺漢,"61,961,175,277","144,482,179",433.81,199.52
,ENNOCONN,,,,
8114,振樺電子,"6,997,202,258","40,188,321",169.16,58.1
,POSIFLEX,,,,
8163,達方電子,"5,721,480,236","288,269,597",19.24,96.77
,DARFON,,,,
8210,勤誠興業,"7,623,327,261","147,413,954",50.7,122.72
,CHENBRO,,,,
9912,偉聯科技,"146,500,415","17,745,030",8.14,33.21
,AIC,,,,
26,光電業類,,,,
,Optoelectronic,,,,
2323,中環,"3,399,238,448","931,611,724",3.6,47.41
,CMC,,,,
2340,光磊,"7,322,645,473","584,870,404",12.04,107.19
,OPTO,,,,
2349,錸德,"10,732,864,235","2,822,201,744",3.63,125.8
,RITEK,,,,
2374,佳能,"2,261,330,360","129,946,837",17.68,45.97
,Ability,,,,
2393,億光,"34,100,529,397","668,031,394",49.77,152.85
,Everlight,,,,
2406,國碩,"35,328,209,225","1,319,781,497",25.2,402.26
,Gigastorage,,,,
2409,友達,"178,320,034,232","16,353,646,972",10.66,169.94
,AUO,,,,
2426,鼎元,"4,513,330,754","325,615,550",13.15,114.36
,Tyntek,,,,
2438,翔耀,"179,725,954","13,887,781",12.67,15.17
,Enlight,,,,
2448,晶電,"100,092,287,222","4,168,905,731",23.12,380.39
,Epistar,,,,
2466,冠西電,"835,596,328","24,753,612",33.72,15.84
,Cosmo,,,,
2486,一詮,"803,383,519","88,221,052",8.96,42.99
,I-Chiun,,,,
2489,瑞軒,"24,238,366,688","1,123,689,252",20.61,134.69
,Amtran,,,,
2491,吉祥全,"54,383,442","7,249,875",7.36,11.68
,Infodisc,,,,
2499,東貝,"7,589,864,729","476,801,356",15.92,144.33
,UNI,,,,
3008,大立光,"582,228,352,561","204,722,306","3,065.59",152.61
,LARGAN,,,,
3019,亞洲光學,"8,914,845,779","304,887,754",28.4,108.47
,ASIA,,,,
3024,憶聲,"1,135,695,552","188,156,801",4.6,67.83
,ACN,,,,
3031,佰鴻,"2,586,759,879","238,926,118",9.67,121.48
,BRIGHT,,,,
3038,全台,"4,006,167,218","335,314,393",10.85,167.02
,EDT,,,,
3049,和鑫,"8,502,294,792","1,058,980,850",7.46,143.71
,SINTEK,,,,
3050,鈺德,"2,891,022,004","252,581,482",10.46,177.28
,U-Tech,,,,
3051,力特,"1,184,972,527","244,801,158",4.56,91.6
,Optimax,,,,
3059,華晶科,"12,132,949,482","503,495,442",23.41,184
,Altek,,,,
3149,正達國際,"3,728,950,043","255,601,113",13.57,112.07
,G-TECH,,,,
3356,奇偶科技,"2,479,768,518","43,484,508",59.06,55.64
,GeoVision,,,,
3406,玉晶光,"45,736,145,065","570,373,499",58.78,571.67
,GENIUS,,,,
3437,榮創,"3,759,476,510","146,083,888",24.25,98.89
,AOT,,,,
3454,晶睿,"12,762,908,757","152,299,565",82.08,195.24
,VIVOTEK,,,,
3481,群創光電,"144,381,204,725","13,438,627,498",10.58,135.04
,INX,,,,
3504,揚明光,"2,475,542,445","75,239,534",30.54,65.97
,Young Optics,,,,
3514,昱晶能源,"74,040,891,291","2,870,203,907",24.08,638.4
,GINTECH,,,,
3535,晶彩科,"9,055,421,983","580,062,750",13.97,738.01
,Favite,,,,
3557,嘉威光電,"267,138,005","55,858,692",4.27,49.91
,Gamma,,,,
3561,昇陽光電,"11,210,002,968","626,543,164",17.11,168.75
,SEC,,,,
3573,穎台科技,"961,434,594","36,717,759",26.17,28.97
,ENTIRE,,,,
3576,新日光,"30,688,915,106","1,673,035,044",17.78,169.68
,NSP,,,,
3584,介面光電,"230,614,868","56,992,080",4.02,40.52
,JTOUCH,,,,
3591,艾笛森,"907,657,607","62,732,987",14.27,47.26
,EDISON OPTO,,,,
3622,洋華,"2,465,979,936","190,352,797",11.79,125.82
,YFO,,,,
3669,圓展科技,"1,144,912,552","56,184,153",18.45,57.61
,AVI,,,,
3673,TPK-KY,"186,156,393,679","2,872,497,636",62.36,826.53
,"TPK Holding Co., Ltd.",,,,
3698,隆達電子,"6,615,306,128","426,053,016",15.07,84.77
,Lextar,,,,
4934,太極能源,"23,053,082,597","1,237,833,905",17.17,393.59
,Tainergy,,,,
4935,茂林-KY,"28,448,999,934","409,787,226",69.19,292.15
,GLT,,,,
4942,嘉彰,"1,296,205,517","54,062,727",23.25,37.49
,Chia Chang,,,,
4956,光鋐科技,"14,562,598,473","652,432,998",15.41,649.81
,Epileds,,,,
4960,奇美材料,"10,811,912,506","672,753,642",15.56,130.05
,CMMT,,,,
4976,佳凌科技,"2,225,434,147","106,362,767",17.91,99.83
,CALIN,,,,
5234,達興材料,"1,007,636,775","29,637,510",32.31,31.74
,DAXIN,,,,
5243,乙盛-KY,"9,306,473,586","250,654,763",35.54,144.44
,ESON,,,,
5484,慧友,"563,208,682","84,773,540",5.75,73.4
,EverFocus,,,,
6116,彩晶,"56,171,230,116","8,153,456,521",5.58,252.13
,HannStar,,,,
6120,達運,"2,870,683,945","243,796,588",11.64,33.94
,DARWIN,,,,
6131,悠克國際,"1,908,099,062","170,937,300",11.22,167.7
,YOKO,,,,
6164,華興電子,"957,918,767","78,965,711",11.6,69.16
,LEDTECH,,,,
6168,宏齊,"1,254,040,871","114,336,980",10.37,55.18
,HARVATEK CORPOR,,,,
6176,瑞儀,"87,592,371,630","1,590,787,711",55.41,342.07
,ROEC,,,,
6209,今國光學,"8,639,095,129","420,762,587",17.97,258.81
,KINKO,,,,
6226,光鼎電子,"501,076,899","79,559,243",5.79,84.83
,Para Light,,,,
6278,台表科,"2,790,381,372","101,694,564",27.31,34.43
,TSMT,,,,
6405,悅城,"313,350,662","18,281,819",16.63,27.79
,ONANO,,,,
6431,光麗-KY,"198,740,253","21,429,423",9.07,46.97
,KSKL,,,,
6443,元晶,"8,880,411,048","666,295,832",13.06,167.73
,TSEC,,,,
6456,GIS-KY,"59,860,379,375","645,946,848",89.67,208.75
,GIS,,,,
6477,安集,"698,802,711","34,128,625",18.92,41.71
,Anji,,,,
8072,陞泰科技,"341,559,949","14,383,675",23.78,14.39
,AV TECH,,,,
8105,凌巨,"25,920,286,361","1,380,515,644",18.47,312.66
,GiantPlus,,,,
8215,明基材料,"4,154,123,081","247,972,525",16.37,77.34
,BMC,,,,
27,通信網路業類,,,,
,Communications and Internet,,,,
2314,台揚,"9,055,034,719","556,725,053",14.98,229.9
,MTI,,,,
2332,友訊,"4,402,545,275","398,543,613",10.71,60.47
,D-Link,,,,
2345,智邦,"96,402,819,738","2,327,595,169",42.4,432.98
,Accton,,,,
2412,中華電信,"295,231,822,926","2,698,312,742",109.64,34.79
,CHT,,,,
2419,仲琦,"37,695,440,949","1,782,265,133",20.55,791.58
,Hitron,,,,
2439,美律,"128,875,588,641","1,370,458,239",86.8,740.66
,Merry,,,,
2444,友旺,"2,745,993,416","204,034,516",12.92,238.82
,Abo-Com,,,,
2450,神腦,"2,571,445,916","52,011,067",47.18,20.14
,Senao,,,,
2455,全新,"45,761,813,558","948,406,238",46.97,397.8
,VPEC,,,,
2485,兆赫,"72,794,387,693","1,606,013,227",43.2,505.52
,Zinwell,,,,
2498,宏達電,"419,406,748,027","4,689,584,498",86.55,566.57
,HTC,,,,
3025,星通,"1,002,679,082","84,289,922",10.75,118.86
,Loop,,,,
3027,盛達,"1,324,306,080","98,427,288",13.07,100.81
,BILLION,,,,
3045,台灣大哥大,"114,930,755,485","1,065,212,066",107.91,31.14
,TWM,,,,
3047,訊舟,"2,779,164,303","244,625,331",10.59,122.8
,EDIMAX,,,,
3062,建漢,"10,223,873,510","516,475,078",19.07,156.99
,CyberTAN,,,,
3311,閎暉,"1,869,377,202","109,852,779",16.18,58.01
,Silitech,,,,
3380,明泰,"13,037,815,660","696,456,618",18.36,158.47
,Alpha,,,,
3419,譁裕,"1,689,237,822","102,423,244",16.01,84.91
,WHAYU,,,,
3596,智易科技,"78,386,893,640","1,433,053,672",54.29,757.69
,Arcadyan,,,,
3682,亞太電信,"14,891,102,566","1,382,483,672",10.62,33.65
,APT,,,,
3694,海華,"2,035,190,161","126,077,244",15.39,97.12
,AzureWave,,,,
3704,合勤控,"3,983,030,167","253,943,214",15.29,56.05
,Unizyx,,,,
4904,遠傳,"87,513,058,841","1,198,021,095",73.11,36.77
,Far EasTone,,,,
4906,正文,"11,583,574,322","589,049,709",18.83,194.54
,Gemtek,,,,
4977,眾達-KY,"5,871,369,460","83,717,404",62.29,153.92
,PCL,,,,
4984,科納-KY,"14,033,308,351","216,953,599",61.05,476.74
,CoAdna,,,,
5388,中磊,"37,894,236,210","495,999,598",76.1,204.7
,SERCOMM,,,,
6136,富爾特,"814,562,294","34,482,152",23.53,29.84
,FTC,,,,
6142,友勁,"1,708,020,095","282,596,034",5.82,105.34
,CAMEO,,,,
6152,百一,"924,024,577","86,728,039",9.72,50.32
,PRIME,,,,
6216,居易,"1,824,419,769","61,596,200",29.03,78.13
,Draytek Corp.,,,,
6283,淳安電子,"3,367,805,641","190,468,292",8.73,213.7
,SOE,,,,
6285,啟碁,"57,109,371,508","664,960,836",86.04,195.7
,WNC,,,,
6442,光紅建聖,"7,858,881,658","142,174,426",50.55,215.41
,Ezconn,,,,
8011,台通光電,"3,412,020,435","175,847,424",18.25,172.6
,TTCC,,,,
8101,華冠,"697,912,019","112,586,620",6.12,26.99
,Arima Comm.,,,,
28,電子零組件業類,,,,
,Electronic Parts & Components,,,,
1471,首利,"661,931,024","121,662,498",5.28,60.38
,SL,,,,
1582,信錦,"6,709,186,418","121,815,114",53.09,81.29
,SYNCMOLD,,,,
2059,川湖,"22,587,088,703","59,135,558",383.9,62.04
,king slide,,,,
2308,台達電,"174,306,212,740","1,138,825,498",154.5,43.83
,Delta Electronics,,,,
2313,華通,"47,445,826,917","2,732,059,126",17.28,229.25
,COMPEQ MFG.,,,,
2316,楠梓電,"21,230,787,306","803,678,987",23.26,274.43
,WUS,,,,
2327,國巨,"9,008,295,344","160,455,292",57.31,26.49
,Yageo,,,,
2328,廣宇,"53,006,541,177","2,126,438,045",17.79,410.24
,Pan-International,,,,
2355,敬鵬,"40,545,346,583","637,637,636",63.57,160.42
,Chin-Poon,,,,
2367,燿華,"3,926,381,175","372,264,436",10.49,66.95
,Unitech,,,,
2368,金像,"9,492,807,089","902,217,479",9.76,160.87
,GCE,,,,
2375,智寶,"945,842,984","61,300,697",14.68,80.99
,Teapo,,,,
2383,台光電,"56,831,669,909","791,784,551",71.68,248.81
,EMC,,,,
2385,群光,"20,585,535,744","272,531,260",75.61,38.52
,Chicony,,,,
2392,正崴,"10,273,307,831","251,036,784",40.73,49.01
,FOXLINK,,,,
2402,毅嘉,"5,519,092,305","358,907,902",14.84,105.55
,ICHIA,,,,
2413,環科,"1,451,883,641","108,418,785",12.57,85.13
,UMEC,,,,
2415,錩新,"5,892,941,817","278,481,933",16.84,305.75
,Cx Tech,,,,
2420,新巨,"2,844,869,038","70,783,804",38.74,46.39
,Zippy,,,,
2421,建準,"13,765,220,011","571,701,810",23.36,227.83
,Sunon,,,,
2428,興勤,"11,978,088,647","208,259,255",55.46,162.6
,TKS,,,,
2431,聯昌,"3,222,968,068","221,726,781",13.83,199.88
,Lien Chang,,,,
2437,旺詮,"1,889,357,310","38,163,407",48.68,57.31
,Ralec,,,,
2440,太空梭,"140,884,646","16,547,536",8.45,11.89
,Space Shuttle,,,,
2443,新利虹,"421,132,059","55,944,472",7.26,38.4
,LEADDATA LTD,,,,
2456,奇力新,"37,874,794,745","583,578,606",64.62,459.33
,Chilisin,,,,
2457,飛宏,"4,056,861,935","356,618,559",10.62,128.43
,Phihong,,,,
2460,建通,"356,558,193","35,260,125",9.39,20.84
,Gem,,,,
2462,良得電,"895,713,421","47,311,054",18.2,42.49
,LINETEK,,,,
2467,志聖,"2,247,926,472","128,255,279",15.16,80.78
,C Sun,,,,
2472,立隆電,"8,017,776,363","214,017,602",37.12,163.11
,LEION,,,,
2476,鉅祥,"1,696,378,366","70,040,782",23.69,38.55
,GS,,,,
2478,大毅,"1,090,771,966","64,008,791",16.8,26.99
,Ta-I,,,,
2483,百容,"692,121,446","38,202,315",17.73,34.41
,ECE,,,,
2484,希華,"5,982,922,409","303,637,233",18.8,190.46
,Siward,,,,
2492,華新科,"29,149,027,406","989,912,484",29.57,180.04
,WTC,,,,
2493,揚博,"1,831,338,408","71,594,054",25.25,62.57
,AMPOC,,,,
3003,健和興,"9,140,158,594","235,089,161",37.03,151.02
,KST,,,,
3011,今皓,"792,833,141","103,962,748",7.49,92.24
,JH,,,,
3015,全漢,"1,778,892,911","72,067,375",23.45,37.49
,SPI,,,,
3021,鴻名企業,"469,704,459","36,327,538",12.35,34.66
,WELLTEND,,,,
3023,信邦,"31,478,972,010","450,818,702",69.3,205.95
,SINBON,,,,
3026,禾伸堂,"1,195,473,315","35,754,356",32.97,15.95
,HOLY  STONE,,,,
3032,偉訓,"13,512,429,100","346,640,545",36.62,335.61
,COMPUCASE,,,,
3037,欣興,"18,056,362,286","1,251,634,146",13.72,81.43
,Unimicron,,,,
3042,晶技,"15,694,476,598","370,085,196",41.69,119.48
,TXC,,,,
3044,健鼎,"21,802,675,067","334,126,073",64.15,63.58
,Tripod,,,,
3058,立德,"684,171,270","67,880,065",9.45,39.58
,Leader,,,,
3090,日電貿,"876,678,515","36,839,762",23.57,22.07
,NDB,,,,
3229,晟鈦,"861,809,605","53,784,014",14.05,88.73
,CHEER TIME,,,,
3296,勝德,"590,478,836","45,320,959",12.8,41.86
,POWERTECH,,,,
3308,聯德電子,"195,495,165","24,178,590",7.47,24.2
,BESTEC,,,,
3321,同泰電子,"745,066,122","32,346,239",20.68,36.34
,UNIFLEX,,,,
3338,泰碩,"4,872,162,485","161,300,664",27.13,231.72
,TAISOL,,,,
3376,新日興,"40,670,555,105","394,380,113",103.87,220.66
,SZS,,,,
3432,台端,"286,166,374","23,824,318",11.71,35.78
,TAI TWUN,,,,
3501,維熹科技,"4,858,990,375","94,391,393",50.58,79.85
,Well Shin,,,,
3533,嘉澤,"19,352,782,763","200,699,888",93.72,214.7
,LOTES,,,,
3550,聯穎,"847,815,480","56,775,531",14.16,66.78
,CTC,,,,
3593,力銘科技,"159,093,380","20,870,357",7.47,18.52
,logah,,,,
3605,宏致電子,"8,143,552,690","252,827,260",27.75,204.18
,ACES,,,,
3607,谷崧精密,"3,482,477,969","86,268,954",39.19,68.93
,Coxon,,,,
3645,達邁科技,"1,915,880,963","60,683,834",29.33,50.83
,TMT,,,,
3653,健策,"6,085,580,776","110,268,765",47.49,103.72
,JENTECH,,,,
3679,新至陞科技,"5,739,456,903","84,903,645",58.55,106.82
,Nishoku,,,,
4545,銘鈺,"3,613,288,638","50,954,208",59.75,66.16
,MAP,,,,
4912,聯德控股-KY,"1,812,641,846","21,609,413",81.51,54.65
,Lemtech,,,,
4927,泰鼎-KY,"3,908,316,437","106,495,097",36.32,86.86
,Apex,,,,
4943,康控-KY,"1,183,190,283","19,938,462",58.7,22.23
,CONCRAFT,,,,
4958,臻鼎-KY,"73,275,968,031","1,099,252,935",66.33,136.58
,ZDT,,,,
4999,鑫禾科技,"6,416,428,615","124,075,709",48.79,166.72
,Sinher,,,,
5469,瀚宇博德,"11,896,393,834","784,322,186",11.64,173.85
,Board,,,,
6108,競國實業,"4,266,942,081","203,421,671",17.92,127.21
,APCB INC.,,,,
6115,鎰勝,"1,817,048,313","43,553,558",39.72,24.29
,I-SHENG,,,,
6133,金橋,"98,921,236","10,374,908",9.5,8.88
,Golden Bridge,,,,
6141,柏承科技,"240,275,123","25,259,036",9.03,18.99
,Plotech,,,,
6153,嘉聯益,"6,883,358,899","348,958,425",19.55,107.99
,Career Tech.,,,,
6155,鈞寶電子,"146,088,774","8,003,106",17.79,9.36
,KC,,,,
6165,捷泰,"703,887,121","49,684,569",12.94,100.02
,JTT,,,,
6191,精成科技,"5,895,331,539","550,660,715",8.74,103.6
,GBM,,,,
6197,佳必琪,"3,509,544,147","125,501,199",27.31,72.36
,JPC,,,,
6205,詮欣,"1,578,976,899","53,946,654",28.49,75.07
,COXOC,,,,
6213,聯茂,"6,013,478,892","193,908,725",30.58,63.77
,ITEQ,,,,
6224,聚鼎科技,"2,443,778,188","40,377,487",59.69,50.47
,PTTC.,,,,
6251,定穎電子,"1,141,239,046","117,168,671",9.21,41.69
,DYNAMIC,,,,
6269,台郡,"77,588,416,873","929,754,537",83.24,329.3
,FLEXIUM,,,,
6282,康舒,"27,792,678,448","1,125,708,958",24.11,217.29
,AcBel,,,,
6412,群光電能,"9,542,087,290","207,710,002",40.25,55.39
,Chicony Power,,,,
6422,君耀-KY,"6,910,145,524","102,277,959",62.99,273.5
,BrightKing,,,,
6449,鈺邦,"3,376,185,098","109,588,896",28.8,149.75
,APAQ,,,,
8039,台虹,"4,658,407,602","133,134,467",34.41,64.7
,TAIFLEX,,,,
8046,南電,"3,048,185,910","108,229,544",28.53,16.74
,N.P.C.,,,,
8103,瀚荃,"1,975,057,561","73,371,626",25.98,91.68
,CviLux,,,,
8213,志超,"7,007,822,515","221,069,228",31.17,81.5
,tpt,,,,
8249,菱光科技,"1,638,953,652","77,138,690",20.49,60.71
,CSI,,,,
29,電子通路業類,,,,
,Electronic Products Distribution,,,,
2347,聯強,"29,349,353,925","867,877,758",33.54,53.59
,Synnex,,,,
2414,精技,"434,031,972","26,070,358",16.52,16.11
,UTE,,,,
2430,燦坤,"1,292,731,866","50,901,039",25.74,30.37
,TKE,,,,
2459,敦吉,"1,022,507,919","29,232,239",34.25,27.23
,Audix,,,,
3010,華立,"1,592,807,565","34,681,659",45.55,14.99
,Wahlee,,,,
3028,增你強,"1,341,442,843","75,846,684",17.22,35.47
,Zenitron,,,,
3033,威健,"1,404,900,446","76,747,671",18.51,25.28
,WEIKENG,,,,
3036,文曄,"16,492,577,389","397,127,938",40.83,86.39
,Wintech,,,,
3048,益登,"2,719,525,046","153,322,168",17.38,72.43
,EDOM,,,,
3055,蔚華科,"4,751,044,281","248,288,251",18.28,197.41
,SPIROX,,,,
3209,全科科技,"2,235,181,730","80,531,407",26.89,63.18
,ALLTEK,,,,
3312,弘憶股,"472,395,663","66,259,360",6.66,52.56
,G.M.I,,,,
3315,宣昶,"374,698,117","21,609,859",16.65,30.73
,MAXTEK,,,,
3528,安馳科技,"396,006,814","13,019,252",30.18,20.78
,ANSTEK,,,,
3702,大聯大,"40,343,742,680","1,093,436,307",36.07,66.03
,WPG,,,,
5434,崇越,"13,518,948,534","179,400,893",70.06,108.92
,TOPCO,,,,
6145,勁永,"1,751,767,587","175,478,149",9.93,72.53
,PQI,,,,
6189,豐藝,"1,672,216,200","50,670,373",32.53,28.3
,Promate,,,,
6281,全國電,"692,990,887","11,753,112",58.97,11.85
,E-LIFE MALL,,,,
8070,長華電材,"8,883,036,557","77,623,929",106.53,114.07
,CHANG WAH,,,,
8112,至上,"31,822,592,654","1,561,108,425",17.71,508.66
,Supreme,,,,
30,資訊服務業類,,,,
,Information Service,,,,
2427,三商電,"715,869,732","100,908,122",6.64,53.88
,MDS,,,,
2453,凌群,"541,709,735","47,821,300",10.9,47.81
,SYSCOM,,,,
2468,華經,"165,508,187","15,242,583",10.64,21.79
,FIS,,,,
2471,資通,"355,504,554","24,598,634",13.87,52.06
,ARES,,,,
2480,敦陽科,"1,157,911,835","44,103,980",25.86,33.16
,Stark,,,,
3029,零壹,"3,386,719,600","190,818,008",17.36,157.35
,ZERO ONE,,,,
3130,一零四,"615,879,427","4,393,788",139.15,13.24
,104 CORPORATION,,,,
4994,傳奇,"5,509,520,472","79,689,013",60.53,71.97
,X-LEGEND,,,,
5203,訊連,"2,329,288,299","33,536,180",69.21,34.64
,CyberLink,,,,
6112,聚碩,"829,341,166","30,691,460",26.76,32.57
,SYSAGE,,,,
6183,關貿網路,"216,207,827","8,292,166",26.07,5.52
,TRADE-VAN,,,,
6214,精誠,"10,274,767,018","186,426,504",53.94,69.24
,SYSTEX,,,,
31,其他電子業類,,,,
,Other Electronic,,,,
2312,金寶,"13,325,950,681","1,160,670,113",11.31,79.66
,Kinpo Electronics,,,,
2317,鴻海,"673,953,821,551","8,276,962,249",81.29,51
,Hon Hai,,,,
2354,鴻準,"99,087,100,244","1,298,428,759",77.17,92.59
,FoxconnTechnology,,,,
2359,所羅門,"2,491,792,215","159,791,397",14.92,93.19
,Solomon,,,,
2360,致茂,"15,715,559,640","201,280,214",75.7,52.7
,Chroma,,,,
2373,震旦行,"1,092,795,776","20,829,329",52.98,6.17
,Aurora,,,,
2390,云辰,"6,127,881,391","311,020,020",18.98,144.46
,Everspring,,,,
2404,漢唐,"14,113,783,605","291,493,909",47.96,122.36
,UIS,,,,
2423,固緯,"444,036,743","23,749,771",18.4,16.69
,GW,,,,
2433,互盛電,"736,119,649","17,302,905",41.75,11.99
,ASC,,,,
2461,光群雷,"3,188,380,466","188,446,164",15.19,142.27
,K Laser,,,,
2464,盟立,"41,148,090,649","992,958,315",38.74,517.99
,Mirle,,,,
2474,可成,"403,190,196,705","1,693,251,782",239.25,219.79
,Catcher,,,,
2477,美隆電,"1,355,877,850","86,094,531",13.74,36.05
,Meiloon,,,,
2482,連宇,"1,307,688,439","90,725,750",13.36,146.16
,UIC,,,,
2488,漢平,"15,388,665,585","339,829,490",44.07,424.77
,Hanpin,,,,
2495,普安,"2,401,916,989","139,754,104",16.24,50.12
,Infortrend,,,,
2497,怡利電,"4,315,197,696","121,832,354",33.04,102.58
,E-LEAD,,,,
3018,同開,"1,204,632,106","68,225,560",16.82,130.14
,TUNG KAI,,,,
3030,德律,"4,844,936,854","109,725,483",43.09,46.45
,TRI,,,,
3305,昇貿科技,"2,447,162,908","85,332,258",25.66,70.24
,SHENMAO,,,,
3450,聯鈞,"78,305,543,971","560,477,947",133.27,564.78
,ELASER,,,,
3518,柏騰,"1,111,164,252","43,701,347",24.5,51.42
,PT TECH.,,,,
3617,碩天,"13,608,420,821","123,335,649",106.33,152.51
,CyberPower,,,,
3665,貿聯-KY,"81,097,858,107","459,295,269",171.71,488.33
,BHI,,,,
5225,東科-KY,"782,717,797","20,032,605",37.68,32.83
,KYET,,,,
6139,亞翔,"26,065,864,889","849,715,081",26.82,427.26
,L & K,,,,
6192,巨路,"1,738,902,648","36,290,165",47.16,30.59
,LUMAX,,,,
6196,帆宣,"6,609,450,646","239,317,503",26.74,144.98
,MIC,,,,
6201,亞弘電,"1,045,031,866","32,184,684",29.11,36.1
,YAHORNG,,,,
6215,和椿,"2,002,277,889","137,997,748",13.11,166.69
,Aurotek,,,,
6409,旭隼,"17,270,981,239","35,682,943",480.52,47.37
,VOLTRONIC,,,,
8021,尖點,"2,856,924,256","132,320,625",21.01,82.96
,Topoint,,,,
8201,無敵科技,"219,970,834","24,539,791",8.62,31.7
,BESTA,,,,
20,其他類,,,,
,Others,,,,
1262,綠悅-KY,"24,298,480,466","166,432,553",142.05,112.08
,Green Seal,,,,
1435,中福國際,"45,260,686","10,245,598",4.47,7.33
,C.F.CORP.,,,,
2062,橋椿金屬,"10,068,972,173","237,393,656",41.88,145.13
,SSM,,,,
2348,海悅,"15,575,598","631,353",24.48,0.74
,Hiyes,,,,
2514,龍邦國際,"3,670,015,377","207,549,511",17.78,37.51
,LONG BON,,,,
2904,匯僑,"378,326,277","14,433,550",26.32,20.91
,POC,,,,
3040,遠見,"598,914,627","19,099,135",30.62,30.31
,GV,,,,
4536,拓凱,"1,019,195,903","9,327,216",106,10.28
,TOPKEY,,,,
5871,中租-KY,"41,209,626,194","770,672,431",53.77,67.66
,Chailease,,,,
6184,大豐電,"1,172,117,379","30,366,792",38.46,21.13
,DAH FUNG CATV,,,,
6464,台數科,"1,530,265,103","12,187,834",126.98,9.8
,top MSO,,,,
6504,南六,"6,823,188,283","45,705,587",148.26,62.95
,NAN LIU,,,,
8033,雷虎,"707,526,117","78,774,355",8.72,61.19
,TT,,,,
8341,日友,"33,874,127,977","248,588,942",133.26,222.94
,SF,,,,
8404,百和興業-KY,"16,689,231,506","449,441,497",36.42,196.36
,PAIHO SHIH,,,,
8411,福貞-KY,"2,036,153,229","67,119,180",27.4,42.88
,KINGCAN,,,,
8422,可寧衛,"11,940,821,389","69,017,736",171.53,63.37
,Cleanaway,,,,
8427,基勝-KY,"1,551,418,459","23,684,813",63.06,22.71
,KEYSHEEN,,,,
8442,威宏-KY,"378,375,928","8,077,528",46.9,16.15
,WW,,,,
8463,潤泰精材,"409,637,516","21,085,165",19.1,14.05
,RTM,,,,
8464,億豐,"85,744,652,387","298,042,546",299.05,101.7
,Nien Made,,,,
8466,美?-KY,"2,515,078,120","19,681,953",125.73,29.79
,M.J.,,,,
8467,波力-KY,"614,851,687","10,455,874",49.98,20.05
,BONNY WORLDWIDE LIMITED,,,,
8473,山林水,"1,353,588,509","23,800,222",54.54,18
,FOREST WATER,,,,
8488,吉源-KY,"292,690,799","6,351,058",45.48,9.41
,JYPKG,,,,
9802,鈺齊-KY,"8,930,389,186","149,977,577",58.69,111.64
,Fulgent Sun,,,,
9902,台火開發,"266,034,463","27,412,576",9.52,27.98
,Tidehold,,,,
9904,寶成工業,"57,479,051,825","1,371,582,595",42.07,46.54
,Pou Chen,,,,
9905,大華金屬,"998,287,451","39,709,015",25.56,13
,GCM,,,,
9907,統一實業,"3,913,966,877","266,994,904",14.5,16.9
,Ton Yi,,,,
9910,豐泰企業,"55,178,184,436","378,326,991",145.41,59.97
,FT,,,,
9911,台灣櫻花,"13,778,387,371","447,281,055",27.71,166.46
,Taiwan Sakura,,,,
9914,美利達,"34,606,135,186","248,685,261",140.17,83.18
,MIC,,,,
9917,中保,"5,730,695,596","62,869,505",91.46,13.93
,Taiwan Secom,,,,
9919,康那香,"544,154,303","48,266,584",10.95,24.48
,KNH,,,,
9921,巨大機械,"26,091,190,587","129,081,929",204.77,34.41
,Giant Mfg.,,,,
9924,臺灣福興,"12,189,399,547","269,181,140",43.82,142.84
,Taiwan Fu Hsing,,,,
9925,新保,"2,521,657,592","63,539,357",39.91,16.54
,SKS,,,,
9927,泰銘,"1,781,421,497","54,775,838",31.01,26.19
,TMI,,,,
9929,秋雨創新,"213,403,144","16,756,175",12.09,17.47
,CHOICE,,,,
9930,中聯資源,"908,671,879","15,894,936",56.96,7.03
,CHC,,,,
9933,中鼎,"25,437,662,414","580,529,075",44.56,76.16
,CTCI Corp.,,,,
9934,成霖,"2,638,659,857","174,299,520",14.94,49.18
,Globo,,,,
9935,慶豐富,"585,249,345","55,853,161",10.23,46.93
,Ching Feng,,,,
9938,百和,"52,255,483,273","557,764,532",92.97,187.19
,Taiwan Paiho,,,,
9939,宏全,"13,735,670,808","277,388,995",48.98,94.18
,Hon Chuan,,,,
9940,信義,"2,085,796,378","72,170,510",28.45,11.41
,Sinyi Realty,,,,
9941,裕融,"4,018,230,056","54,555,133",73.28,20.26
,TAC,,,,
9942,茂順,"1,931,748,539","23,213,650",82.45,27.91
,MAO SHUN,,,,
9944,新麗,"720,589,056","31,666,165",22.18,29.04
,Shinih,,,,
9945,潤泰新,"44,627,104,321","1,134,336,625",38.5,81.4
,RUENTEX DEVELOP,,,,
9955,佳龍,"876,147,465","53,118,076",14.94,51.46
,SDTI,,,,
,全額交割股票,"26,458,467,492","5,751,121,736",-,-
,Stocks Requiring Full Delivery,,,,
1418,東華合纖,"31,378,096","6,164,022",5,4.67
,TONG-HWA,,,,
1516,川飛,"346,157,160","13,521,009",22.01,63.26
,FALCON,,,,
1529,樂士,"182,617,469","43,002,322",3.85,26.91
,LUXE,,,,
1613,台一,"152,472,168","49,099,648",2.96,24.56
,Tai-I,,,,
2014,中鴻,"13,124,714,498","1,574,851,261",6.76,109.7
,CHUNG HUNG,,,,
2025,千興,"156,416,869","65,130,415",2.22,20.17
,CSSSC,,,,
2028,威致,"43,849,750","21,682,256",2.04,7.97
,WEI CHIH,,,,
2321,東訊,"39,566,357","17,402,757",2.02,5.85
,Tecom,,,,
2337,旺宏,"6,828,432,488","1,819,633,101",3.89,50.31
,MXIC,,,,
2342,茂矽,"201,066,942","74,819,822",2.59,20.11
,MVI,,,,
2364,倫飛,"73,858,223","38,972,491",1.96,23.64
,Twinhead,,,,
2429,銘旺科,"20,320,882","1,369,423",13.27,3.73
,PWT,,,,
2475,華映,"1,251,650,460","1,149,350,498",0.96,17.72
,CPT,,,,
2496,卓越成功,"329,394,008","22,100,959",39.96,63.09
,SPC,,,,
3043,科風,"59,988,898","25,054,451",2.33,12.86
,PCM,,,,
3383,新世紀,"1,656,917,137","307,522,206",5.23,96.72
,GPI,,,,
3701,大眾控,"18,619,044","2,697,678",8.05,1.68
,FICG,,,,
5259,清惠,"233,968,658","61,039,854",3.34,90.73
,C.E.C,,,,
5906,台南-KY,"31,527,204","11,193,974",4.18,15.22
,TAINAN CAYMAN,,,,
6172,互億,"70,046,650","8,888,155",8.62,29.63
,Billionton,,,,
6225,天瀚,"19,631,424","5,728,444",3.29,11.34
,AIPTEK,,,,
6289,華上,"63,529,430","42,625,098",1.28,15.82
,AOC,,,,
6702,復興航空,"1,478,789,052","383,190,606",6.15,53.14
,TNA,,,,
9928,中國電視,"43,554,625","6,081,286",6.62,4.59
,CTV,,,,
