櫃檯買賣股票成交資料彙總表  The Trading Summary of Listed Stocks,,,,,,,,,,,,,,
"102年02月  Feb., 13",,,,,,,,,,,,,,
"1. 櫃檯買賣股票月總成交值： 197,072,973,038元",,,,,,"3. 櫃檯買賣月總成交筆數： 2,138,733筆",,,,,,,,
     Total Trading Value of Listed Stocks（NTD）,,,,,,     Number of Transactions,,,,,,,,
"2. 櫃檯買賣股票月總成交量： 4,514,402,009股",,,,,,4. 成交量週轉率： 7.54%（以上櫃股數計算）,,,,,,,,
     Total Trading Volume of Listed Stocks（Share）,,,,,,     Turnover Rate,,,,,,,,
"代 號
 Code",股 票 名 稱Name of　　　 Stock,總  成  交  值　　　　（ 元 ）　　　　Total Trading Value　　　　　　　（NTD）,"總  成  交  量
（ 股 ）　　　Total Trading Volume　　　　　（Share）","總 成 交 筆 數
（ 筆 ）　　
Total Transactions",       成　　交　　價　　（元 / 股）　　　　  　　Average Price （NTD / Share）,,,,月底收盤價    .End of       Month," 本益比      P/E 　　
Ratio",平均殖利率（%）　　Average Yield, 週轉率（%）　 　Turnover Rate, 淨值比（%）　　PBR,
,,,,,平　均Average,最　高Highest,最　低   Lowest,"收市平均Cls. Avg. 
Price",,,,,,
1256,F-鮮活,"46,552,413","658,001",496,70.75,74,65.7,70.72,71.4,15.9,1.57,3.73,3.1,
1258,F-其祥,"9,188,155","344,218",205,26.69,27.45,26.3,26.73,26.6,N/A,8.27,1.01,1.61,
4205,恆義,"17,946,313","477,230",358,37.61,38.5,36.25,37.46,38,17.27,5.26,0.72,2.31,
4207,環泰,"163,262,418","11,443,909","3,309",14.27,14.8,13.7,14.24,14.4,10.36,1.74,8.5,1.12,
4712,南璋,"324,337,519","8,137,799","4,516",39.86,42.05,36.4,39.33,38.25,8.37,4.55,11.89,2.78,
4303,信立,"2,753,436","337,152",184,8.17,8.65,8.03,8.16,8.1,N/A,0,0.48,0.9,
4304,勝昱,"5,894,148","841,082",320,7.01,7.36,6.61,6.96,7.2,N/A,0,1.41,0.74,
4305,世坤,"14,256,662","579,378",357,24.61,25.5,24,24.56,24.85,11.67,4.43,1.05,1.72,
6508,惠光,"51,579,096","1,794,093","1,092",28.75,30,27.95,28.53,28.85,13.17,5.2,2.41,1.3
8354,冠郝,"25,329,681","1,945,015",618,13.02,13.35,12.65,13.01,13,3.27,6.15,3.5,0.72
9950,萬國通,"9,148,950","470,335",242,19.45,20.2,18.95,19.43,19.55,17.77,6.09,1.06,1.26
4401,東隆興,"385,592,337","13,071,570","5,021",29.5,32,26.7,27.91,31.25,13.71,7.04,10.87,1.91
4402,福大,"9,388,986","1,191,921",420,7.88,8.6,7.16,7.72,8.3,N/A,0,1.73,1.31
4406,新昕纖,"10,101,340","1,427,515",724,7.08,7.44,6.25,6.89,6.9,N/A,7.25,2.75,0.59
4417,金洲,"50,479,062","2,377,296","1,082",21.23,21.6,20.8,21.2,21.2,4.42,4.25,3.34,1.09
4419,松懋,"4,057,350","419,026",127,9.68,10.15,9.5,9.81,9.98,N/A,0,1.07,1.35
4420,光明,"3,266,834","178,030",119,18.35,18.8,18.15,18.37,18.45,20.27,7.32,0.6,1.05
4429,聚紡,"8,306,360","299,976",193,27.69,28,27.25,27.75,27.8,19.44,11.51,0.87,0.92
4432,銘旺實,"608,546,172","10,188,867","6,770",59.73,68.6,54.6,59.22,67,12.69,2.69,26.26,3.12
1558,伸興,"251,317,160","2,281,023","1,934",110.18,113,106,109.96,112.5,9.9,7.11,4.41,2.38
1566,捷邦,"275,182,172","7,802,961","3,397",35.27,37.5,33.55,34.62,33.8,34.49,2.37,18.57,2.53
1570,力肯,"2,545,576","381,254",167,6.68,7,6.51,6.8,6.6,N/A,0,0.74,0.92
1580,新麥,"367,026,817","2,772,008","2,113",132.4,136,123.5,130.73,134.5,14.67,5.58,6.48,5
1586,和勤,"7,483,156","443,556",130,16.87,17.5,16.45,16.94,16.55,N/A,3.02,0.95,0.77
1591,F-駿吉,"51,080,569","1,464,109",348,34.89,36,34,35.1,36,11.88,2.78,7.19,2.47
1597,直得,"1,733,429,548","21,671,788","16,570",79.99,87.9,70.3,79.94,78.5,21.69,2.55,40.86,3.02
1599,宏佳騰,"41,451,305","779,554",645,53.17,56.3,50.1,53.28,52.9,15.7,5.67,1.99,2.16
2233,宇隆,"664,607,743","9,461,910","5,835",70.24,78.1,62.5,68.14,78.1,18.6,5.12,25.25,2.9
3162,精確,"3,218,750","355,206",318,9.06,9.72,8.79,9.09,8.9,445,1.8,0.63,0.82
3379,彬台,"250,174,933","4,991,372","1,947",50.12,52.7,46.5,48.14,48.6,10.82,8.23,15.19,2.57
4502,源恆,"1,403,219","276,320",133,5.08,5.34,4.91,5.13,5.1,N/A,0,0.47,0.64
4503,金雨,"1,454,212","283,935",85,5.12,5.29,5.01,5.15,5.06,N/A,0,0.77,0.81
4506,崇友,"34,688,871","1,910,536",832,18.16,18.65,17.7,18.13,18.3,11.66,5.46,0.97,1.09
4510,高鋒,"69,721,612","6,798,073","2,089",10.26,10.7,9.81,10.14,10.7,32.42,4.67,7.83,0.82
4513,福裕,"166,044,550","13,969,154","5,105",11.89,12.85,11.3,11.7,11.5,12.92,0,18.17,1.02
4523,永彰,"58,679,373","2,055,162","1,253",28.55,29.9,27.5,28.37,27.85,46.42,2.51,3.21,0.93
4527,方土霖,"58,188,250","2,920,667","1,093",19.92,20.45,19.5,19.96,20.4,9.58,5.29,4.76,1.41
4528,江興鍛,"31,869,602","1,708,461",646,18.65,19.15,18.05,18.8,19,8.12,7.89,2.44,1.13
4529,雷風,"7,249,289","552,895",236,13.11,13.4,12.9,13.12,13,N/A,0,1.06,1.18
4530,宏易,"1,425,568","474,023",173,3.01,3.08,2.88,3.02,3.05,N/A,0,0.47,0.53
4533,協易機,"84,310,000","7,644,271","2,588",11.03,11.45,10.75,10.96,10.9,10.48,7.89,5.33,0.75
4534,慶騰,"3,482,237","391,556",112,8.89,9.59,8.45,9.03,9.5,N/A,0,0.59,0.96
4535,至興,"34,626,019","870,026",554,39.8,40.5,38.7,39.92,39.85,11.16,7.53,1.15,1.53
6122,擎邦,"20,406,936","1,523,574",570,13.39,13.65,13.25,13.42,13.45,17.24,7.43,2.22,0.82
6603,富強鑫,"267,906,974","17,843,360","7,445",15.01,16.3,13.55,14.86,15.05,22.8,3.32,15.94,0.98
6609,瀧澤科,"75,135,317","3,921,372","1,735",19.16,19.8,18.6,19.03,18.8,8.17,7.98,5.52,0.9
8083,瑞穎,"39,322,089","644,290",438,61.03,63.1,58.6,60.86,60.5,11.29,4.96,2.14,3.41
8255,朋程,"416,785,770","5,552,349","3,673",75.06,78,68.1,74.98,75.5,17.2,5.96,7.42,2.5
8996,高力,"1,004,979,659","18,301,984","11,397",54.91,60.6,47.1,54.75,58.4,28.91,2.57,26.19,3.02
9951,皇田,"99,117,087","2,217,764","1,378",44.69,47.5,41.85,44.3,45.8,10.29,5.46,2.96,2.99
2061,風青,"4,137,286","179,264",73,23.08,24,22,23.03,22.85,N/A,0.88,0.43,1.86
4609,唐鋒,"41,410,312","2,772,717","1,062",14.93,15.55,14.35,14.66,14.65,N/A,0,5.78,1.27
2035,唐榮,"13,065,369","428,098",252,30.52,31.7,29.7,30.45,30.5,44.85,0,0.12,1.45
2063,世鎧,"15,537,730","589,320",319,26.37,26.9,26,26.38,26,23.85,11.54,1.43,1.87
5009,榮剛,"887,409,769","36,831,157","13,194",24.09,24.85,23.15,24.02,23.35,10.91,6.3,8.65,1.23
5011,久陽,"11,118,284","489,174",318,22.73,24.3,20.8,22.2,23.1,7.55,7.79,1.5,1.8
5013,強新,"8,851,566","771,089",332,11.48,11.7,11.25,11.51,11.55,23.1,6.06,0.77,0.79
5014,建錩,"5,366,210","740,760",301,7.24,7.4,7.02,7.27,7.24,N/A,1.38,0.45,0.6
5015,華祺,"6,077,728","516,637",152,11.76,12,11.4,11.76,11.9,N/A,12.61,0.85,0.84
5016,松和,"15,359,821","663,176",321,23.16,23.5,23,23.11,23,13.61,10.87,1.34,1.14
8349,友信,"34,066,166","1,212,947",401,28.09,28.45,27,28.09,27.95,12.53,6.4,1.69,1.82
8930,青鋼,"2,894,314","236,139",98,12.26,12.4,12.05,12.26,12.1,46.54,8.02,0.41,0.94
9962,有益,"19,280,575","1,509,546",398,12.77,13,12.5,12.78,12.75,10.12,6.27,1.67,1.08
5102,富強,"10,170,658","675,258",283,15.06,15.6,14.3,15.08,15.2,52.41,7.89,1.05,1.16
2596,綠意,"13,920,548","773,906",245,17.99,18.6,17.8,17.99,17.95,12.05,5.57,1.08,1.32
3266,昇陽開,"173,889,784","7,967,370","2,313",21.83,23.05,21.15,21.68,21.7,65.76,3.69,6.47,1.64
4113,聯上,"157,554,536","7,397,148","3,068",21.3,22,20.2,21.06,21.7,6.18,6.31,7.98,1.32
4416,三圓,"49,910,896","438,074",274,113.93,116.5,112,113.81,113.5,5.25,3.96,0.73,2.53
5213,亞昕,"593,775,761","23,508,617","7,073",25.26,25.85,24,25.04,24.85,14.28,10.06,7.21,1.48
5324,士開,"16,626,797","509,403",270,32.64,33.2,32.2,32.63,32.6,5.95,12.27,0.8,2.09
5505,和旺,"459,840,812","22,512,496","5,371",20.43,21.45,19.75,20.39,20.3,N/A,1.77,12.18,1.27
5506,長鴻,"41,679,391","4,250,589","1,574",9.81,10.15,9.39,9.67,9.41,117.63,0,2.79,0.8
5508,永信建,"607,155,209","10,297,802","4,930",58.96,60.5,56.7,57.71,59,5.69,2.81,5.68,2.31
5511,德昌,"75,716,905","2,436,505","1,227",31.08,31.6,30.55,30.98,30.7,5.07,9.77,2.06,1.47
5512,力麒,"563,233,423","35,271,069","9,332",15.97,16.25,15.7,15.91,15.85,5.68,5.11,5.55,0.86
5514,三豐,"30,510,449","1,314,391",431,23.21,23.35,21.75,22.63,22.2,9.49,7.66,0.98,1.56
5516,雙喜,"1,614,218","127,110",79,12.7,13,12.35,12.73,12.55,4.2,7.97,0.33,0.79
5519,隆大,"61,368,356","1,935,525","1,021",31.71,32.5,31.2,31.71,31.6,8.88,14.94,1.61,2.14
5520,力泰,"2,493,200","88,000",55,28.33,28.8,27.1,28.34,28.05,14.31,4.81,0.12,1.08
5523,宏都,"8,684,791","1,031,849",390,8.42,8.8,8.1,8.39,8.3,N/A,0,0.58,0.94
5529,志嘉,"29,407,271","1,179,603",411,24.93,25.5,24.55,24.89,25,N/A,0,2.21,2.78
6177,達麗,"487,418,580","13,772,839","6,347",35.39,36.8,33.5,34.95,34.2,10.62,4.39,10.45,2.12
6212,理銘,"1,886,225","152,575",71,12.36,12.85,12,12.6,12.55,57.05,0,0.15,1.35
6219,富旺,"31,023,372","1,773,579",842,17.49,18.15,16.95,17.67,17.65,36.77,0,1.13,1.75
6264,德士通,"16,140,805","1,331,662",496,12.12,12.5,11.8,12.07,12,N/A,0,0.97,1.63
8424,惠普,"169,298,298","4,513,822","2,594",37.51,40,32.9,36.53,38.2,9.48,5.24,15.15,1.94
9946,三發,"197,329,806","10,014,411","3,223",19.7,20.25,19.05,19.52,19.55,7.46,0,4.97,1.24
2636,台驊,"29,214,752","1,489,047",725,19.62,20,19.3,19.67,19.8,18.86,9.95,2.05,1.19
5601,台聯櫃,"4,578,887","205,383",109,22.29,23.55,20.55,21.99,23.35,44.06,1.11,0.29,1.17
5603,陸海,"7,847,306","793,707",299,9.89,10.05,9.8,9.91,9.88,N/A,6.38,1.26,0.73
5604,中連貨,"9,655,291","364,983",234,26.45,27,26,26.4,26.2,25.44,5.34,0.34,1.08
5609,中菲行,"29,740,647","1,589,717",948,18.71,19.15,18.4,18.7,18.55,19.53,5.5,1.18,1.44
1259,安心,"23,791,664","285,128",382,83.44,85.9,82.2,83.17,85,26.65,3.53,0.88,1.82
2718,桃園店,"95,063,372","1,603,111","1,190",59.3,61.2,44.8,54.5,61.1,45.94,2.45,7.1,2.45
2719,燦星旅,"77,067,846","2,961,748","1,824",26.02,28.1,24.1,25.41,25.15,41.92,2.58,8.16,1.8
2724,F-富驛,"123,134,919","2,014,015","1,242",61.14,65.5,57.9,60.96,60.7,23.8,1.2,6.36,2.14
2729,瓦城,"262,066,276","1,348,343",606,194.36,198,190,193.85,192,24.09,4.17,5.8,2.69
5701,劍湖山,"77,451,269","15,157,542","3,807",5.11,5.45,4.86,5.07,4.93,N/A,0,3.65,0.78
5703,亞都,"5,086,600","228,000",150,22.31,22.65,21.85,22.37,22.35,24.83,2.24,0.32,1.83
5704,老爺知,"1,274,643","64,182",62,19.86,20.3,19.4,19.75,19.95,26.8,3.51,0.17,1.56
5820,日盛金,"382,459,105","41,957,761","9,078",9.12,9.32,8.9,9.05,8.95,10.41,8.27,1.54,0.82
6015,宏遠證,"259,522,030","29,800,620","6,605",8.71,8.87,8.5,8.68,8.68,2.38,0,6.52,0.71
6016,康和證,"106,877,784","14,630,012","3,463",7.31,7.5,7.12,7.28,7.19,N/A,0,2.11,0.64
6020,大展證,"16,444,413","1,209,549",203,13.6,14.1,13.1,13.57,13.5,58.7,0,0.52,0.95
6021,大慶證,"47,912,778","4,090,556","1,228",11.71,12.05,11.35,11.61,11.4,26.51,0,1.33,0.81
6022,大眾證,"73,571,692","8,793,432","2,168",8.37,8.61,8.12,8.29,8.16,N/A,0,2.33,0.68
6023,元大期,"15,877,873","476,015",359,33.36,33.85,32.85,33.4,33.85,15.67,7.09,0.2,1.31
6024,群益期,"63,518,044","2,286,560",998,27.78,28.5,26.6,27.81,28.15,11.98,8.17,2.48,1.43
2916,滿心,"13,332,400","727,674",309,18.32,18.8,17.9,18.28,17.9,19.04,8.38,1.33,1.13
2924,F-東凌,"81,793,020","1,390,319",419,58.83,61.5,57.5,59.02,58.5,13.64,4.79,4.6,2.79
2926,誠品生,"2,158,041,005","9,317,876","6,836",231.6,280,189.5,239.88,257,39.3,1.87,20.65,12.48
5902,德記,"13,488,085","1,000,410",354,13.48,13.85,13.1,13.44,13.35,N/A,0,1.06,2.2
5903,全家,"95,828,421","716,384",675,133.77,136,132,133.81,133.5,36.08,2.7,0.32,7
5904,寶雅,"556,036,931","6,008,923","4,727",92.54,98.9,85.1,91.98,94.9,17.67,3.56,6.56,4.97
5905,南仁湖,"211,081,919","17,704,336","6,526",11.92,12.6,11.3,11.63,11.35,N/A,0,8.37,0.93
6195,詩肯,"166,556,036","3,333,077","2,291",49.97,53.3,46,48.85,53.3,10.47,9.38,8.36,3.2
8433,弘帆,"15,947,850","604,000",365,26.4,27.2,25.95,26.35,26.2,14.56,6.87,0.92,1.72
8941,關中,"333,781","98,969",73,3.37,3.74,3.14,3.38,3.39,N/A,0,0.08,2.32
9960,邁達康,"21,299,863","1,290,529",420,16.5,16.7,16.1,16.48,16.4,10.79,8.54,3.84,1.23
1584,精剛,"120,659,550","7,707,746","2,460",15.65,16.5,14.5,15.62,14.65,N/A,3.41,9.23,0.84
2221,大甲,"57,897,868","3,520,117","1,451",16.45,17.25,15.7,15.99,16.45,15.82,7.9,8.3,1.24
2640,大車隊,"57,884,512","776,217",473,74.57,76.8,73.5,74.58,75.1,17.8,2.66,2.03,3.82
3284,太普高,"25,249,710","2,050,452",780,12.31,12.55,12.15,12.3,12.3,16.62,0,3.78,0.86
4430,耀億,"86,601,144","2,458,055","1,428",35.23,36.7,33,34.65,35.7,15.39,3.64,4.89,1.19
5304,鼎創達,"2,814,208","697,921",483,4.03,4.3,3.83,4.07,4.06,N/A,0,0.38,0.77
5312,寶島科,"1,183,847,484","13,880,522","8,003",85.29,90.2,78.5,83.82,84.9,18.14,3.06,23.11,3.28
5530,龍巖,"529,096,018","5,867,472","4,523",90.17,92.1,88.5,89.78,91.6,17.79,3.28,1.47,4.72
6186,新潤,"85,774,547","3,097,258","1,434",27.69,29.8,24.9,28.35,26,650,0,5.42,2.26
6294,智基,"14,701,663","236,415",218,62.19,68.9,58,63.85,61.5,15.65,0,1.54,6.05
6803,崑鼎,"150,477,471","1,004,400",750,149.82,157,144.5,150.27,156.5,16.02,5.27,1.65,3.43
8390,金益鼎,"36,601,527","1,260,578",962,29.04,29.55,28.5,28.99,29.2,19.21,6.03,1.73,1.37
8401,白紗科,"21,639,252","1,291,009",628,16.76,17.55,16.4,16.65,17.1,9.72,7.6,2.9,1.14
8418,F-必勝,"18,338,951","691,231",141,26.53,27.3,25.8,26.76,27.1,33.88,11.07,1.13,0.91
8421,旭源,"18,385,163","947,996",527,19.39,20,18.85,19.28,19.6,28.82,4.59,2.49,1.26
8423,F-保綠,"1,471,882","50,193",54,29.32,30.85,28.3,29.63,29.7,20.2,1.78,0.3,1.84
8426,F-紅木,"76,444,613","1,809,217",691,42.25,43.15,41.5,42.19,41.85,10.59,8.36,4.31,2.58
8435,鉅邁,"204,245,229","4,223,149","2,685",48.36,52.3,42.85,45.62,52.3,19.16,5.74,14.27,2.94
8905,裕國,"12,924,235","679,900",365,19.01,19.45,18.25,19.02,19.25,10.58,3.12,0.57,1.23
8906,花王,"24,979,968","2,636,214",411,9.48,9.98,8.02,8.38,8.1,202.5,0,5.14,0.95
8913,華夏資,"23,503,500","1,641,195",561,14.32,15.3,13.45,14.05,14.85,20.63,2.69,3.3,0.97
8916,光隆,"24,336,964","1,201,222",337,20.26,20.7,20,20.31,20.55,10.7,4.87,1.34,0.96
8921,沈氏,"232,845","13,100",14,17.77,18.5,17.3,18.21,18,14.17,4.44,0.03,1.03
8923,時報,"1,105,627","69,533",42,15.9,16.8,15.5,16.3,16,17.78,6.25,0.23,1.15
8924,大田,"40,916,011","2,156,259","1,051",18.98,20.3,17.5,18.7,19.7,32.83,3.05,1.78,1.18
8925,偉盟,"203,611,790","19,129,261","5,004",10.64,11.15,10.1,10.48,11,N/A,1.82,6.68,0.89
8928,鉅明,"2,453,398","369,902",153,6.63,6.85,6.4,6.66,6.58,N/A,0,0.58,0.9
8929,富堡,"9,522,105","305,862",238,31.13,32,30.6,31.11,32,10.36,5.63,1.12,1.52
8932,宏大,"2,973,155","435,366",131,6.83,7.1,6.77,6.92,6.8,N/A,0,0.89,0.79
8933,愛地雅,"48,803,692","4,646,277","1,738",10.5,10.95,10.1,10.43,10.7,11.38,4.67,3.44,0.76
8934,衡平,"3,149",67,1,-,-,-,-,45.35,9.26,2.56,0,2.57
8935,邦泰,"13,426,152","3,312,425","1,031",4.05,4.19,3.96,4.07,4.06,N/A,0,1.64,0.57
8936,國統,"266,026,827","12,967,067","5,235",20.52,21.2,19.5,20.35,20.85,46.33,19.14,7.47,1.05
8937,合騏,"9,180,443","954,495",351,9.62,10.55,9.03,9.36,10.55,N/A,0,1.32,0.98
8938,明安,"269,867,301","6,280,919","2,710",42.97,43.8,42.05,42.87,42.55,15.25,2.59,4.68,1.58
8942,森鉅,"284,924,323","5,187,529","2,282",54.92,56.8,53.2,54.42,56.3,13,3.61,3.59,2.32
9949,琉園,"7,107,355","378,105",298,18.8,19.3,18.4,18.87,18.7,23.97,2.94,0.77,1.19
1742,台蠟,"10,533,411","751,609",406,14.01,14.5,13.7,14,14,N/A,0,1.16,1.01
1787,福盈科,"76,918,985","5,104,231","2,150",15.07,15.8,14.45,14.99,15,31.25,2.93,7.32,1
4702,中美實,"81,451,065","2,267,072","1,092",35.93,38.05,33.4,35.19,36.3,N/A,0,1.13,5.02
4703,揚華,"58,639,194","4,585,839","1,620",12.79,13.5,12.05,12.84,13,7.69,0,5.85,1.73
4706,大恭,"7,323,125","486,169",212,15.06,15.2,14.7,15.03,15.15,12.42,6.6,0.62,0.92
4707,磐亞,"17,478,595","1,984,716",733,8.81,8.99,8.62,8.8,8.82,46.42,0,0.88,0.5
4711,永純,"4,012,789","253,806",165,15.81,16.2,15.45,15.83,15.8,29.26,6.33,0.42,0.86
4714,永捷,"9,759,116","878,331",306,11.11,11.65,10.7,11.12,11.2,14.18,4.46,2.07,0.81
4716,大立,"35,113,820","1,957,656","1,057",17.94,18.4,17.4,17.91,17.9,17.05,5.75,3.03,1.41
4720,德淵,"24,441,682","1,643,135",626,14.88,15.25,14.6,14.93,14.85,13.75,5.05,2.25,1.13
4721,美琪瑪,"14,501,673","659,138",422,22,22.4,21.55,22.06,21.9,17.66,7.31,0.88,1.62
4739,康普,"8,750,795","441,100",268,19.84,21.15,18,18.58,21.1,58.61,5.69,0.91,1.05
6506,雙邦,"7,115,312","602,820",228,11.8,12.05,11.45,11.87,11.75,34.56,3.4,0.94,0.97
6509,聚和,"1,466,869,904","73,757,624","27,675",19.89,21.5,17.8,19.01,20.05,46.63,1.5,43.87,1.27
1565,精華,"2,191,186,947","4,385,535","3,836",499.64,535,458,506.15,511,23.26,3.03,8.7,8.91
1593,祺驊,"34,739,850","1,275,550",837,27.24,29,24.75,26.36,28.7,16.49,6.27,5.19,1.13
1752,南光,"506,296,834","12,096,374","7,114",41.86,44,39.05,40.96,41.9,36.43,0.48,18.67,3.07
1777,生泰,"36,656,119","773,663",652,47.38,49,45.1,46.93,48.65,22.52,3.08,3.1,2.42
1781,合世,"2,267,702,744","42,222,116","24,802",53.71,59.4,43,50.86,56.8,123.48,0,94.73,5.4
1784,訊聯,"394,431,813","9,275,335","6,024",42.52,44.45,38.45,40.67,44.05,48.94,0,18.47,1.89
1788,杏昌,"172,286,772","2,218,190","1,736",77.67,80,75.2,77.07,77.8,17.33,4.5,6.34,2.09
1795,美時,"3,158,452,836","76,129,914","40,889",41.49,47.6,32.25,39.08,47.1,N/A,0,133.37,4.41
1799,紅電醫,"357,185,046","19,911,497","8,752",17.94,20.5,14,16.37,19.9,N/A,0,62.58,2.74
1813,寶利徠,"202,736,307","4,607,819","3,016",44,46.35,41.3,43.32,44.6,13.31,2.69,11.2,2.53
3118,進階,"451,458,865","11,534,594","7,478",39.14,41.45,35.05,37.56,41.45,23.29,4.83,35.54,2.89
3176,基亞,"6,365,644,114","30,770,309","23,462",206.88,231.5,178.5,206.19,214.5,N/A,0,23.91,17.44
3205,佰研,"399,401,814","13,548,344","7,796",29.48,35,20.75,26.76,32,N/A,0,54.82,3.09
3218,大學光,"339,039,179","14,498,398","6,701",23.38,24.8,20.8,21.96,23.4,N/A,1.41,21.91,1.46
4102,永日,"192,826,516","5,709,445","3,783",33.77,35.3,31,32.83,34.7,77.11,5.19,13.47,1.99
4103,百略,"229,397,203","3,484,215","2,713",65.84,69.8,61.1,63.58,66.3,12.58,4.52,3.17,2.64
4105,東洋,"3,331,827,044","30,425,452","16,611",109.51,114,106.5,108.54,107,49.08,2.52,14.22,6.81
4107,邦特,"613,392,789","17,245,299","9,711",35.57,37.15,33.05,34.42,36.6,17.18,4.1,22.03,2.33
4109,加捷,"1,169,954,134","50,408,669","21,361",23.21,26,17.45,20.98,24.9,99.6,0,91.92,2.01
4111,濟生,"1,425,710,576","47,239,423","20,635",30.18,32.2,28.35,29.76,31.1,22.7,1.13,94.15,1.82
4114,健喬,"2,058,361,139","47,133,327","25,420",43.67,47,39.2,42,45.4,50.44,0.22,51.89,3.42
4120,友華,"1,016,448,684","16,300,948","10,338",62.36,65.9,58.2,61.41,60.6,28.58,1.98,18.79,2.25
4121,優盛,"531,793,907","29,857,365","14,256",17.81,19.6,14.75,16.53,19.5,44.32,0,40.72,1.27
4123,晟德,"1,478,970,435","33,971,667","17,660",43.54,47.3,38.6,42.27,45.8,N/A,1.07,29.34,2.1
4126,太醫,"316,070,601","3,666,938","2,803",86.19,88.8,84,86.28,87.9,19.53,4.55,5.55,3.71
4127,天良,"391,609,320","15,804,692","8,173",24.78,25.95,22.6,23.9,25.85,20.04,0,34.54,1.58
4128,中天,"1,834,880,533","49,387,379","22,662",37.15,39.7,35.2,36.39,36.55,N/A,2.74,15.01,2.37
4129,聯合,"237,409,438","5,888,169","3,813",40.32,42.5,37.6,39.44,41.7,50.24,2.4,11.03,3.05
4130,健亞,"1,739,313,666","37,036,021","22,793",46.96,49.95,42,45.78,49.2,61.5,0,38.2,4.64
4131,晶宇,"417,799,309","15,696,189","8,824",26.62,29.3,21.7,24.89,27.9,N/A,0,32.5,5.21
4138,曜亞,"115,838,137","1,395,160","1,226",83.03,86.7,79.1,82.38,83.3,14.61,6,4.65,2.31
4139,F-馬光,"44,024,004","395,774",212,111.24,117.5,106,110.42,106.5,96.82,1.17,1.76,4.4
4152,台微體,"3,258,531,851","8,878,228","7,965",367.03,399,336.5,368.5,354,N/A,0,20.15,40.83
4154,F-康樂,"141,766,647","3,704,449","2,345",38.27,40.3,35.5,37.35,38.4,15.12,4.11,16.99,2.39
4160,創源,"723,779,570","14,841,402","9,258",48.77,52.8,42.5,46.6,51,92.73,0.69,63.06,2.96
4162,智擎,"6,136,438,142","30,691,493","22,363",199.94,225.5,173,193.5,211,211,0,33.33,11.83
4163,鐿鈦,"892,801,638","8,756,162","6,976",101.96,111,91.7,98.84,105.5,22.74,1.9,21.76,4.71
4168,醣聯,"1,966,243,123","13,502,659","11,281",145.62,160,132,142.12,148.5,1060.71,0.13,28.58,15.6
4728,雙美,"2,337,685,480","58,224,205","27,815",40.15,44,32.3,36.54,42.9,134.06,1.4,106.91,3.77
4735,豪展,"493,922,155","20,724,428","10,052",23.83,28.75,17.6,23.59,26.2,N/A,0,72.16,2.29
4736,泰博,"92,488,978","1,961,159","1,431",47.16,49.3,44.6,46.42,47.55,15.9,8.41,3.1,1.67
4743,合一,"5,560,765,833","100,721,234","53,119",55.21,65.9,44.35,53.06,60,N/A,0.17,78.7,5.62
4745,F-合富,"1,282,753,414","14,945,175","9,856",85.83,92,79.5,84.33,87.5,22.26,0.91,27.69,5.74
4911,德英,"1,221,026,385","18,092,016","9,705",67.49,69.2,65.6,67.55,66.2,601.82,0,32.89,4.38
6130,基因,"273,423,655","1,917,257","1,819",142.61,184.5,106,134.15,184.5,41,0,7.18,11.68
8403,盛弘,"1,919,881,614","49,484,205","23,874",38.8,44.3,30.85,34.63,43.6,40,2.02,95.44,2.15
8406,F-金可,"2,172,020,450","5,334,179","4,624",407.19,444,375,406.42,420,36.71,0.55,5.91,6.71
8432,東生華,"448,256,474","4,529,921","3,841",98.95,104,93.1,96.5,100.5,24.81,4.18,12.98,3.54
8908,欣雄,"4,093,228","145,498",99,28.13,29.9,27.65,28.38,28.1,19.65,2.85,0.15,2.36
8917,欣泰,"1,353,851","26,340",25,51.4,53,49.5,51.13,49.8,25,3.61,0.02,3.32
8927,北基,"24,671,630","1,777,557",274,13.88,14.1,13.55,13.83,13.7,16.91,5.91,1.52,1.26
8931,大汽電,"20,416,577","1,257,953",626,16.23,16.9,15.5,16.05,16.5,20.63,3.64,1.18,1.21
3073,普格,"103,659,172","18,016,890","5,127",5.75,6.4,5.31,5.63,5.45,N/A,0,30.23,1.01
3087,翔準,"95,517,755","6,352,848","1,281",15.04,15.85,13.1,14.13,15.85,34.46,0,2.91,1.01
3105,穩懋,"3,864,883,435","119,517,369","47,450",32.34,35.55,29.7,32.29,30.5,9.65,2.62,15.85,1.79
3169,亞信,"121,179,545","3,825,279","2,456",31.68,34.05,30,31.43,30.4,12.26,6.58,7.16,2.03
3188,安茂,"14,255,644","1,490,314",489,9.57,10.75,8.71,9.4,10.75,N/A,0,3.31,1.37
3219,倚強,"11,915","1,818",10,6.75,6.75,6.75,6.75,6.74,N/A,0,0.01,0.93
3227,原相,"759,221,323","11,481,220","8,523",66.13,71.1,64,66.09,64.8,20.44,4.63,8.59,1.51
3228,金麗科,"12,710,401","638,362",442,19.91,20.55,19.5,19.89,19.75,N/A,0,1.06,2.27
3252,海灣,"3,937,069","155,988",203,25.24,27.05,23,25.24,24.9,77.81,0,0.78,4.01
3259,鑫創,"43,989,362","2,904,876","1,211",15.14,16.25,13.8,14.6,15.8,N/A,0,4.64,1.49
3260,威剛,"1,063,619,086","29,060,987","11,893",36.6,38.2,35.2,36.45,37.4,11.13,0.8,12.87,1.16
3264,欣銓,"315,338,724","15,944,725","7,541",19.78,20.15,19.4,19.73,19.8,11,6.57,3.45,1.11
3265,台星科,"1,156,223,052","27,235,367","14,846",42.45,45.2,39.8,41.91,44.05,11.44,5.33,19.99,1.96
3268,海德威,"2,541,291","335,786",182,7.57,8,7.42,7.59,7.61,N/A,0,1.09,0.92
3291,遠翔科,"281,993,745","6,980,802","3,554",40.4,43.6,34.9,39.87,42.25,13.54,4.26,20.03,2.59
3317,尼克森,"34,199,170","2,479,715","1,282",13.79,14.5,13.05,13.57,13.9,N/A,0,4.05,0.59
3372,典範,"29,612,898","6,473,970","1,632",4.57,4.82,4.41,4.57,4.66,N/A,0,2.14,0.47
3438,類比科,"68,829,501","2,140,542","1,409",32.16,33.3,30.45,31.48,32.3,16.15,3.72,5.54,1.2
3527,聚積,"254,733,168","2,281,934","1,862",111.63,114,108.5,111.65,112,10.95,7.41,6.88,2.34
3529,力旺,"366,914,632","5,623,963","3,181",65.24,67.5,62.6,64.53,62.6,35.77,3.99,7.32,3.11
3553,力積,"178,089,088","9,932,939","4,874",17.93,19.75,16.85,17.5,16.85,N/A,0,15.49,1.31
3555,擎泰,"323,363,634","12,785,326","7,139",25.29,27.1,23.1,24.85,26.45,N/A,15.88,19.69,1.27
3556,禾瑞亞,"1,323,471,424","17,160,826","11,257",77.12,82.3,70.5,77.29,80.1,43.06,5.37,35.58,4.24
3567,逸昌,"3,074,512","345,200",197,8.91,9.19,8.42,8.84,9.06,N/A,1.99,0.86,0.72
3582,凌耀,"3,172,699,694","13,651,552","10,857",232.41,244,224,231.27,239.5,16.97,2.51,38.03,6.27
3658,漢微科,"3,540,640,405","5,909,027","5,414",599.19,626,569,601.85,604,33.43,0.66,8.95,11.56
3675,德微,"20,664,738","1,074,210",704,19.24,20.4,18.1,19.1,18.55,N/A,1.94,2.42,0.98
3680,家登,"1,920,096,905","22,409,544","15,210",85.68,90.6,77.9,84.12,86.4,37.08,2.31,41.26,4.39
4947,F-昂寶,"101,329,492","998,777",842,101.45,105.5,96.2,101.85,105,11.82,3.81,2.35,2.73
4966,F-譜瑞,"3,753,028,068","14,932,836","11,907",251.33,262,240,250.81,244.5,9.94,1.42,28.87,4.11
4973,廣穎,"413,845,878","8,271,277","4,971",50.03,51.5,48.35,49.65,50.4,10.06,3.97,13.74,2.25
5302,太欣,"17,217,874","2,634,355",215,6.54,6.7,6.28,6.49,6.37,N/A,0,1.62,0.95
5314,世紀,"25,491,422","2,410,222","1,082",10.58,10.95,10.25,10.56,10.45,N/A,0,4.02,1.04
5326,漢磊,"69,835,584","8,223,183","2,518",8.49,8.67,8.3,8.48,8.49,N/A,5.89,2.52,0.79
5344,立衛,"19,691,472","1,634,490",697,12.05,12.75,11.15,11.62,12.4,10,3.15,2.06,1.06
5347,世界,"2,663,032,249","109,653,425","37,399",24.29,26.4,21.45,24.58,26.05,26.05,2.42,6.73,1.99
5351,鈺創,"230,380,311","25,817,057","7,193",8.92,9.28,8.2,8.7,8.98,N/A,0,5.88,0.89
5425,台半,"162,476,881","11,781,666","4,004",13.79,14.5,12.75,13.52,14.05,17.78,7.12,4.83,0.72
5455,訊利電,"186,503","89,269",41,2.09,2.17,2,2.12,2.17,N/A,0,0.24,0.54
5466,泰林,"58,759,139","5,525,860","1,745",10.63,10.9,10.35,10.63,10.5,N/A,0,2.26,0.5
5468,凱鈺,"2,331,344","317,391",180,7.35,7.77,7.01,7.33,7.45,N/A,0,0.71,1.03
5483,中美晶,"3,000,225,702","73,885,158","37,562",40.61,42.7,38.65,40.13,39.9,N/A,2.13,14.12,1.01
5487,通泰,"4,372,778","238,111",122,18.36,18.8,18.05,18.33,18.15,10.25,4.63,1.08,0.81
6103,合邦,"308,156","127,763",74,2.41,2.52,2.09,2.39,2.4,N/A,0,0.15,3.93
6104,創惟,"61,370,101","3,247,906","1,658",18.9,19.45,18,18.68,18.95,N/A,0,3.75,1.23
6129,普誠,"32,384,717","3,743,456","1,572",8.65,8.93,8.42,8.58,8.76,30.21,5.71,2.07,0.72
6138,茂達,"236,923,430","11,995,339","4,743",19.75,20.6,17.8,18.63,20,13.89,7.65,9.21,1.32
6147,頎邦,"3,372,892,569","56,167,464","24,590",60.05,62.4,58,59.97,61.5,15.89,3.25,9.44,2.15
6182,合晶,"545,193,453","32,555,753","13,396",16.75,17.6,15.65,16.51,16.65,N/A,1.2,11.35,0.75
6198,凌泰,"1,127,812","193,313",144,5.83,6.15,5.51,5.86,5.79,N/A,0,0.56,0.92
6223,旺矽,"621,635,352","10,229,959","6,448",60.77,64.2,56.4,59.48,64.2,22.61,7.01,13.01,1.68
6229,研通,"12,426,875","1,039,210",493,11.96,12.4,11.35,11.93,12.25,111.36,4.08,2.91,1.01
6233,旺玖,"123,919,765","8,847,990","3,924",14.01,15.1,13.35,13.85,13.45,N/A,0,10.13,0.9
6236,凌越,0,0,0,-,-,-,-,15.95,N/A,0,0,5.5
6237,驊訊,"89,889,897","4,771,105","2,328",18.84,19.7,17.1,17.79,19.45,N/A,1.29,6.2,1.02
6261,久元,"378,926,266","5,422,917","3,636",69.87,72,67.6,69.58,71.9,13.14,7.43,4.75,1.6
6287,元隆,"3,566,761","833,409",313,4.28,4.39,4.21,4.28,4.27,N/A,0,0.49,0.81
6291,沛亨,"312,643","138,967",75,2.25,2.5,2.03,2.27,2.27,N/A,0,0.28,0.6
8024,佑華,"7,596,594","538,740",327,14.1,14.3,13.9,14.13,14.1,56.4,1.63,1.08,0.88
8040,九暘,"9,339,286","1,049,248",493,8.9,9.1,8.65,8.89,8.8,N/A,0,1.21,0.79
8054,安國,"466,403,623","12,659,136","6,440",36.84,38.75,33.1,35.15,37.1,9.79,8.89,15.32,1.4
8066,來思達,"254,240","10,215",17,24.91,27.6,22.6,25.11,25.4,N/A,0,0.05,101.6
8079,誠遠,"21,722,381","1,674,977",766,12.97,13.2,12.7,12.95,13.15,12.41,11.41,2.09,0.94
8084,巨虹,"2,271,114","350,140",159,6.49,6.77,6.27,6.47,6.6,8.8,0,0.87,0.81
8086,宏捷科,"319,465,069","15,900,541","7,731",20.09,21.45,18.95,19.85,18.95,90.24,2.53,11.73,1.37
8088,品安,"88,145,578","4,728,898","1,661",18.64,19.6,17.4,18.23,18.3,122,3.28,8.24,1.4
8277,商丞,"147,443,299","8,905,772","3,508",16.56,17.4,15.7,16.38,16.1,N/A,0,9.59,1.25
1569,濱川,"462,166,441","12,284,988","7,060",37.62,39.9,33.95,37.09,38.1,15.43,4.72,15.54,1.51
3071,協禧,"6,215,185","875,583",397,7.1,7.2,7,7.12,7.12,41.88,2.81,0.48,0.66
3088,艾訊,"94,639,123","3,260,655","1,498",29.02,30.7,27.35,28.8,30.25,15.59,4.96,4.22,1.92
3126,信億,"6,912,386","619,150",359,11.16,12.25,10.6,11.12,10.85,N/A,0,1.28,2.03
3171,新洲,"2,082,693","152,803",129,13.63,14.15,13.35,13.78,13.4,N/A,0,0.31,1.42
3211,順達,"1,171,491,242","10,501,264","7,587",111.56,114.5,109.5,111.42,110,9.82,5.91,6.91,2.41
3213,茂訊,"53,449,709","1,544,814","1,257",34.6,36.3,33.05,34.2,34.05,10.13,13.22,2.63,1.87
3287,廣寰科,"2,517,901","315,427",132,7.98,8.35,7.54,8.12,7.97,N/A,0,0.72,0.73
3323,加百裕,"42,398,447","2,234,061","1,308",18.98,19.4,18.6,18.97,19.1,N/A,5.24,2.26,0.76
3325,旭品,"96,400,152","6,043,092","2,632",15.95,16.75,15.2,15.92,16,N/A,0,7.84,1.08
3416,融程電,"27,631,933","648,926",486,42.58,44.2,41,42.54,42.85,12.38,7.47,1.4,1.8
3479,安勤,"374,542,008","8,651,616","5,236",43.29,45.3,40.15,42.38,43.7,8.18,5.29,18.66,1.91
3483,力致,"79,757,747","2,592,968","1,739",30.76,31.75,30.25,30.68,30.6,9.42,1.63,5.3,0.74
3489,筌寶,"45,576,656","3,067,626","1,368",14.86,15.55,14.2,14.68,14.8,N/A,0,5.8,1.36
3521,鴻翊,"2,863,801","165,003",83,17.36,18.25,16.55,17.5,18,N/A,0,0.52,1.49
3540,曜越,"39,790,492","2,591,884","1,248",15.35,16,14.95,15.22,15.1,30.2,7.95,4.25,0.7
3577,泓格,"21,975,693","863,125",456,25.46,25.9,24.85,25.5,25.2,13.85,6.75,1.98,1.47
3611,鼎翰,"194,925,050","2,115,549","1,767",92.14,96.5,86.2,90.52,94.9,11.34,7.38,6.21,3.14
3625,西勝,"7,491,814","769,047",312,9.74,10.05,9.43,9.74,9.57,19.94,0,1.37,0.7
3652,精聯,"3,038,812","167,120",139,18.18,19.3,17.5,18.05,19.3,N/A,4.82,0.35,0.81
4924,F-欣厚,"28,663,260","1,191,300",525,24.06,24.5,23.4,24.11,23.8,N/A,6.39,3.42,1.52
4987,科誠,"255,092,281","5,828,409","3,047",43.77,47.85,39.4,42.26,47.4,11,4.85,24.29,1.82
5356,協益,"192,063,119","5,235,056","2,409",36.69,37.7,35.8,36.44,37.2,7.97,12.1,3.95,1.29
5371,中光電,"1,370,120,978","57,996,188","23,166",23.62,24.4,22.45,23.29,23.8,17.89,6.72,8.01,0.87
5384,捷元,"13,445,163","1,276,798",506,10.53,11.1,10.05,10.66,10.8,36,0,1.6,0.78
5386,青雲,"121,510","5,433",11,22.53,23,22,22.75,23,4.66,0,0.05,3.18
5426,振發,"85,848,079","6,528,459","2,271",13.15,13.55,12.9,13.15,13.05,10.04,4.9,4.54,0.89
5438,東友,"8,444,431","739,138",402,11.42,12,11.15,11.44,11.3,49.13,5.31,0.66,0.88
5450,寶聯通,"15,951,368","1,308,463",572,12.19,12.85,11.65,12.18,12.7,N/A,0,2.6,1.01
5465,富驊,"6,896,648","1,322,136",440,5.22,5.57,5.04,5.16,5.57,N/A,0,0.85,0.62
5474,聰泰,"14,862,438","934,942",591,15.9,16.7,15.15,15.8,15.65,55.89,0,2.77,1.22
5490,同亨,"77,051,505","2,897,464","1,509",26.59,27.7,25.6,26.51,25.65,14.25,9.75,3.07,1.6
6105,瑞傳,"73,287,203","2,523,828","1,319",29.04,29.6,28.6,29.1,28.95,7.85,6.91,2.47,1.1
6121,新普,"2,736,359,225","20,581,876","13,413",132.95,138.5,130,133.31,131.5,10.88,5.32,6.68,2.42
6123,上奇,"20,212,940","711,235",450,28.42,29,28.1,28.41,28.3,10.07,9.54,1.47,1.84
6150,撼訊,"18,450,866","1,526,767",970,12.08,12.7,11.5,12.08,12,N/A,4.17,2.18,1.06
6160,欣技,"21,988,104","982,299",586,22.38,23.1,21.6,22.44,21.85,13.24,10.53,1.38,1.52
6161,捷波,"52,973,100","4,776,082","1,642",11.09,11.65,10.9,11.06,10.95,8.9,15.34,3.95,0.74
6188,廣明,"94,727,093","5,172,302","2,244",18.31,18.9,18,18.28,18.25,16.44,7.12,1.86,0.66
6199,精威,"2,873,206","132,671",64,21.66,22.9,21.3,21.84,21.95,N/A,0,0.21,3.33
6222,上揚,"461,121","50,026",43,9.22,9.47,9.1,9.25,9.2,14.15,0,0.09,1.05
6228,全譜,"13,072,657","2,223,590",713,5.88,6.56,4.65,5.39,6,N/A,0,5.41,0.7
6298,崴強,"167,412,626","7,715,579","3,501",21.7,22.3,20.9,21.58,21.5,8.78,2.79,4.57,1.34
8050,廣積,"126,598,571","3,320,943","2,178",38.12,38.9,37.4,38.03,37.85,9.49,9.17,3.94,1.56
8076,伍豐,"331,728,015","7,975,349","4,418",41.59,42.65,40.1,41.45,41,40.59,1.22,4.6,2.77
8234,新漢,"30,628,259","1,221,182",787,25.08,25.7,24.5,25.02,25.2,13.77,9.92,1.1,1.64
8299,群聯,"9,145,996,102","42,380,463","28,588",215.81,231.5,198,212.58,223,13.74,3.14,23.51,3.43
8410,森田,"50,741,236","1,434,170",993,35.38,37.65,33.7,35.23,34.15,27.76,5.86,3.92,1.12
3066,李洲,"3,257,307","503,692",149,6.47,6.55,6.39,6.47,6.5,N/A,0,0.33,1.13
3128,昇銳,"9,096,524","1,030,983",267,8.82,9.19,8.43,8.96,9.1,N/A,10.99,2.45,0.64
3230,錦明,"8,083,301","1,246,242",374,6.49,6.7,6.25,6.47,6.33,N/A,0,1.13,0.42
3297,杭特,"22,221,063","997,888",572,22.27,23,21.15,22.27,22.3,13.94,2.69,2.85,0.96
3339,泰谷,"31,671,179","2,498,194","1,151",12.68,13.1,12.3,12.7,12.6,N/A,0,0.91,0.94
3362,先進光,"55,424,741","1,444,893",753,38.36,40.65,35.1,37.96,38.9,58.06,0,1.85,3.74
3428,光燿科,"316,031,166","10,579,767","5,993",29.87,32.7,26.45,29.36,30,48.39,4,14.44,2.19
3434,哲固,"1,404,661","160,199",64,8.77,9.09,8.25,8.63,9.09,N/A,0,0.49,1.35
3441,聯一光,"258,181,558","6,475,537","4,456",39.87,41.5,38.45,39.45,38.9,12.97,2.78,16.66,1.41
3452,益通,"657,767,816","54,776,718","16,348",12.01,14.4,11,12.11,11.1,N/A,0,7.03,0.7
3455,由田,"158,798,044","7,491,135","3,921",21.2,23.2,18.7,20.42,22.8,N/A,4.39,12.36,0.86
3490,單井,"24,238,339","1,320,220",481,18.36,18.7,17.9,18.37,18.55,18.93,8.09,3.78,0.91
3516,亞帝歐,"153,933,010","12,158,807","3,985",12.66,15.35,10.2,12.24,15.35,N/A,0,16,0.55
3522,宏森,"63,950,062","4,356,447","1,865",14.68,15.7,14.05,14.52,14.15,16.45,3.53,9.21,0.65
3523,迎輝,"48,762,984","2,207,847",705,22.09,22.6,21.3,21.97,21.75,N/A,0,2.25,0.91
3531,先益,"14,062,572","674,060",340,20.86,21.35,20.4,20.9,21.1,10.05,5.69,1.1,0.74
3562,頂晶科,"1,735,722","222,300",96,7.81,8.43,7.35,8.12,7.85,N/A,0,0.42,2.02
3615,安可,"1,071,034,592","18,399,668","13,098",58.21,60.8,54,57.52,56.8,29.89,5.81,30.37,1.55
3623,富晶通,"170,244,662","12,372,353","4,517",13.76,15.7,10.8,12.77,15.15,N/A,0,21.64,1.44
3629,卓韋,"7,030,559","735,600",400,9.56,9.97,9.14,9.56,9.4,N/A,0,1.92,1.21
3630,新鉅科,"1,679,373,095","23,789,426","15,117",70.59,82.3,59.1,67.62,77.8,N/A,1.3,27.46,3.4
3685,政翔,"53,424,060","2,313,700",924,23.09,24.5,22,23.11,23.35,29.94,8.57,5.75,1.46
3691,碩禾,"2,232,039,730","7,481,215","6,378",298.35,313,286,296.04,292,22.09,6.85,16.95,4.38
4729,熒茂,"126,112,678","9,667,452","4,122",13.05,14.5,10.75,12.16,14.3,N/A,0,9.49,0.69
4933,友輝,"2,126,493,341","14,645,957","9,016",145.19,155.5,135.5,143.54,152.5,19.04,2.62,24.23,4.04
4944,兆遠,"392,927,949","15,542,962","6,968",25.28,26.65,24,24.98,25,N/A,0,9.22,1.45
4950,牧東,"151,194,036","4,991,041","2,506",30.29,32.6,27.6,29.34,32.35,N/A,0,6.49,1.38
4995,晶達,"6,401,534","376,681",202,16.99,17.5,16.8,17.07,17.2,16.38,6.22,1.11,1.39
5230,雷笛克,"713,523,390","8,779,368","6,175",81.27,84.7,78.2,81.12,82,26.71,3.02,24.62,2.82
5251,天鉞電,"262,166,971","3,938,389","3,075",66.57,69.5,63.4,66.28,66.6,14.14,2.1,17.64,3.79
5315,光聯,"4,837,379","1,672,979",598,2.89,3.03,2.7,2.91,2.83,N/A,0,1.05,0.43
5392,應華,"131,458,909","2,567,631","1,880",51.2,52.6,50.2,50.82,50.7,19.43,4.93,3.3,1.22
5395,圓方,"667,789","55,001",14,12.16,13,10.25,11.94,10.85,N/A,0,0.16,1.42
5432,達威,"1,784,131","109,087",111,16.36,17.2,15.5,16.41,16.15,13.24,0,0.53,1.67
5443,均豪,"30,065,443","3,871,854","1,046",7.77,7.93,7.65,7.76,7.83,N/A,3.83,2.17,0.6
6125,廣運,"51,923,010","4,968,794","1,762",10.45,10.9,10.15,10.38,10.2,N/A,1.96,1.97,0.46
6156,松上,"6,983,422","812,971",554,8.59,9.45,7.74,8.66,8.1,N/A,0,0.98,1.12
6167,久正,"1,070,611","513,216",157,2.09,2.18,1.97,2.08,2.04,3.64,0,0.32,0.47
6234,高僑,"8,176,655","673,653",333,12.14,12.3,11.8,12.14,12.25,N/A,1.63,0.94,0.38
6244,茂迪,"1,763,831,146","56,230,922","25,569",31.37,33.5,29.4,31.23,30.35,N/A,0,12.86,0.89
6246,臺龍,"32,570,853","3,617,457","1,547",9,9.46,8.74,9,8.9,N/A,0,2.04,0.97
8049,晶采,"19,429,932","3,704,278",945,5.25,5.44,5.03,5.23,5.39,N/A,0,3.4,0.52
8053,巨擘,"1,110,685","634,230",81,1.75,1.92,1.46,1.72,1.92,N/A,0,0.15,0.17
8064,東捷,"48,528,105","6,010,570","1,721",8.07,8.5,7.5,8.02,8.16,N/A,0,4.55,0.59
8069,元太,"2,806,139,218","126,367,983","43,873",22.21,23.45,20.25,21.95,22.75,N/A,13.19,11.69,1.07
8071,能率豐,"8,835,804","485,424",313,18.2,18.95,17.5,18.13,18.2,13.19,8.24,1.44,1.45
8077,冠華,"48,690","24,000",11,2.03,2.35,1.83,1.99,1.85,N/A,0,0.04,2.64
8087,華鎂鑫,"759,374","106,824",78,7.11,7.35,6.99,7.08,7,140,0,0.36,0.6
8107,大億科,"381,365,102","32,997,316","8,211",11.56,12.15,10.95,11.44,11.05,N/A,0,20.52,0.72
8111,立碁,"16,819,609","2,709,600","1,138",6.21,6.5,6.06,6.18,6.2,N/A,0,1.85,0.61
8240,華宏,"89,408,982","2,027,035","1,339",44.11,45.3,43.1,43.97,43.15,12.26,6.26,2.03,0.95
8266,中日新,"904,561","414,816",176,2.18,2.45,2,2.2,2.1,N/A,0,0.8,0.35
3068,美磊,"32,061,201","841,351",437,38.11,39.9,37.1,37.8,37.9,23.4,5.28,1.06,2.49
3095,及成,"28,261,937","4,892,874","1,361",5.78,5.99,5.6,5.76,5.7,N/A,0,2.25,0.44
3152,璟德,"155,629,408","1,916,554","1,508",81.2,83.2,79.5,80.84,81.5,17.91,5.41,2.78,2.26
3163,波若威,"1,111,510,002","27,926,136","14,728",39.8,41.65,37.2,39.71,37.45,16.57,2.96,40.89,2.73
3221,台嘉碩,"6,241,872","683,386",306,9.13,9.36,9,9.14,9.12,N/A,2.19,0.8,0.56
3234,光環,"1,025,033,815","35,221,479","15,948",29.1,31.2,26.7,28.77,26.9,12.81,5.54,36.88,1.9
3290,東浦,"47,809,115","3,634,714","1,116",13.15,13.6,12.7,13.15,13.25,N/A,3.77,4.89,1.04
3306,鼎天,"15,339,244","756,374",472,20.28,20.55,20,20.28,20.3,17.65,8.37,1.49,0.66
3363,上詮,"515,627,685","17,704,883","8,974",29.12,30.7,27.3,28.85,27.7,14.58,4.33,29.31,1.64
3431,長天,"6,330,605","697,940",362,9.07,9.37,8.82,9.06,8.95,N/A,0,1.47,1.55
3466,致振,"3,866,345","205,909",105,18.78,19,18.55,18.83,18.75,11.87,8,0.33,0.71
3491,昇達科,"666,878,684","11,878,882","6,536",56.14,58.7,53,54.5,55.8,21.3,2.2,26.42,2.53
3499,環天科,"6,851,894","712,648",306,9.61,10.2,9.43,9.73,9.7,N/A,10.1,1.22,0.65
3632,研勤,"37,835,167","1,666,045","1,192",22.71,23.65,21.65,22.55,22.4,35,6.25,6.08,1.36
3664,F-安瑞,"12,663,118","1,043,220",521,12.14,13.2,11.3,11.96,11.5,N/A,4.26,1.47,0.69
4903,聯光通,"101,931,881","9,158,024","3,272",11.13,11.65,10.7,11.01,10.7,12.44,2.34,12.01,0.96
4905,台聯電,"43,681,276","1,869,302",497,23.37,24.5,22.8,23.19,22.9,9.87,2.18,3.65,1.11
4907,春雨開,"1,176,041","148,058",47,7.95,9,7.45,7.98,7.45,N/A,0,0.11,9.93
4908,前鼎,"54,094,620","2,020,606","1,234",26.77,27.65,26.2,26.71,26.5,10.11,7.55,2.7,1.79
4909,新復興,"75,761,533","2,528,784","1,599",29.96,30.85,29.1,29.87,29.85,13.82,6.7,2.73,1.35
4979,華星光,"1,116,133,013","16,886,188","11,343",66.1,68.7,63.1,65.66,65.3,16.33,0.92,33.79,3.68
5306,桂盟,"417,941,615","5,942,012","3,643",70.34,73,67,70.43,71.8,50.56,0,5.77,7.35
5348,系通,"12,352,028","857,330",438,14.41,15.2,13.7,14.3,14.5,8.33,0,3.3,1.35
5353,台林,"4,588,549","492,874",195,9.31,9.5,9.12,9.28,9.2,51.11,6.09,0.51,0.68
6109,亞元,"24,215,925","2,134,009",686,11.35,12.4,10.6,11.19,12.4,29.52,0,2.94,1.21
6143,振曜,"1,018,393,555","21,559,046","11,235",47.24,49.5,44.05,47.13,48.55,16.74,4.12,26.23,2.22
6163,華電網,"558,745,470","26,456,568","10,684",21.12,21.8,20.4,20.96,20.7,9.24,2.37,25.66,1.31
6170,統振,"34,392,451","2,495,356","1,310",13.78,14.35,13.5,13.75,13.5,21.43,8.89,2.63,0.95
6190,萬泰,"20,198,937","2,805,781",799,7.2,7.41,6.84,7.22,7.34,N/A,2.72,2.24,0.62
6218,豪勉,"139,250,576","5,982,288","2,453",23.28,24.5,22.3,23.33,23.15,18.37,10.8,9.31,1.5
6241,易通展,"34,247,417","756,072",427,45.3,48.4,34.05,42.05,46.6,13.87,0,3.19,3.6
6245,立端,"247,262,467","7,122,620","3,741",34.72,35.7,33.85,34.71,34.15,10.74,3.81,9.83,1.99
6263,普萊德,"24,142,921","921,555",494,26.2,26.95,25.75,26.23,26.2,10.48,5.34,1.58,1.71
8034,榮群,"3,679,858","628,979",232,5.85,6,5.71,5.92,5.97,N/A,0,1,0.77
8048,德勝,"8,069,304","602,618",381,13.39,13.95,13.15,13.42,13.2,19.41,3.11,1.2,1.05
8059,凱碩,"6,226,972","880,316",206,7.07,7.31,6.65,7.12,7.01,N/A,0,0.95,0.77
8082,眾星,"4,472,146","1,322,457",406,3.38,4.05,2.5,3.19,2.58,N/A,0,2.34,0.51
8097,鴻松,"676,395","58,499",71,11.57,11.8,11.05,11.5,11.8,20.34,0,0.43,1.13
8171,天宇,"10,801,834","787,427",350,13.72,14.3,13.3,13.73,13.6,N/A,8.82,1.92,0.78
1333,恩得利,"18,078,734","4,398,873","1,299",4.11,4.61,3.8,4.03,3.97,N/A,0,4.29,0.67
1336,台翰,"27,675,103","2,693,600",685,10.27,10.95,9.73,10.06,10.95,N/A,2.74,4.19,0.46
1595,川寶,"70,155,285","1,098,524",924,63.86,65.9,62.1,63.65,64.9,9.12,7.7,2.84,1.65
1815,富喬,"356,045,404","25,480,911","8,055",13.97,14.6,13.5,13.83,13.65,44.03,1.32,7.23,0.78
3078,僑威,"32,807,694","3,560,356","1,232",9.21,9.44,9.07,9.21,9.17,17.98,3.82,1.57,0.66
3089,展成,"125,458,093","6,572,137","1,740",19.09,20,18.05,19.03,19.2,49.23,0,12.6,1.84
3092,鴻碩,"5,387,033","557,019",271,9.67,9.88,9.54,9.67,9.6,480,5.21,0.87,0.54
3114,好德,"5,198,723","437,215",225,11.89,12.35,11.55,11.87,12,16,3.33,0.87,0.82
3115,寶島極,"3,256,635","311,268",146,10.46,11,10.2,10.56,10.65,N/A,0,0.71,1.33
3144,新揚科,"29,382,465","1,295,141",683,22.69,23.55,21.7,22.68,22.7,11.76,0,1.4,2.04
3191,和進,"3,169,255","453,999",249,6.98,7.16,6.71,6.99,6.92,N/A,2.89,0.83,0.53
3202,樺晟,"2,385,701","357,217",172,6.68,6.81,6.52,6.69,6.7,N/A,0,0.48,0.44
3206,志豐,"13,101,023","806,272",528,16.25,16.7,15.75,16.25,16.15,11.54,12.38,1.98,1.05
3207,耀勝,"44,533,964","3,538,601","1,010",12.59,13.3,11.65,12.57,12.5,N/A,1.6,9.25,0.93
3217,優群,"25,160,243","2,160,615",900,11.64,12.25,11.05,11.57,11.9,14.51,6.3,2.57,0.82
3226,至寶電,"26,307,565","860,149",503,30.59,33,26.7,29.74,32,N/A,0,1.34,3.81
3236,千如,"128,346,265","9,373,597","2,837",13.69,14.8,12.65,13.22,14.15,61.52,2.12,16.6,1.08
3276,宇環,"28,753,002","2,651,656",719,10.84,11.25,10.3,10.87,10.95,N/A,0,3.8,1.14
3288,點晶,"5,258,862","388,501",290,13.54,14.15,12.65,13.6,13.9,N/A,0,0.78,1.68
3294,英濟,"18,709,582","1,682,791",657,11.12,11.7,10.85,11.11,10.95,N/A,9.13,1.24,0.54
3299,帛漢,"194,724,521","6,322,214","3,336",30.8,33,26.5,29.18,31.8,10.13,10.97,12.55,1.45
3310,佳穎,"20,057,345","1,011,914",460,19.82,20.5,18.35,19.8,20.1,N/A,0,1.32,1.92
3313,斐成,"9,821,514","1,035,625",388,9.48,9.79,9.33,9.47,9.54,18,0,1.24,0.51
3322,建舜電,"22,908,824","2,829,308",807,8.1,8.54,7.54,8.02,8.35,N/A,0,3.4,0.72
3332,幸康,"5,677,002","149,646",72,37.94,39.75,36.6,37.37,37.8,14.16,8.47,0.31,1.5
3354,律勝,"1,713,645","168,957",110,10.14,10.45,9.91,10.16,10.05,143.57,9.45,0.21,0.63
3388,崇越電,"54,170,370","852,541",668,63.54,65,61.5,63.65,64,13.17,9.38,1.38,1.47
3390,旭軟,"640,198,916","14,952,636","7,097",42.82,44.25,41.5,42.92,42.8,8.46,8.18,24.84,1.85
3465,祥業,"3,578,385","630,250",208,5.68,6,5.42,5.7,5.66,56.6,0,2.22,1.1
3484,崧騰,"7,410,108","466,231",296,15.89,16.1,15.6,15.9,15.9,15.9,11.32,0.79,0.77
3511,矽瑪,"75,132,939","3,137,407","1,542",23.95,25.25,22.1,23.38,22.1,N/A,6.79,8.09,1.1
3512,能緹,"61,330,091","4,756,830","2,271",12.89,14,12,12.65,12.35,N/A,0,10.81,0.98
3520,振維,"79,958,891","5,378,229","1,511",14.87,16.3,13.15,14.74,16.3,N/A,0,10.49,1.47
3526,凡甲,"32,061,576","999,264",806,32.09,33,31.55,32.1,32,12.6,6.94,1.64,1.63
3537,堡達,"35,600,657","1,410,020",597,25.25,25.7,24.5,25.18,25.2,16.69,5.95,3.04,1.56
3548,兆利,"179,280,732","6,099,470","3,446",29.39,30.5,28.6,29.21,28.9,13.14,0.69,12.07,0.67
3609,東林,"4,964,525","347,999",203,14.27,15,13.6,14.1,13.95,N/A,4.3,1.11,0.62
3624,光頡,"574,126,183","21,305,812","9,062",26.95,28.1,25,26.31,27.1,15.22,3.69,24.58,1.27
3631,晟楠,"62,511,572","2,002,798",758,31.21,33.75,28.1,31.13,32.6,19.88,9.69,2.7,2.18
3646,艾恩特,"20,579,674","612,037",174,33.62,34,33,33.57,33.4,N/A,5.99,1.59,2.17
3689,湧德,"957,813,207","13,752,049","8,280",69.65,73.2,64.3,68.5,72.6,12.41,4.82,20.34,2.72
4912,F-聯德,"520,814,356","7,551,722","4,537",68.97,71.8,65.5,68.6,70.2,8.85,2.85,23.02,2.5
4927,F-泰鼎,"1,036,231,738","24,720,224","9,945",41.92,43.3,39.8,41.96,42,6.71,5.95,26.6,1.68
4939,亞電,"54,124,273","3,433,567","1,555",15.76,16.8,14.8,15.41,16.7,21.41,12.57,4.09,1.23
4974,亞泰,"149,684,200","4,516,851","2,450",33.14,34.1,32.6,33.02,33.3,8.54,7.81,8.1,1.54
5301,祥裕,"141,786","11,825",25,12.07,12.3,12,12.15,12,N/A,0,0.02,5.15
5309,系統,"148,051,442","15,581,626","5,114",9.5,10.1,9.01,9.37,9.14,22.85,0,10.21,1.03
5317,凱美,"8,428,827","1,206,754",283,6.98,7.09,6.87,7,7.02,N/A,1.42,0.88,0.61
5321,友銓,"206,267","47,700",70,4.33,4.65,4.05,4.42,4.58,N/A,0,0.05,1.25
5328,華容,"31,627,448","3,814,288","1,174",8.29,8.67,7.88,8.29,8.5,N/A,3.06,2.13,0.81
5340,建榮,"13,885,087","2,510,183",719,5.53,5.84,5.13,5.41,5.26,N/A,0,1.51,0.61
5345,天揚,"45,436,595","6,244,897","2,520",7.28,8.08,6.6,7.12,7.02,N/A,0,12.49,1.07
5349,先豐,"707,367,285","31,168,897","11,637",22.69,23.6,22,22.53,22.1,13.23,8.37,13.91,1.58
5355,佳總,"146,068,726","13,163,034","3,854",11.1,11.6,10.5,10.94,11.45,31.81,0,8.25,1.36
5364,易福,"959,990","710,938",174,1.35,1.45,1.31,1.36,1.38,N/A,0,0.35,3.54
5381,合正,"20,718,044","6,149,206","2,039",3.37,3.6,3.17,3.36,3.29,N/A,0,3.29,0.36
5398,力瑋,"36,466,715","2,649,169","1,121",13.77,14.95,11.65,12.9,13.8,N/A,0,6.35,1.32
5439,高技,"13,459,688","748,930",512,17.97,18.3,17.7,17.95,17.95,8.71,13.93,0.96,1.17
5457,宣德,"135,652,676","9,859,304","2,603",13.76,15.2,12.65,13.57,14.15,N/A,0,7.21,1.75
5460,同協,"21,200,167","1,783,394",659,11.89,12.1,11.75,11.92,11.95,9.72,5.86,2.48,0.93
5464,霖宏,"8,391,185","431,803",209,19.43,20,18.1,19.34,19.8,31.94,10.1,0.72,1.25
5475,德宏,"151,224,747","16,591,479","4,310",9.11,9.7,8.31,8.89,8.7,290,5.86,7.73,0.76
5480,統盟,"284,178,040","14,290,467","4,638",19.89,20.35,19.4,19.81,19.8,7.15,0,7.18,1.12
5481,華韡,"1,969,320","265,560",110,7.42,7.58,7.15,7.36,7.25,N/A,0,0.27,0.45
5488,松普,"21,105,528","2,916,841",991,7.24,7.75,6.72,7.14,7.12,N/A,0,3.18,0.53
5491,連展,"22,270,954","3,170,948","1,221",7.02,7.2,6.88,7.02,7.12,N/A,3.51,1.63,0.44
5498,凱崴,"25,513,876","2,840,332",765,8.98,9.3,8.58,8.95,8.69,N/A,0,1.75,0.88
6101,弘捷,"2,132,575","229,691",181,9.28,9.85,9,9.39,9.21,N/A,0,0.4,0.96
6107,華美,"3,375,150","74,000",46,45.61,46.9,43,45.04,44.5,164.81,0,0.13,4.58
6114,翔昇,0,0,0,-,-,-,-,6.11,N/A,0,0,5.76
6124,業強,"4,026,486","140,104",130,28.74,30.4,27.95,28.83,28.95,482.5,0,0.08,1.99
6126,信音,"50,716,863","2,376,944","1,224",21.34,22.2,20.6,21.3,21.4,9.43,10.28,2.09,1.42
6127,九豪,"19,691,144","2,205,397",825,8.93,9.5,8.51,8.89,9.05,N/A,3.31,2.59,0.67
6134,萬旭,"90,246,651","6,737,805","2,799",13.39,14.85,12.2,13.08,12.7,N/A,0,8.15,0.96
6158,禾昌,"38,374,198","2,219,962","1,169",17.29,17.9,16.9,17.23,17.6,16.76,5.68,1.94,0.63
6173,信昌電,"172,635,489","15,062,041","5,109",11.46,12.15,10.3,11.05,11.5,N/A,0,8.09,0.86
6174,安碁,"6,039,562","759,155",274,7.96,8.15,7.51,7.93,7.91,37.67,1.26,1.52,0.76
6175,立敦,"42,715,738","3,829,999","1,226",11.15,11.6,10.5,11.01,11.15,111.5,12.56,3.34,0.79
6185,幃翔,"58,290,533","2,466,179","1,030",23.64,24.95,22.9,23.68,23.4,15.6,4.27,2.5,1.35
6194,育富,"25,508,759","1,193,199",657,21.38,21.7,20.9,21.4,21.2,16.06,9.62,1.12,0.85
6203,海韻,"15,509,635","461,419",403,33.61,35,33,33.5,33.1,7.66,8.16,0.61,1.97
6204,艾華,"8,240,984","352,978",124,23.35,23.9,23,23.35,23.55,11,6.79,0.98,1.1
6207,雷科,"63,856,225","2,829,058","1,620",22.57,24.15,20.5,21.76,23.3,22.4,6.44,3.41,1.52
6208,日揚,"28,908,072","2,787,060",933,10.37,10.55,10.2,10.37,10.3,41.2,14.56,2.42,0.76
6210,慶生,"56,711,781","1,316,097",916,43.09,45.3,40.9,42.55,43.3,10.14,6.93,3.76,2.49
6211,福登,"67,651,628","4,100,967","2,011",16.5,17.5,15.55,16.15,15.7,N/A,31.91,9.85,0.77
6217,中探針,"122,509,269","3,426,736","2,123",35.75,37.6,33.55,35.35,35.3,49.72,1.7,7.12,2.35
6220,岳豐,"87,369,010","6,966,657","2,899",12.54,13.15,11.35,12.28,12.8,N/A,1.95,6.29,0.8
6242,亨豐,"717,353","68,614",57,10.46,11.85,9.81,10.66,10.15,N/A,0,0.37,1.91
6248,沛波,"2,442,313","509,766",204,4.79,5.58,4.13,4.96,5.19,N/A,0,1.77,1.46
6250,宇加,"1,222,720","93,009",78,13.15,13.8,12.5,13.06,13,N/A,0,0.51,2.37
6266,泰詠,"4,061,805","449,828",210,9.03,9.15,8.72,9.03,9.01,13.86,6.88,0.58,0.6
6274,台燿,"825,010,020","49,747,332","12,955",16.58,17.3,15.6,16.46,16.9,10.18,3.55,20.93,0.86
6279,胡連,"172,613,849","3,319,535","2,302",52,54,49,52.12,53.1,11.3,5.84,3.75,2.03
6284,佳邦,"81,336,135","4,610,641","1,720",17.64,18.8,16.2,17.34,17.7,N/A,2.82,4.64,0.65
6290,良維,"193,707,588","7,476,572","3,228",25.91,27.45,24.6,26.17,24.75,7.93,4.24,6.11,1.06
6292,迅德,"40,888,614","1,718,158",923,23.8,24.4,22.7,23.53,23.7,9.44,6.33,3.66,1.25
8042,金山電,"255,245,653","6,128,781","3,343",41.65,42.8,40.6,41.65,41.5,8.52,6.02,6.17,1.52
8043,蜜望實,"42,593,831","2,813,881","1,311",15.14,15.8,14.6,15.18,15.45,16.09,6.47,3.06,0.72
8074,鉅橡,"38,134,019","2,246,051",939,16.98,17.65,16.65,16.84,17.2,10.62,5.81,4.21,1.23
8080,奧斯特,"3,018,397,005","89,964,068","40,292",33.55,45.15,25.95,33.12,27.7,N/A,0,150.03,2.48
8091,翔名,"989,662,228","13,996,770","8,099",70.71,76.7,65.1,69.5,73,11.72,4.07,30.69,2.71
8093,保銳,"2,128,944","386,750",189,5.5,5.71,5.21,5.52,5.55,N/A,0,0.6,0.57
8109,博大,"77,155,480","1,935,518","1,365",39.86,42,37.2,38.7,39.7,15.75,7.56,3.22,2.73
8121,越峰,"448,193,341","11,920,469","7,257",37.6,38.7,36.6,37.39,36.85,153.54,4.34,6.57,2.42
8155,博智,"181,932,942","4,666,296","3,051",38.99,40.8,38.1,38.77,38.3,14.08,1.83,11.25,1.75
8182,加高,"15,341,760","1,295,717",484,11.84,12.2,11.5,11.86,11.75,90.38,5.96,1.21,0.5
8287,英格爾,"558,350,809","17,121,127","9,282",32.61,34.15,31.25,32.25,32.05,16.35,9.61,12.84,1.53
8289,泰藝,"17,535,216","1,773,792",450,9.89,10.3,9.65,9.86,9.76,N/A,6.66,2.29,0.54,,,,
8291,尚茂,"332,852","66,325",68,5.02,5.14,4.88,5.06,5.04,N/A,0,0.09,0.53,,,,
8358,金居,"19,417,760","2,100,000",680,9.25,9.6,8.95,9.23,9.29,N/A,0,0.99,0.85,,,,
3224,三顧,"2,231,987","472,101",210,4.73,5.12,4.59,4.78,4.74,N/A,0,1.12,0.68,,,,
3232,昱捷,"42,277,885","3,202,514","1,904",13.2,13.85,12.5,12.97,12.9,N/A,0,7.7,1.24,,,,
3360,尚立,"5,558,770","689,992",359,8.06,8.19,7.96,8.06,8.09,161.8,6.18,1.31,0.57,,,,
3444,利機,"5,251,745","354,238",180,14.83,15.2,14.5,14.82,14.65,14.22,13.65,0.91,1.04,,,,
3528,安馳,"29,645,277","1,083,344",666,27.36,29.35,26.6,27.3,28.45,10.66,9.14,2.13,1.48,,,,
5467,聯福生,"150,261","53,760",31,2.8,2.89,2.65,2.83,2.78,N/A,0,0.05,1.43,,,,
6113,亞矽,"4,257,060","476,775",233,8.93,9.14,8.75,8.95,8.96,N/A,0,0.86,0.63,,,,
6118,建達,"7,544,247","751,893",357,10.03,10.2,9.92,10.1,10.05,33.5,1.99,0.83,0.89,,,,
6135,佳營,"59,625,993","3,828,106","1,339",15.58,16.05,14.7,15.45,15.75,N/A,0,5.02,1.73,,,,
6154,順發,"12,364,546","536,022",341,23.07,23.35,22.9,23.09,23.15,12.65,8.64,0.67,1.51,,,,
6171,亞銳士,"8,211,587","498,034",199,16.49,17,16,16.53,16,N/A,1.25,1.82,1.48,,,,
6227,茂綸,"6,701,804","585,584",277,11.44,11.8,11.2,11.41,11.6,12.61,4.31,0.77,0.73,,,,
6259,百徽,"2,517,524","280,882",167,8.96,9.45,8.63,9.13,8.98,N/A,0,0.58,0.92,,,,
6265,方土昶,"10,572,771","1,481,948",631,7.13,7.39,6.91,7.16,7.34,N/A,1.09,1.22,0.59
6270,倍微,"10,137,347","820,712",329,12.35,12.7,12.15,12.32,12.35,N/A,8.1,1.11,0.54
8032,光菱,"4,159,703","162,044",89,25.67,27.3,23.45,25.43,26.5,12.16,4.91,0.31,1.18
8067,志旭,"746,804","125,501",89,5.95,6.26,5.71,6.1,5.83,N/A,0,0.28,0.8
8068,全達,"1,167,680","148,000",77,7.89,8.49,7.4,8.11,7.98,N/A,0,0.48,2.17
8096,擎亞,"263,160,428","11,322,010","5,969",23.24,24.2,22.75,23.14,23.05,8.44,11.28,9.75,1.07
3083,網龍,"207,330,395","3,570,302","2,745",58.07,62.8,54,57.92,54,50.47,6.11,4.08,2.58
3085,久大,"19,566,792","2,761,534",919,7.09,7.7,6.2,6.93,7.25,N/A,0,3.88,0.9
3086,華義,"51,026,478","3,909,733","2,044",13.05,14.35,12.2,13.06,12.6,N/A,9.13,5.3,1.24
3293,鈊象,"127,512,349","1,249,724","1,121",102.03,104,100.5,101.81,102,12.41,10.78,1.8,2.46
3546,宇峻,"273,181,144","4,446,977","2,434",61.43,65.8,57.6,61.65,57.9,17.76,0.85,12.88,1.98
3570,大塚,"3,962,350","99,000",79,40.02,40.95,39.3,40.22,40.4,12.06,6.19,0.58,1.58
3662,樂陞,"471,537,084","6,824,322","3,291",69.1,75.2,63.3,68.63,75.2,21.99,1.6,24.29,2.53
3687,歐買尬,"427,724,289","4,013,793","3,325",106.56,117,100,106.04,101.5,14.26,9.9,13.35,1.68
4946,辣椒,"62,609,095","1,008,945",889,62.05,66,59.6,61.37,60.1,47.32,1.66,4.89,1.89
4965,商店街,"8,486,257","84,497",88,100.43,104,98.1,100.83,101,20.49,3.96,0.6,3.69
4994,傳奇,"205,195,295","1,074,771",980,190.92,204,180,191.69,187.5,26.67,6.13,2.28,7.55
5201,凱衛,"2,841,706","304,768",141,9.32,9.86,9.01,9.48,9.4,22.38,0,0.99,0.95
5202,力新,"12,835,373","2,163,383",793,5.93,6.23,5.59,5.83,6.04,N/A,0,3.56,0.6
5206,坤悅,"2,191,241","143,150",69,15.31,15.9,15,15.27,15.7,12.4,0,0.16,2.4
5209,新鼎,"12,411,495","206,316",163,60.16,61,59.5,60.32,60.4,10.94,8.91,0.91,2.81
5210,寶碩,"15,618,383","2,114,525",504,7.39,7.6,6.95,7.33,7.26,N/A,1.38,3.06,0.65
5211,蒙恬,"33,871,366","1,151,379",744,29.42,30.3,28.8,29.53,29.75,14.58,7.19,3.6,1.71
5212,凌網,"15,477,888","1,300,094",550,11.91,13.4,11.4,12.55,11.9,N/A,2.94,3.75,1.25
5263,智崴,"72,041,162","857,370",646,84.03,86.7,81.6,83.58,82.7,38.11,0,3.37,7.2
5310,天剛,"10,074,149","268,645",238,37.5,39.75,35.7,37.35,37.3,N/A,2.68,1,2.11
5403,中菲,"13,572,499","641,641",359,21.15,21.4,21,21.17,21.2,8.91,4.76,1.14,1.58
5410,國眾,"61,549,226","5,244,409","1,719",11.74,12.3,11.3,11.62,11.5,10.55,5.57,5.85,1
5478,智冠,"309,043,832","5,798,798","4,506",53.29,58.2,50.1,52.56,51.4,28.09,4.86,4.55,1.42
6111,大宇資,"1,062,021","74,112",54,14.33,14.6,13.8,14.25,14.5,N/A,0,0.2,10.58
6140,訊達,"1,872,274","181,125",99,10.34,10.65,10.2,10.37,10.4,520,4.81,0.47,0.88
6148,驊宏資,"9,096,248","1,710,329",558,5.32,5.53,5.1,5.33,5.38,18.55,0,1.94,0.57
6169,昱泉,"66,728,430","2,309,299",1779,28.9,32.8,26,28.74,28.2,N/A,3.55,8.14,1.36
6180,橘子,"58,070,709","2,300,189",1480,25.25,26.6,24.3,25.17,24.7,N/A,3.24,1.47,1.56
6221,晉泰,"32,847,033","2,024,691",1148,16.22,17.45,15.65,16.22,16,8.33,11.88,5.63,1.1
6231,系微,"141,009,224","1,942,516",1490,72.59,75.6,70,72.62,71.3,14.17,10.52,5.12,3.67
6240,松崗,0,0,0,-,-,-,-,18.7,5.61,0,0,3.57
8044,網家,"389,300,095","2,571,782",2363,151.37,158,144,149.73,148,31.62,3.51,3.13,8.92
8099,大世科,"9,682,729","603,046",319,16.06,16.3,15.8,16.05,16.2,11.91,9.26,0.9,1.12
8416,實威,"113,067,264","1,853,295",1464,61.01,65.8,56,60.61,64.6,14.82,7.74,7.23,2.89
1785,光洋科,"414,340,217","11,295,317",6301,36.68,37.5,36,36.57,36.1,17.61,5.54,2.76,1.57
3064,泰偉,"125,454,322","3,293,090",2366,38.1,39.7,36.2,37.68,37,38.95,0,4.54,2.57
3067,全域,"119,082","7,107",12,16.75,18.1,16.4,17.23,17.95,71.8,3.34,0.02,1.45
3093,港建,"3,146,076","72,856",76,43.18,43.9,42.3,43.01,43.35,16.74,5.77,0.2,1.96
3131,弘塑,"2,788,492,779","13,055,761",10096,213.58,268,165,206.77,249.5,23.34,2.81,52.89,9.12
3285,微端,"227,956,897","11,236,650",5886,20.29,21.75,18.85,19.93,19.15,20.82,5.22,25.47,1.41
3289,宜特,"145,035,488","5,029,864",2703,28.83,31.1,25.2,27.18,29.25,15.73,1.03,10.96,1.13
3303,岱稜,"1,344,276,135","56,321,621",23050,23.87,25.4,22.15,23.82,23.85,32.23,0,60.34,1.32
3324,雙鴻,"420,623,068","13,107,283",6799,32.09,33.35,30.75,31.92,32,11.31,3.09,20.61,1.86
3373,熱映,"301,170,601","4,802,692",3382,62.71,66.9,54,59.05,62,476.92,1.71,14.97,4.47
3402,漢科,"15,692,788","1,268,405",540,12.37,12.65,11.9,12.3,12.4,620,6.69,1.72,0.76
3498,陽程,"91,022,701","3,010,854",1294,30.23,31.7,29.3,30.08,30.5,N/A,0,4.43,1.52
3508,位速,"2,031,559,044","26,634,530",17355,76.28,80.7,73,75.42,74,14.26,6.08,28.69,2.04
3541,西柏,"11,661,377","384,019",244,30.37,31,29.9,30.43,30.3,10.71,8.25,1.01,1.96
3551,世禾,"168,191,597","4,282,919",2245,39.27,40.4,38.1,38.95,39,11.85,5.21,7.54,0.98
3552,同致,"390,353,056","5,728,219",3605,68.15,70.4,65,67.22,67.5,13.34,3.26,7.98,2.34
3563,牧德,"290,486,892","5,809,997",3826,50,52.8,47.8,49.92,52.2,12.99,8.14,17.22,3.07
3580,友威科,"9,135,640","1,013,644",441,9.01,9.5,8.5,8.98,8.93,N/A,0,2.27,0.52
3587,閎康,"2,100,935,444","28,158,387",18625,74.61,89.6,59.7,71.68,82.4,19.95,3.03,65.31,3.95
3628,盈正,"35,809,327","781,436",625,45.83,47.7,44,45.59,45.25,15.08,11.05,1.74,1.33
3642,駿熠電,"64,291,828","3,218,964",1717,19.97,21.35,18.5,19.4,20.9,16.46,14.35,9.54,0.74
3663,鑫科,"125,667,165","3,685,243",2145,34.1,35.5,32.65,33.85,32.7,41.92,3.06,6.56,1.89
5205,漢康,"28,192,155","2,736,843",1145,10.3,12.05,8.1,9.98,10.4,N/A,0,11.27,1.57
5383,金利,"35,092,335","2,565,207",607,13.68,14.15,13.15,13.77,14,N/A,1.43,3.59,1.12
5452,佶優,"51,222,821","3,675,005",1440,13.94,14.25,13.65,13.88,13.65,22.02,7.62,2.59,0.97
5489,彩富,"188,371,906","4,362,299",2644,43.18,44.25,42.05,42.97,42.3,14.44,2.86,4.19,2.75
5493,三聯,"22,669,116","964,737",487,23.5,24.6,22.25,23.51,24.15,15.38,8.28,2.52,1.21
5536,聖暉,"1,542,232,650","11,022,747",8111,139.91,151,127,132.65,143.5,12.37,6.97,23.89,2.73
6144,得利影,"468,843","47,080",34,9.96,10.15,9.75,9.98,9.81,N/A,0,0.06,1.31
6146,耕興,"198,828,531","2,884,995",2347,68.92,73.4,66,67.75,72,14.37,6.94,3.54,3.22
6151,晉倫,"39,205,095","2,284,117",1129,17.16,17.8,16.65,17.17,17.35,16.68,9.22,4.42,1.1
6179,世仰,"8,058,972","1,021,167",447,7.89,9.02,5.96,6.93,8.69,N/A,0,1.83,1.27
6187,萬潤,"18,923,174","1,259,207",659,15.03,15.3,14.65,15.01,15.2,101.33,0,1.57,0.9
6238,勝麗,5,1,1,-,-,-,-,5.77,72.13,0,0,1.86
6247,淇譽電,"11,716,000","1,007,000",462,11.63,11.8,11.3,11.65,11.6,N/A,1.72,1.67,0.87
6275,元山,"15,616,208","1,128,711",521,13.84,14.45,13.2,13.81,14.2,N/A,0,2.37,1.18
6276,安鈦克,"30,996,006","915,302",575,33.86,35.55,31.75,33.41,34,N/A,0,2.31,2.88
8047,星雲,"5,268,588","504,033",240,10.45,11.4,9.94,10.46,10.2,20.82,1.47,0.99,0.92
8085,福華,"42,053,673","7,653,205",2323,5.49,5.68,5.31,5.44,5.33,N/A,0,4.87,0.5
8092,建暐,"8,248,561","857,354",399,9.62,9.83,9.4,9.64,9.48,41.22,0,2.84,0.78
8183,精星,"19,446,183","3,108,578",815,6.26,6.54,5.9,6.3,5.98,N/A,0,2.68,0.47
8383,千附,"177,012,852","8,812,855",4037,20.09,20.8,19.2,20.03,19.4,29.39,4.28,7.46,0.96
4801,高盛,216,10,1,-,-,-,-,22.95,11.83,0,0,1.97
