櫃檯買賣股票成交資料彙總表  The Trading Summary of Listed Stocks,,,,,,,,,,,,,
"104年6月  Jun., 15",,,,,,,,,,,,,
"1. 櫃檯買賣股票月總成交值：507,779,256,098元",,,,,,"3. 櫃檯買賣月總成交筆數：4,425,719筆",,,,,,,
     Total Trading Value of Listed Stocks（NTD）,,,,,,     Number of Transactions,,,,,,,
"2. 櫃檯買賣股票月總成交量： 8,327,078,947股",,,,,,4. 成交量週轉率：12.61%（以上櫃股數計算）,,,,,,,
     Total Trading Volume of Listed Stocks（Share）,,,,,,     Turnover Rate,,,,,,,
代 號 Code,股 票 名 稱Name of　　　 Stock,總  成  交  值　　　　（ 元 ）　　　　Total Trading Value　　　　　　　（NTD）,總  成  交  量     （ 股 ）　　　Total Trading Volume　　　　　（Share）,"總 成 交 筆 數
（ 筆 ）　　
Total Transactions",       成　　交　　價　　（元 / 股）　　　　  　　                         Average Price （NTD / Share）,,,,月底收盤價    End of Month," 本益比    P/E 　　
Ratio",平均殖利率（%）　　Average Yield, 週轉率（%）　 　Turnover Rate, 淨值比（%）　　PBR
,,,,,平　均  Average,最　高  Highest,最　低   Lowest,"收市平均Cls. Avg. 
Price",,,,,
1256,F-鮮活,"79,805,930","402,860",411,198.10,208.50,191.00,197.38,201.00,21.22 ,3.23,1.63,5.78
1258,F-其祥,"303,858,350","7,115,044","4,034",42.71,52.00,30.10,38.04,47.55,16.40 ,2.73,20.93,2.45
1264,德麥,"264,178,384","1,246,345",986,211.96,226.00,198.00,211.62,210.00,17.09 ,4.76,4.07,3.82
4205,中華食,"8,981,039","238,151",176,37.71,38.00,37.30,37.77,38.00,19.59 ,3.95,0.33,2.31
4207,環泰,"56,171,419","5,151,371","1,484",10.90,11.90,9.80,10.72,11.60,48.33 ,3.88,3.04,1.00
4712,南璋,"142,692,733","12,455,665","4,707",11.46,14.15,9.35,10.88,10.05,N/A,0.00,12.94,1.30
4303,信立,"14,666,903","1,021,019",395,14.36,15.35,13.20,14.44,14.50,16.86 ,1.38,1.46,1.39
4304,勝昱,"7,190,990","458,646",396,15.68,16.80,14.15,15.34,16.80,N/A,0.00,0.89,1.78
4305,世坤,"2,370,314","88,702",74,26.72,27.75,26.05,26.83,26.95,12.19 ,6.68,0.16,1.62
6508,惠光,"33,911,757","1,085,815",754,31.23,32.20,30.50,31.24,31.00,11.19 ,6.45,1.40,1.17
8354,冠好,"18,981,035","1,194,835",421,15.89,16.60,15.15,15.97,16.00,11.59 ,5.00,1.87,0.74
9950,萬國通,"15,063,246","601,673",323,25.04,26.05,22.95,25.03,25.00,18.52 ,4.76,0.99,1.37
4401,東隆興,"2,648,011,672","19,362,277","15,017",136.76,148.00,125.00,135.21,130.00,36.01 ,2.69,16.10,6.28
4402,福大,"3,395,060","650,219",215,5.22,5.50,4.87,5.25,5.35,N/A,0.00,1.41,0.79
4406,新昕纖,"86,145,544","7,755,509","2,676",11.11,13.00,9.15,10.32,10.65,N/A,0.00,14.94,0.99
4413,飛寶,"761,400","27,580",35,27.58,34.00,25.30,28.85,29.50,N/A,0.00,0.14,20.07
4417,金洲,"5,866,502,860","112,181,468","67,875",52.29,59.20,46.15,51.45,49.00,15.08 ,2.65,140.34,2.13
4419,松懋,"615,264","74,502",41,8.26,9.20,7.50,8.19,7.51,N/A,0.00,0.32,1.32
4420,光明,"75,378,550","2,457,354","1,282",30.67,33.85,26.60,28.19,27.25,20.64 ,3.67,8.34,1.65
4429,聚紡,"276,994,766","8,827,070","4,880",31.38,35.55,27.20,30.14,27.90,34.02 ,1.79,25.70,0.90
4432,銘旺實,"1,869,699,024","18,821,462","14,253",99.34,106.00,87.80,95.63,95.90,18.69 ,4.69,39.06,3.08
4433,興采,"1,160,279,527","22,277,885","15,635",52.08,61.00,40.60,49.37,42.40,69.51 ,1.89,74.08,1.91
1566,捷邦,"720,374,768","25,878,432","12,788",27.84,29.90,24.65,27.07,24.90,35.57 ,2.01,38.70,1.39
1570,力肯,"91,121,523","5,541,876","2,341",16.44,17.80,15.10,16.43,16.30,10.38 ,0.00,10.76,1.54
1580,新麥,"140,300,213","830,823",727,168.87,184.00,160.50,171.12,171.00,14.74 ,4.97,1.75,4.48
1586,和勤,"43,340,306","1,845,953",969,23.48,26.40,22.30,23.95,22.65,27.29 ,4.42,3.96,0.95
1591,F-駿吉,"22,917,486","863,617",477,26.54,31.00,22.50,27.64,28.50,15.92 ,4.21,3.21,2.15
1597,直得,"18,088,123","559,632",508,32.32,34.50,29.55,32.39,32.50,361.11 ,1.54,0.94,1.45
1599,宏佳騰,"38,556,328","1,209,141",801,31.89,32.95,30.70,31.82,31.60,19.39 ,6.17,2.69,1.22
2066,世德,"342,524,407","3,070,182","2,721",111.56,125.00,102.50,111.07,106.00,17.29 ,5.19,8.52,3.64
2067,嘉鋼,"5,924,402","333,340",199,17.77,19.50,16.65,18.04,17.50,N/A,5.71,1.17,1.05
2230,泰茂,"67,571,144","3,712,722","1,707",18.20,20.80,14.10,16.36,19.40,27.32 ,4.12,9.37,1.39
2233,宇隆,"1,067,227,522","13,218,551","9,861",80.74,92.20,72.20,80.68,74.50,13.93 ,6.38,26.86,1.65
2235,謚源,"221,837,571","2,032,541","1,412",109.14,115.00,90.00,102.20,110.00,21.87 ,3.64,6.38,3.68
3162,精確,"6,229,566","773,857",144,8.05,8.24,7.46,8.09,8.06,N/A,0.00,1.37,0.84
3379,彬台,"9,692,892","535,640",400,18.10,19.40,16.50,17.87,17.75,14.92 ,6.20,1.48,0.99
4502,源恆,"6,477,162","1,321,051",148,4.90,6.00,3.89,5.13,4.83,N/A,0.00,2.24,1.40
4503,金雨,"8,571,299","594,975",342,14.41,16.00,13.50,14.14,13.85,N/A,0.00,1.62,2.65
4506,崇友,"391,126,651","15,022,542","7,527",26.04,28.90,23.20,25.29,28.30,13.41 ,5.30,7.64,1.63
4510,高鋒,"113,447,687","5,743,296","2,931",19.75,21.10,18.50,19.64,19.80,13.75 ,6.06,5.32,1.12
4513,福裕,"26,838,047","2,452,804",876,10.94,11.75,10.55,11.00,10.65,22.19 ,0.00,3.19,0.95
4523,永彰,"591,504,282","23,882,912","12,084",24.77,28.40,17.55,22.71,28.10,255.45 ,1.07,37.32,0.91
4527,方土霖,"32,674,444","1,212,673",553,26.94,28.00,26.00,26.92,26.65,11.84 ,6.75,1.59,1.62
4528,江興鍛,"5,018,140,420","59,306,160","44,907",84.61,94.20,73.10,83.55,85.20,24.84 ,1.76,77.51,4.06
4530,宏易,"575,619","116,560",53,4.94,5.40,4.33,4.87,5.19,N/A,0.00,0.32,0.79
4533,協易機,"57,273,441","4,724,805","1,761",12.12,13.05,11.50,12.17,11.60,14.50 ,5.17,2.95,0.69
4534,慶騰,"46,314,672","3,359,418","1,118",13.79,14.30,13.40,13.75,13.55,17.37 ,4.41,4.19,1.12
4535,至興,"43,105,694","891,770",676,48.34,50.00,47.00,48.70,47.40,17.24 ,5.27,1.18,1.59
4549,桓達,"261,585,082","2,166,393","1,622",120.75,128.50,109.00,120.86,125.50,24.80 ,3.19,5.86,3.72
4550,長佳,"29,405,007","1,435,022",767,20.49,23.25,18.70,20.37,20.05,9.20 ,6.23,4.36,1.00
6122,擎邦,"10,240,251","1,200,289",544,8.53,9.30,7.95,8.52,8.07,57.64 ,0.00,1.75,0.56
6603,富強鑫,"292,127,961","20,617,371","6,864",14.17,16.45,12.30,13.10,12.40,14.59 ,3.23,17.60,0.77
6609,瀧澤科,"184,611,755","6,330,121","4,261",29.16,34.20,26.50,29.25,29.40,8.40 ,6.80,8.91,1.11
8027,鈦昇,"1,199,075,719","32,866,633","14,504",36.48,41.50,30.20,34.18,35.55,12.43 ,3.71,58.79,2.44
8083,瑞穎,"829,791,095","5,113,420","3,662",162.28,179.50,143.00,158.76,145.00,16.16 ,5.17,14.55,4.63
8255,朋程,"2,665,100,003","21,638,922","14,009",123.16,133.00,114.00,119.38,115.50,15.06 ,5.19,28.90,2.87
9951,皇田,"905,901,564","7,330,443","5,940",123.58,133.50,115.00,121.02,117.00,17.33 ,4.62,9.79,4.58
2061,風青,"36,992,517","2,700,345",843,13.70,15.00,13.20,13.83,13.70,N/A,0.00,4.35,1.24
4609,唐鋒,"22,203,397","2,730,769","1,223",8.13,10.00,5.85,7.04,9.94,N/A,0.00,5.70,1.05
2035,唐榮,"32,385,413","635,212",448,50.98,53.10,46.65,51.30,48.40,N/A,0.00,0.18,2.73
2063,世鎧,"2,760,924","105,769",97,26.10,29.45,24.55,26.26,26.05,18.22 ,5.76,0.24,1.83
2064,晉椿,"51,883,037","2,411,989","1,134",21.51,24.00,18.70,21.18,19.20,9.01 ,10.42,3.45,0.89
5009,榮剛,"763,857,010","34,537,180","13,022",22.12,23.85,20.50,21.60,20.95,12.77 ,3.82,7.66,1.07
5011,久陽,"6,605,544","272,038",55,24.28,25.70,22.85,24.44,24.80,45.93 ,6.45,0.81,1.82
5013,強新,"225,593,600","10,447,909","3,922",21.59,23.90,19.70,21.07,19.95,8.83 ,6.02,10.34,1.10
5014,建錩,"19,384,516","2,184,607",823,8.87,9.30,8.63,8.83,8.75,8.75 ,5.14,1.32,0.67
5015,華祺,"43,490,873","2,004,516","1,192",21.70,23.70,20.35,21.66,21.25,7.46 ,14.12,3.31,1.18
5016,松和,"21,675,210","824,368",505,26.29,28.05,23.70,26.77,24.40,9.57 ,8.20,1.66,1.07
8349,恒耀,"266,456,507","2,751,811","1,989",96.83,102.50,89.20,96.85,95.30,24.63 ,4.20,3.01,3.11
8930,青鋼,"19,445,941","1,549,866",536,12.55,13.50,11.60,12.48,12.80,45.71 ,3.91,2.21,0.84
9962,有益,"8,770,638","975,957",351,8.99,9.86,8.50,9.03,8.61,N/A,2.32,1.08,0.80
5102,富強,"31,457,915","2,129,702",396,14.77,15.80,14.15,14.84,14.65,14.65 ,4.78,3.32,1.08
2596,綠意,"13,773,907","762,750",326,18.06,18.60,17.50,18.03,18.05,7.16 ,8.31,0.92,0.99
3489,森寶,"15,152,254","843,597",566,17.96,18.80,17.00,17.86,17.65,N/A,0.00,1.02,1.24
4113,聯上,"231,823,668","10,798,315","4,799",21.47,23.25,20.45,21.40,20.75,3.94 ,21.87,6.97,0.88
4416,三圓,"4,966,982","50,020",30,99.30,100.00,97.50,99.38,99.00,11.91 ,4.55,0.08,2.94
4907,富宇,"1,957,703","145,986",97,13.41,14.40,11.70,13.42,14.05,21.62 ,0.00,0.12,2.53
5206,坤悅,"8,259,391","738,245",313,11.19,11.85,10.65,11.19,10.85,217.00 ,0.00,0.49,0.95
5213,亞昕,"97,213,366","5,523,662","2,045",17.60,18.10,17.10,17.44,17.40,4.96 ,6.32,1.45,0.87
5324,士開,"16,498,123","1,617,709",884,10.20,11.45,9.05,10.30,10.10,N/A,0.00,2.12,1.11
5508,永信建,"538,311,179","9,566,249","4,680",56.27,59.00,53.40,55.81,54.90,6.86 ,14.77,5.28,1.99
5511,德昌,"59,205,342","2,193,690",873,26.99,27.70,26.45,27.03,26.95,7.17 ,9.83,1.45,1.18
5512,力麒,"216,636,219","18,450,809","6,383",11.74,12.40,11.10,11.78,11.80,7.33 ,4.24,2.45,0.64
5514,三豐,"39,575,305","2,291,945","1,142",17.27,19.20,15.90,17.51,17.45,6.76 ,11.46,1.49,1.16
5516,雙喜,"4,756,250","463,000",198,10.27,11.20,9.37,10.54,10.65,N/A,0.00,1.21,0.92
5520,力泰,"2,381,738","88,373",51,26.95,27.00,26.50,26.96,26.90,18.42 ,5.02,0.12,1.04
5523,豐謙,"8,944,156","686,657",159,13.03,13.90,12.30,13.27,12.45,3.66 ,0.00,0.61,1.13
5529,志嘉,"11,276,970","1,151,334",634,9.79,11.30,9.22,9.87,9.72,N/A,5.14,1.13,0.81
6186,新潤,"38,064,811","1,404,377",795,27.10,27.80,26.50,27.30,27.00,7.71 ,11.11,2.15,1.46
6212,理銘,"42,167,983","1,552,879",49,27.15,30.30,28.30,29.59,29.90,N/A,0.00,1.52,2.98
6219,富旺,"60,524,144","4,126,356","1,754",14.67,18.05,11.95,13.45,12.00,10.17 ,20.08,2.35,0.88
6264,富裔,"6,676,783","896,208",313,7.45,8.40,6.80,7.61,7.28,N/A,0.00,0.65,1.17
8424,惠普,"30,710,407","664,085",491,46.24,48.00,44.75,46.18,46.30,11.21 ,5.40,1.84,1.93
2636,台驊,"476,738,139","15,739,478","7,822",30.29,33.70,28.00,29.80,29.65,13.12 ,0.00,15.51,1.42
2641,正德,"16,297,995","1,646,908",609,9.90,10.55,9.41,9.95,9.85,28.97 ,2.03,1.38,0.81
5601,台聯櫃,"601,868","22,875",28,26.33,27.45,24.50,26.94,27.45,26.14 ,2.55,0.04,1.26
5603,陸海,"66,188,941","3,341,428","1,423",19.81,21.00,19.15,19.83,19.45,7.26 ,10.28,4.48,1.20
5604,中連貨,"10,868,854","291,226",112,37.32,38.00,35.00,37.40,36.00,28.80 ,5.00,0.27,1.72
5609,中菲行,"33,411,398","1,755,106",916,19.04,20.25,18.05,19.09,18.95,11.42 ,5.38,1.36,1.22
1259,安心,"19,540,842","296,510",269,65.90,68.00,63.30,65.58,63.70,20.03 ,3.61,0.92,1.31
2718,桃園店,"2,053,177","51,073",69,40.20,42.80,38.80,40.37,38.80,28.53 ,1.29,0.23,1.50
2719,燦星旅,"221,804,393","8,063,684","5,101",27.51,32.90,23.50,26.20,25.70,27.93 ,2.80,22.22,1.74
2724,F-富驛,"8,823,792","431,927",240,20.43,21.85,19.45,20.49,20.85,28.18 ,0.00,1.13,1.08
2726,F-雅茗,"119,458,497","2,454,033","1,330",48.68,53.80,42.80,49.06,47.65,24.31 ,4.20,8.97,2.60
2729,瓦城,"226,742,445","925,473",714,245.00,251.50,240.00,245.40,243.00,22.69 ,4.12,3.98,3.02
2732,六角,"52,255,744","531,739",496,98.27,107.00,93.00,98.64,98.40,18.36 ,4.57,2.00,2.93
2734,易飛網,"22,904,708","636,669",477,35.98,38.95,33.00,35.46,37.50,23.29 ,2.13,2.44,1.68
5395,圓方,"850,136","26,520",35,32.06,35.00,28.50,33.92,30.00,N/A,1.00,0.04,0.68
5701,劍湖山,"25,662,337","6,118,640","1,968",4.19,4.54,3.77,4.18,4.07,N/A,0.00,2.41,0.52
5703,亞都,"9,293,210","418,021",200,22.23,22.85,21.80,22.24,22.70,31.53 ,1.54,0.60,1.76
5704,老爺知,"77,595,973","2,600,476","1,441",29.84,40.30,26.60,34.24,28.50,18.87 ,4.39,6.69,2.23
5820,日盛金,"230,922,394","26,803,608","8,675",8.62,9.09,8.38,8.58,8.45,11.74 ,8.33,0.83,0.75
5878,台名,"23,793,223","404,714",315,58.79,66.00,54.00,58.06,57.00,15.57 ,1.75,2.15,2.48
6015,宏遠證,"91,681,844","11,774,776","3,462",7.79,8.72,7.31,7.75,7.45,745.00 ,4.03,2.76,0.64
6016,康和證,"95,202,760","12,898,183","4,019",7.38,7.99,6.98,7.38,7.19,N/A,0.00,1.87,0.63
6020,大展證,"18,424,861","1,126,342",502,16.36,17.90,15.25,16.09,15.40,51.33 ,2.74,0.45,1.03
6021,大慶證,"59,932,583","4,375,507","1,697",13.70,15.20,12.95,13.58,13.20,30.00 ,0.00,1.43,0.91
6022,大眾證,"215,323,806","19,623,133","4,786",10.97,12.20,10.30,10.83,10.60,36.55 ,3.61,5.19,0.82
6023,元大期,"853,264,236","18,293,208","11,193",46.64,51.80,37.50,43.94,38.20,14.10 ,18.19,7.88,1.15
6024,群益期,"137,966,870","5,402,896","2,369",25.54,26.45,24.20,25.64,24.55,9.44 ,6.11,4.50,1.07
2916,滿心,"75,652,133","3,893,748","1,908",19.43,21.35,17.50,19.18,17.80,13.59 ,6.18,7.13,1.05
2924,F-東凌,"58,891,705","773,130",350,76.17,77.00,75.30,76.44,76.20,35.94 ,2.89,2.20,2.81
5301,寶得利,"3,838,227","64,572",62,59.45,60.60,55.70,59.60,58.10,43.68 ,2.41,0.08,4.17
5902,德記,"5,370,487","416,409",238,12.90,13.45,12.40,12.95,12.90,92.14 ,0.00,0.44,1.95
5903,全家,"578,416,154","2,400,681",932,240.94,248.00,230.00,237.38,232.00,40.99 ,2.16,1.08,10.82
5904,寶雅,"747,321,052","1,997,375","2,140",374.15,402.00,325.50,374.29,328.50,36.79 ,2.28,2.12,11.72
5905,南仁湖,"123,262,896","11,054,354","3,600",11.15,12.00,10.10,11.15,11.20,14.18 ,4.46,5.41,0.92
6195,詩肯,"193,768,179","2,934,221","2,258",66.04,69.40,61.30,66.36,65.80,11.04 ,7.77,6.68,3.04
8066,來思達,"353,180,821","2,974,615","2,334",118.73,131.00,106.00,117.43,117.50,19.14 ,3.40,11.84,6.08
8433,弘帆,"2,481,406,598","25,557,120","20,818",97.09,110.00,86.00,95.11,88.70,20.02 ,3.95,48.61,3.90
8941,關中,"87,613,123","973,583",741,89.99,98.90,80.00,85.76,93.80,6.00 ,2.67,5.47,3.73
9960,邁達康,"27,353,985","1,284,500",627,21.30,23.20,18.55,21.18,21.45,29.79 ,3.73,3.82,1.50
1584,精剛,"293,741,746","20,320,842","6,914",14.46,15.55,13.75,14.14,13.95,N/A,0.00,19.64,1.02
2221,大甲,"75,429,899","4,139,718","2,440",18.22,19.70,16.50,17.73,18.65,25.55 ,1.66,9.76,1.39
2640,大車隊,"209,904,130","2,001,360","1,550",104.88,112.00,101.00,103.57,101.00,17.12 ,5.35,4.75,3.33
3284,太普高,"32,065,622","3,392,742","1,019",9.45,9.89,8.72,9.37,9.28,928.00 ,0.00,5.59,0.70
4430,耀億,"211,666,603","6,217,469","3,038",34.04,37.10,31.70,32.97,32.30,13.80 ,3.72,11.05,0.94
4529,昶洧,"22,965,531","1,979,749",862,11.60,12.25,11.00,11.47,12.25,N/A,0.00,2.50,1.19
4541,晟田,"158,154,820","4,238,680","2,850",37.31,41.30,30.00,34.00,38.90,27.99 ,3.08,7.83,1.51
5276,F-達輝,"18,634,440","771,155",525,24.16,25.80,22.50,23.77,23.15,10.72 ,8.64,1.95,1.27
5284,F-jpp,"48,606,331","871,672",560,55.76,57.30,54.00,56.10,57.10,N/A,4.20,2.58,1.85
5306,桂盟,"739,003,403","5,102,698","3,996",144.83,159.50,132.00,143.31,138.50,28.79 ,1.08,4.67,6.32
5312,寶島科,"105,038,894","1,269,114","1,056",82.77,85.90,80.40,82.71,80.80,13.74 ,4.46,2.11,2.19
5530,龍巖,"387,690,120","4,832,596","3,810",80.22,81.50,79.20,80.16,80.00,15.90 ,4.50,1.21,3.45
6294,智基,"1,523,797,582","10,428,879","8,420",146.11,188.00,105.50,142.43,147.00,85.96 ,0.68,67.94,11.57
6803,崑鼎,"120,635,208","707,393",680,170.53,174.00,167.00,170.90,169.50,16.02 ,5.49,1.08,2.50
8390,金益鼎,"18,350,795","1,051,087",800,17.46,18.20,16.90,17.50,17.10,31.09 ,1.17,1.39,0.79
8401,白紗科,"32,041,233","2,182,759",999,14.68,15.20,14.15,14.73,15.05,10.38 ,7.57,3.71,0.99
8418,F-必勝,"13,385,174","696,915",344,19.21,20.10,18.10,19.26,18.85,72.50 ,1.06,1.01,0.65
8420,明揚,"10,379,928","625,777",375,16.59,17.20,16.20,16.65,17.20,45.26 ,1.16,1.23,1.29
8421,旭源,"7,227,551","687,532",380,10.51,11.50,9.74,10.29,10.20,N/A,0.00,1.79,0.90
8423,F-保綠,"1,151,675","50,590",47,22.76,24.45,21.95,23.27,24.05,16.82 ,3.33,0.28,1.44
8426,F-紅木,"48,856,470","1,292,307",980,37.81,44.20,33.80,39.00,36.50,12.09 ,8.22,2.68,1.72
8435,鉅邁,"52,038,108","1,020,158",720,51.01,52.90,48.70,51.15,49.90,15.35 ,6.61,3.22,2.00
8437,F-大地,"1,700,774,460","11,720,073","8,883",145.12,162.00,125.50,144.95,162.00,21.57 ,2.16,35.98,4.37
8905,裕國,"66,397,731","4,076,800","1,836",16.29,18.20,14.50,16.50,15.90,5.10 ,6.29,3.41,0.77
8906,花王,"1,056,149","119,075",99,8.87,9.60,8.32,8.70,8.75,N/A,0.00,0.23,1.13
8913,全銓,"7,790,409","469,805",193,16.58,17.10,16.15,16.86,16.75,45.27 ,2.39,0.86,1.25
8916,光隆,"84,033,577","2,196,241","1,392",38.26,40.80,35.00,38.29,37.30,10.33 ,8.04,2.10,1.27
8921,沈氏,"7,693,704","388,003",61,19.83,20.00,19.00,19.38,19.15,17.73 ,5.22,0.83,1.06
8924,大田,"90,737,487","5,097,593","2,568",17.80,18.75,16.65,17.59,17.80,296.67 ,0.00,4.20,1.02
8925,偉盟,"727,633,679","115,104,088","14,851",6.32,7.05,5.64,6.25,5.97,N/A,0.00,31.51,0.60
8928,鉅明,"972,774,614","20,635,694","12,294",47.14,51.60,41.00,46.13,47.85,9.67 ,4.18,40.58,3.22
8929,富堡,"17,749,576","633,088",385,28.04,29.70,26.10,28.04,27.55,20.56 ,4.36,1.81,1.12
8932,宏大,"4,770,390","479,000",162,9.96,10.70,9.18,10.00,9.77,16.84 ,0.00,0.98,1.08
8933,愛地雅,"152,932,640","10,519,731","4,773",14.54,16.30,13.55,14.45,13.90,15.11 ,2.88,7.08,0.88
8934,衡平,"45,850","1,000",1,45.85,45.85,45.85,45.85,45.85,12.92 ,2.76,0.01,1.69
8935,邦泰,"12,296,463","1,583,732",734,7.76,8.26,7.51,7.74,7.66,N/A,0.00,1.32,0.91
8936,國統,"2,395,499,564","52,128,451","27,486",45.95,49.50,41.60,45.65,46.40,13.07 ,4.53,27.88,1.97
8937,合騏,"21,551,980","1,544,649",623,13.95,15.20,12.90,14.02,13.45,"1,345.00 ",1.78,2.13,1.23
8938,明安,"27,037,782","1,205,927",689,22.42,23.20,21.75,22.32,21.75,N/A,2.30,0.90,0.89
8942,森鉅,"3,839,184,422","39,422,899","20,630",97.38,111.00,90.50,95.16,91.80,17.79 ,4.36,25.40,2.40
1742,台蠟,"85,908,839","3,951,000","1,391",21.74,24.00,19.50,22.22,22.15,N/A,0.00,6.11,1.95
1787,福盈科,"286,913,605","12,516,201","6,213",22.92,25.45,19.55,22.10,22.60,14.30 ,6.64,17.38,1.42
4702,中美實,"49,942,113","4,123,181","1,758",12.11,14.75,10.00,12.32,11.90,16.30 ,0.00,2.06,0.87
4706,大恭,"5,148,172","326,834",175,15.75,16.15,15.05,15.85,15.25,17.94 ,6.56,0.41,0.90
4707,磐亞,"66,683,462","6,973,930","2,366",9.56,10.45,8.40,9.29,9.15,30.50 ,0.00,3.24,0.51
4711,永純,"3,884,513","286,484",145,13.56,14.35,12.50,13.75,14.00,36.84 ,4.29,0.47,0.78
4714,永捷,"371,426,066","27,144,099","8,023",13.68,15.30,11.40,13.04,11.85,98.75 ,2.53,45.56,0.81
4716,大立,"13,010,933","1,133,871",605,11.47,12.40,10.80,11.40,11.35,22.25 ,4.41,1.58,0.93
4720,德淵,"20,734,110","1,321,063",551,15.70,16.40,15.00,15.68,16.02,N/A,6.04,1.75,1.19
4721,美琪瑪,"63,518,495","2,973,121","1,475",21.36,22.95,19.90,21.24,21.00,18.26 ,6.19,3.96,1.42
4739,康普,"4,653,949,038","76,957,704","42,940",60.47,65.50,51.20,60.52,63.00,19.63 ,1.72,112.02,2.50
6506,雙邦,"2,094,970,166","75,817,775","37,634",27.63,31.85,22.30,27.04,24.95,19.49 ,2.40,100.62,1.89
6509,聚和,"150,129,520","7,969,844","3,781",18.84,19.70,18.00,18.61,18.60,28.18 ,2.15,4.76,1.15
1565,精華,"1,022,659,330","1,975,485","2,090",517.68,550.00,488.00,516.00,491.00,18.21 ,4.86,3.92,5.35
1593,祺驊,"86,148,669","1,916,428",538,44.95,46.55,44.00,44.90,45.50,20.68 ,5.06,6.32,1.73
1752,南光,"466,779,191","12,929,436","8,293",36.10,38.90,31.60,35.69,34.90,28.37 ,1.43,14.37,2.05
1777,生泰,"223,518,311","2,881,924","2,041",77.56,82.30,72.90,76.21,75.20,16.35 ,3.99,9.59,2.38
1781,合世,"121,177,865","4,504,274","3,126",26.90,28.60,25.00,26.79,25.95,N/A,0.00,9.50,2.05
1784,訊聯,"84,168,692","2,438,734","1,805",34.51,38.20,32.05,34.55,34.80,56.13 ,2.02,4.91,1.47
1788,杏昌,"213,232,493","2,341,667","1,770",91.06,95.50,86.50,90.76,87.90,13.16 ,5.69,6.69,1.97
1795,美時,"3,494,590,826","45,802,921","33,518",76.30,82.10,69.00,75.77,73.00,N/A,0.00,19.21,2.23
1799,紅電醫,"211,568,461","7,023,313","4,683",30.12,35.80,25.00,28.48,25.70,N/A,0.00,10.74,1.74
1813,寶利徠,"29,941,751","1,099,864",762,27.22,30.35,25.00,27.07,25.90,13.49 ,3.86,2.36,1.22
3118,進階,"35,446,474","1,053,756",760,33.64,35.20,31.80,33.54,32.85,13.86 ,6.09,3.25,2.03
3176,基亞,"2,878,045,465","30,908,743","22,990",93.11,118.50,73.80,96.31,97.60,N/A,0.00,22.29,4.91
3205,佰研,"1,474,577,710","16,680,862","12,488",88.40,96.60,72.40,88.58,88.50,53.64 ,0.00,67.43,7.46
3218,大學光,"247,571,870","8,642,866","5,203",28.64,31.50,25.60,28.86,29.20,20.71 ,3.60,13.07,1.67
4102,永日,"22,705,944","1,306,974",765,17.37,19.10,15.75,17.70,17.50,N/A,1.71,3.08,1.35
4103,百略,"166,387,058","2,265,731","1,799",73.44,76.80,69.00,72.73,72.20,12.51 ,5.54,2.06,2.43
4105,東洋,"2,385,256,109","32,920,157","21,637",72.46,76.50,66.30,72.36,72.10,21.65 ,3.47,13.24,4.17
4107,邦特,"3,277,851,018","32,274,086","22,728",101.56,116.00,92.80,99.14,95.90,27.32 ,2.19,37.68,4.21
4109,穆拉德,"244,625,735","9,733,741","5,233",25.13,26.20,23.70,24.96,24.35,64.08 ,0.82,13.58,1.84
4111,濟生,"79,608,721","3,139,659","2,106",25.36,27.95,23.00,25.21,25.25,23.60 ,3.17,5.73,1.39
4114,健喬,"425,801,594","12,833,855","6,862",33.18,37.80,30.55,33.64,32.65,41.33 ,1.53,10.52,1.65
4120,友華,"327,444,674","5,090,943","3,700",64.32,69.00,59.50,62.65,61.70,21.20 ,2.59,5.87,1.84
4121,優盛,"27,660,413","2,374,146","1,450",11.65,13.30,10.45,11.56,11.40,N/A,0.00,3.24,0.74
4123,晟德,"2,562,661,897","36,084,349","23,263",71.02,77.60,66.50,70.59,69.80,60.17 ,0.00,17.32,2.87
4126,太醫,"140,126,623","2,225,148","1,808",62.97,66.30,58.00,62.54,61.50,13.11 ,4.07,3.37,2.12
4127,天良,"812,737,912","31,357,522","15,637",25.92,27.80,22.05,25.25,27.30,16.85 ,2.56,68.53,1.48
4128,中天,"278,681,233","11,888,078","7,093",23.44,24.70,21.50,23.52,23.40,N/A,0.00,2.79,1.31
4129,聯合,"203,922,474","4,173,534","2,491",48.86,52.00,44.70,48.42,52.00,40.31 ,2.33,7.43,2.82
4130,健亞,"1,077,344,662","23,268,027","16,168",46.30,53.80,40.00,46.18,45.95,66.59 ,1.09,23.08,3.28
4131,晶宇,"2,426,669","232,454",116,10.44,11.25,9.13,10.54,9.88,N/A,0.00,0.61,2.11
4138,曜亞,"162,010,557","2,286,669","1,946",70.85,77.50,65.20,70.63,70.20,19.02 ,4.99,7.62,1.61
4139,F-馬光,"32,165,550","462,009",201,69.62,74.00,68.00,70.63,68.50,N/A,1.46,1.47,3.97
4152,台微體,"106,414,918","560,076",593,190.00,202.00,180.00,188.14,185.50,N/A,0.00,1.01,3.48
4153,鈺緯,"1,143,824,137","12,000,456","10,212",95.32,110.00,82.00,93.91,83.00,21.01 ,4.37,38.33,2.74
4154,F-康樂,"5,342,078","239,116",191,22.34,23.55,21.65,22.55,22.85,20.59 ,4.38,1.22,1.63
4157,F*太景,"361,338,672","12,418,973","7,248",29.10,31.30,25.60,28.99,26.30,N/A,0.00,1.78,23.91
4160,創源,"42,036,351","1,496,904","1,192",28.08,30.10,25.30,27.82,26.90,N/A,0.00,6.22,2.03
4161,聿新科,"367,767,624","4,374,138","3,031",84.08,90.30,79.90,84.06,83.00,180.43 ,1.20,8.49,3.52
4162,智擎,"3,567,926,247","15,014,013","12,644",237.64,260.00,222.00,235.69,235.00,239.80 ,0.43,14.73,8.25
4163,鐿鈦,"461,590,560","3,249,505","2,830",142.05,149.50,135.00,141.29,137.00,17.47 ,3.65,8.08,4.06
4168,醣聯,"187,686,065","4,169,806","3,477",45.01,51.00,39.80,44.95,42.60,N/A,0.00,5.42,1.48
4171,瑞基,"159,595,815","4,000,685","1,626",39.89,44.30,36.65,38.86,38.90,N/A,0.00,11.65,3.82
4173,久裕,"260,680,795","7,661,866","5,293",34.02,36.85,29.85,32.47,36.40,50.56 ,2.23,17.19,1.49
4174,浩鼎,"4,251,214,069","13,943,406","11,953",304.89,343.50,282.00,303.93,292.00,N/A,0.00,8.17,6.62
4175,杏一,"57,212,691","720,868",592,79.37,83.60,77.00,79.53,79.70,18.84 ,4.02,2.86,3.05
4180,安成藥,"1,099,807,221","5,389,789","4,544",204.05,218.00,190.00,200.14,208.50,N/A,0.00,4.76,7.47
4188,安克,"43,482,898","1,466,549","1,124",29.65,33.35,25.55,29.55,27.50,N/A,0.00,3.59,2.70
4192,杏國,"78,441,641","1,857,540","1,520",42.23,47.00,38.00,40.42,40.00,N/A,0.00,3.18,2.21
4198,環瑞醫,"272,526,167","7,035,331","3,000",38.74,40.00,35.30,37.98,37.45,N/A,0.00,4.66,2.66
4726,永昕,"115,551,952","2,823,399","1,907",40.93,44.50,37.20,40.40,38.95,N/A,0.00,2.54,2.70
4728,雙美,"162,900,708","6,601,220","3,832",24.68,26.25,23.00,23.90,24.35,101.46 ,2.46,12.12,2.05
4735,豪展,"602,542,695","22,427,007","12,375",26.87,31.00,23.60,25.51,25.05,22.98 ,1.54,73.32,2.23
4736,泰博,"354,642,578","4,441,639","3,668",79.84,90.80,72.40,80.30,75.80,15.86 ,6.86,6.42,1.99
4743,合一,"759,379,549","18,331,793","13,096",41.42,45.50,36.80,41.32,41.80,32.66 ,2.39,10.31,2.67
4745,F-合富,"304,579,171","4,063,593","3,015",74.95,86.00,66.80,75.40,78.40,13.78 ,4.90,7.22,2.57
4747,強生,"26,516,495","623,495",605,42.53,46.30,40.25,42.37,40.95,18.20 ,5.25,2.08,1.46
4911,德英,"110,745,559","1,674,366","1,402",66.14,80.00,59.30,64.54,61.20,556.36 ,0.37,3.04,4.04
6130,基因,"10,284,119","293,311",240,35.06,37.10,33.20,35.62,36.00,N/A,5.56,1.10,2.70
8403,盛弘,"879,522,316","20,966,275","13,521",41.95,45.30,38.20,40.34,40.25,11.47 ,2.48,35.35,1.87
8406,F-金可,"2,020,698,350","4,961,387","3,767",407.28,431.50,375.00,410.07,388.50,24.92 ,1.70,5.35,3.78
8409,商之器,"39,955,066","1,572,386",635,25.41,28.20,23.65,25.47,24.90,N/A,0.00,5.62,1.63
8432,東生華,"27,229,466","579,342",455,47.00,48.90,45.70,46.85,46.40,30.13 ,4.31,1.51,1.75
8436,大江,"1,344,571,863","15,640,437","11,930",85.97,93.40,74.50,83.12,86.60,25.55 ,2.31,28.11,2.77
8908,欣雄,"4,210,248","107,472",113,39.18,41.20,38.50,39.11,39.05,18.60 ,4.61,0.09,2.92
8917,欣泰,"11,540,388","230,337",123,50.10,51.30,47.55,50.50,50.00,42.02 ,2.00,0.19,3.37
8927,北基,"11,187,966","1,112,752",434,10.05,10.95,9.63,10.11,9.80,N/A,0.00,0.84,0.93
8931,大汽電,"96,383,534","3,718,884","2,499",25.92,29.75,22.05,26.00,27.75,21.51 ,3.60,3.49,1.81
3073,普格,"1,146,816","126,562",115,9.06,9.90,8.51,9.28,9.55,N/A,0.00,0.27,1.28
3105,穩懋,"13,045,198,651","294,600,460","132,800",44.28,49.60,40.10,44.02,43.00,13.48 ,0.47,39.63,1.92
3122,笙泉,"122,299,916","6,006,734","3,354",20.36,23.20,18.00,20.19,20.15,14.09 ,4.96,15.20,1.47
3141,晶宏,"988,924,487","48,272,547","21,053",20.49,23.70,16.80,19.43,23.15,19.62 ,2.68,47.95,1.94
3169,亞信,"356,101,749","12,507,113","5,865",28.47,33.45,25.65,28.88,28.80,21.82 ,5.21,24.16,1.91
3188,安茂,"5,307,150","499,000",182,10.64,11.30,9.50,10.45,11.00,N/A,0.00,1.08,1.94
3219,倚強,"10,610,544","582,820",219,18.21,20.40,16.65,18.47,17.55,N/A,0.00,2.51,2.58
3227,原相,"7,230,780,078","76,521,995","50,815",94.49,104.00,83.00,90.78,101.00,37.27 ,2.97,58.22,2.28
3228,金麗科,"24,493,328","821,167",566,29.83,32.20,28.00,30.02,28.70,N/A,0.00,1.32,4.08
3252,海灣,"4,506,928","163,622",132,27.55,31.50,25.90,28.54,27.05,N/A,0.00,0.75,0.54
3259,鑫創,"135,675,495","3,703,389","2,102",36.64,38.70,34.00,36.33,35.45,N/A,0.00,4.58,4.20
3260,威剛,"877,657,310","20,196,689","12,789",43.46,47.90,39.80,43.16,42.10,20.74 ,5.99,8.78,1.11
3264,欣銓,"1,279,940,519","47,435,905","21,819",26.98,29.00,25.40,26.87,26.25,9.31 ,6.48,9.96,1.27
3265,台星科,"279,622,586","8,089,817","5,009",34.56,40.80,31.50,35.14,33.30,8.60 ,6.79,5.94,1.24
3268,海德威,"52,251,941","2,741,230","1,643",19.06,22.60,16.05,18.33,18.60,N/A,5.38,8.94,1.09
3291,遠翔科,"31,775,091","1,388,928",810,22.88,25.45,20.70,22.73,22.30,17.15 ,8.97,3.91,1.28
3317,尼克森,"39,876,305","3,378,827","1,464",11.80,13.80,11.00,12.08,11.85,131.67 ,0.00,5.52,0.49
3372,典範,"136,258,535","14,870,018","3,844",9.16,10.15,8.46,9.25,9.11,43.38 ,0.00,3.63,1.02
3374,精材,"1,841,376,749","38,466,416","24,145",47.87,54.80,43.00,47.38,44.00,16.30 ,2.41,14.33,1.93
3438,類比科,"27,823,691","1,053,053",653,26.42,28.30,24.75,26.46,26.50,14.89 ,7.55,2.70,0.92
3527,聚積,"142,815,492","2,508,472","1,767",56.93,66.00,52.60,56.61,54.30,11.86 ,8.29,7.68,1.15
3529,力旺,"10,023,695,728","21,955,404","19,517",456.55,494.50,408.00,449.40,416.50,75.87 ,1.44,28.58,16.53
3553,力積,"202,181,344","9,013,266","4,842",22.43,25.90,20.25,21.97,20.95,10.97 ,5.89,13.23,1.39
3555,擎泰,"6,622,891","1,487,399",581,4.45,6.39,3.16,4.64,3.76,N/A,0.00,3.01,1.19
3556,禾瑞亞,"2,724,187,069","32,801,923","22,661",83.05,90.50,75.60,80.85,77.90,19.00 ,5.52,61.45,3.48
3567,逸昌,"11,466,350","840,054",412,13.65,14.50,13.30,13.68,13.60,12.04 ,5.15,2.36,1.02
3581,博磊,"28,618,481","1,478,593",923,19.36,21.60,17.10,19.62,19.50,10.21 ,5.64,2.86,1.29
3658,漢微科,"18,192,180,155","8,310,750","8,398",2188.99,2470.00,1885.00,2188.81,2010.00,46.16 ,1.09,11.71,11.64
3675,德微,"91,451,743","3,103,599","1,939",29.47,33.50,26.25,29.30,28.40,18.09 ,0.00,6.99,1.43
3680,家登,"99,308,405","2,581,354","1,558",38.47,41.15,36.50,38.78,37.65,N/A,1.33,4.13,2.11
3707,漢磊,"37,564,794","3,664,763","1,587",10.25,12.20,9.01,10.24,9.50,N/A,0.00,2.24,0.56
4947,F-昂寶,"1,628,381,222","9,046,451","7,529",180.00,193.50,162.00,174.93,183.50,14.61 ,4.63,20.23,2.96
4966,F-譜瑞,"12,349,680,665","34,612,186","28,106",356.80,378.50,325.00,355.83,360.00,22.22 ,1.39,45.83,4.87
4971,F-IET,"2,570,620,421","28,654,397","19,924",89.71,102.00,81.20,89.05,86.50,13.49 ,1.73,90.11,2.37
4973,廣穎,"37,736,498","1,846,561","1,111",20.44,23.45,18.60,20.16,19.40,19.80 ,7.73,2.83,0.75
4991,F-環宇,"3,279,402,942","34,928,966","23,217",93.89,112.00,80.50,88.66,84.40,22.63 ,2.96,77.05,3.09
5272,笙科,"726,941,763","11,060,634","8,371",65.72,73.20,58.30,64.30,65.90,24.68 ,5.31,23.84,3.38
5274,信驊,"846,270,854","2,593,909","2,441",326.25,356.50,297.00,328.71,340.00,29.41 ,2.65,9.86,9.48
5302,太欣,"17,981,486","2,529,489",949,7.11,7.85,6.36,7.09,7.07,N/A,0.00,1.56,0.67
5314,世紀,"7,178,510","963,708",461,7.45,8.40,6.70,7.46,7.02,N/A,0.00,1.61,0.96
5344,立衛,"2,800,475","406,934",238,6.88,8.08,6.10,6.87,6.41,N/A,0.00,0.51,0.71
5347,世界,"12,566,268,063","263,744,223","68,668",47.65,51.50,42.30,48.01,49.40,14.83 ,5.26,16.09,2.80
5351,鈺創,"1,882,892,259","107,239,298","37,021",17.56,18.55,15.75,17.32,18.05,58.23 ,1.11,24.54,1.67
5425,台半,"778,334,629","26,010,080","15,008",29.92,31.95,28.10,29.72,29.95,12.03 ,6.68,10.89,1.31
5455,訊利電,"2,173,951","157,968",151,13.76,16.05,9.95,13.99,14.25,N/A,0.00,0.44,2.71
5466,泰林,"275,676,502","11,001,886","2,402",25.06,25.55,24.55,24.99,24.85,N/A,0.00,5.00,1.09
5468,凱鈺,"3,662,626","381,167",246,9.61,10.80,9.00,9.83,9.50,N/A,0.00,0.72,1.45
5483,中美晶,"2,595,175,526","69,483,479","36,259",37.35,40.25,33.30,36.97,39.00,25.66 ,4.62,11.98,1.04
5487,通泰,"34,465,541","1,452,432",754,23.73,25.00,22.60,23.71,24.70,14.97 ,8.10,6.56,1.09
6103,合邦,"898,797","87,074",70,10.33,11.50,9.00,10.38,10.50,N/A,0.00,0.15,8.68
6104,創惟,"5,857,509,481","109,129,627","65,186",53.67,66.40,44.65,52.11,55.10,10.42 ,7.26,121.72,2.97
6129,普誠,"51,973,399","6,044,497","2,511",8.60,9.88,7.70,8.66,8.43,76.64 ,0.00,3.34,0.73
6138,茂達,"266,705,441","10,753,820","6,626",24.80,28.80,21.85,24.50,23.90,11.49 ,7.95,10.71,1.31
6147,頎邦,"10,777,797,544","158,631,753","85,522",67.94,75.20,62.50,68.00,66.70,16.68 ,3.90,24.44,1.83
6182,合晶,"608,345,953","54,366,114","18,874",11.19,12.25,9.77,10.91,11.65,N/A,0.00,14.18,0.73
6198,凌泰,"4,329,114","288,723",220,14.99,16.70,13.60,15.32,15.60,N/A,0.00,1.43,2.27
6223,旺矽,"1,158,574,349","14,208,439","10,487",81.54,91.60,75.60,82.75,79.90,11.38 ,5.01,17.85,1.67
6229,研通,"18,785,196","1,502,058",547,12.51,14.00,11.70,12.73,12.50,22.32 ,6.24,4.16,0.95
6233,旺玖,"76,563,622","5,668,584","2,947",13.51,16.00,12.15,13.62,13.65,N/A,0.00,6.70,1.08
6236,康呈,"5,555,408","169,856",166,32.71,37.20,29.80,33.26,32.05,N/A,0.00,0.54,3.96
6237,驊訊,"830,501,434","34,409,110","14,510",24.14,26.95,19.50,23.17,25.55,141.94 ,2.74,44.38,1.40
6261,久元,"518,006,487","8,765,915","6,920",59.09,64.20,56.60,59.26,57.70,9.85 ,8.84,6.89,1.18
6287,元隆,"1,745,634","443,741",184,3.93,4.38,3.41,4.03,4.08,N/A,0.00,0.24,1.56
6291,沛亨,"553,824","181,035",72,3.06,3.80,2.55,3.19,2.80,N/A,0.00,0.69,1.09
6411,晶焱,"755,373,690","16,026,493","9,540",47.13,51.20,44.00,46.30,48.65,18.43 ,3.08,25.48,2.42
6457,紘康,"369,022,522","9,529,095","5,605",38.73,42.80,35.00,37.85,37.15,18.48 ,4.31,35.17,2.39
8024,佑華,"4,951,517","390,043",214,12.69,13.25,12.10,12.69,12.60,17.50 ,3.97,0.83,0.81
8040,九暘,"30,635,017","3,309,002","1,565",9.26,10.50,8.50,9.11,8.85,N/A,0.00,3.82,1.05
8054,安國,"112,341,258","4,914,195","2,446",22.86,24.85,19.00,23.33,24.25,24.01 ,6.26,5.98,0.91
8079,誠遠,"20,903,977","1,490,253",729,14.03,14.90,13.55,14.07,13.80,10.70 ,7.25,1.86,0.92
8086,宏捷科,"38,779,328,549","353,434,525","191,432",109.72,129.50,90.00,109.42,122.00,26.58 ,1.64,257.86,6.78
8088,品安,"35,526,644","1,911,643",946,18.58,20.90,17.50,18.85,18.50,10.34 ,8.65,3.30,1.18
8277,商丞,"46,697,033","5,832,774","2,624",8.01,10.00,7.00,8.15,7.84,N/A,0.00,6.37,0.61
1569,濱川,"92,298,702","6,895,087","3,232",13.39,16.60,11.70,13.62,13.30,N/A,0.00,7.35,0.55
3071,協禧,"20,560,659","2,984,703","1,026",6.89,7.26,6.35,6.93,6.88,688.00 ,0.00,2.04,0.68
3088,艾訊,"420,827,821","5,655,299","4,269",74.41,80.50,66.50,72.06,67.10,14.81 ,5.96,7.18,3.22
3171,新洲,"64,433,517","3,257,839","1,130",19.78,20.40,19.00,19.68,19.90,18.43 ,0.00,5.50,2.13
3211,順達,"1,056,800,670","16,052,304","11,482",65.83,73.80,60.50,66.13,65.40,12.13 ,7.65,10.56,1.25
3213,茂訊,"377,937,222","7,439,676","5,187",50.80,55.80,45.75,48.84,46.15,10.71 ,6.72,12.68,2.05
3272,東碩,"2,160,168,893","20,054,653","15,861",107.71,128.00,91.50,104.66,114.00,11.19 ,7.46,53.30,3.21
3287,廣寰科,"13,619,159","1,622,573",970,8.39,9.38,7.50,8.52,8.58,N/A,0.00,3.69,0.83
3323,加百裕,"144,270,196","7,490,915","2,985",19.26,20.70,17.80,19.44,19.75,13.53 ,5.06,7.89,0.76
3325,旭品,"81,042,111","5,350,322","2,388",15.15,16.80,13.50,15.35,16.30,N/A,0.00,6.94,1.23
3479,安勤,"148,276,308","3,226,299","1,895",45.96,48.65,44.00,45.54,44.50,14.45 ,6.29,4.72,1.58
3483,力致,"47,684,486","3,468,482","1,742",13.75,16.70,12.35,13.98,13.35,N/A,1.12,7.08,0.33
3521,鴻翊,"1,606,000","124,000",96,12.95,14.20,11.25,12.74,12.40,N/A,0.00,0.27,1.31
3540,曜越,"29,284,520","2,220,258","1,080",13.19,14.15,12.35,13.19,13.30,N/A,7.52,3.43,0.67
3577,泓格,"45,795,659","1,216,102",771,37.66,41.00,35.00,37.69,37.00,17.13 ,4.05,2.78,1.92
3594,磐儀,"171,154,084","4,810,678","3,372",35.58,41.70,31.70,35.18,32.90,23.84 ,3.65,8.57,1.78
3611,鼎翰,"655,561,453","2,446,533","2,324",267.96,287.00,246.50,266.21,271.00,18.95 ,3.69,7.06,5.54
3625,西勝,"17,153,893","1,893,611",833,9.06,10.20,8.36,9.12,9.00,N/A,0.00,3.38,1.02
3652,精聯,"8,980,683","462,020",324,19.44,20.80,18.10,19.33,19.10,24.18 ,4.19,0.99,0.78
3693,營邦,"1,489,759,375","11,734,982","9,214",126.95,155.00,112.50,128.67,126.00,13.04 ,4.52,30.67,2.68
4924,F-欣厚,"84,191,550","1,780,000",870,47.30,47.80,46.60,47.49,47.60,N/A,0.00,4.79,3.60
4987,科誠,"37,107,100","434,200",360,85.46,88.50,83.90,85.52,85.10,12.11 ,6.46,1.81,2.41
5289,宜鼎,"2,116,156,214","18,609,655","13,155",113.71,121.00,107.00,112.60,112.50,12.68 ,4.44,31.44,3.25
5304,鼎創達,"894,250","230,344",225,3.88,4.15,3.68,3.96,3.86,3.24 ,0.00,0.12,1.10
5356,協益,"442,659,414","7,623,329","5,039",58.07,60.20,55.10,58.35,59.00,5.26 ,9.32,5.89,1.34
5384,捷元,"14,725,251","1,083,590",299,13.59,14.10,13.20,13.60,13.80,30.00 ,3.62,1.36,1.03
5386,青雲,"2,869,392","106,341",109,26.98,28.55,25.60,27.27,27.10,N/A,1.85,0.91,2.33
5426,振發,"40,301,146","2,886,918","1,277",13.96,14.80,13.45,13.97,13.60,9.86 ,7.35,2.01,0.85
5438,東友,"56,820,455","4,546,516","1,650",12.50,13.10,11.60,12.39,11.85,12.74 ,8.44,4.04,0.69
5450,寶聯通,"16,663,417","1,468,697",765,11.35,13.40,10.25,11.44,10.60,N/A,0.00,2.91,1.03
5465,富驊,"23,498,315","1,672,616",524,14.05,14.85,13.55,14.08,14.15,17.47 ,1.41,1.16,1.28
5474,聰泰,"2,104,916,515","26,960,948","21,242",78.07,96.80,67.00,75.66,73.50,13.74 ,4.76,79.93,3.95
5490,同亨,"13,319,625,980","130,876,776","76,182",101.77,119.00,86.00,101.48,112.50,37.88 ,2.22,138.65,6.35
6105,瑞傳,"559,008,128","10,659,854","6,245",52.44,55.80,49.50,51.68,50.20,6.78 ,6.97,10.08,1.35
6121,新普,"3,501,109,477","25,374,861","18,576",137.98,146.50,127.50,137.50,143.00,13.01 ,4.90,8.23,2.10
6123,上奇,"47,834,194","2,110,401","1,268",22.67,24.75,19.35,23.06,23.90,15.42 ,6.32,3.83,1.23
6150,撼訊,"15,758,179","2,121,437",901,7.43,8.39,7.00,7.33,7.28,N/A,0.00,3.01,1.05
6160,欣技,"72,339,915","4,254,292","1,942",17.00,20.55,15.00,17.14,15.75,49.22 ,6.35,6.21,1.12
6161,捷波,"21,793,756","2,718,628","1,144",8.02,8.74,7.51,7.99,7.81,8.68 ,5.12,2.25,0.62
6188,廣明,"322,798,969","11,287,788","5,909",28.60,30.10,27.60,28.55,28.85,9.16 ,11.09,4.06,0.87
6222,上揚,"19,114,689","1,765,071",899,10.83,12.20,9.00,10.81,10.30,N/A,0.00,3.07,1.62
6228,全譜,"75,344,468","5,096,310","3,044",14.78,17.60,12.50,14.26,13.00,N/A,0.00,12.40,2.05
6276,安鈦克,"38,946,626","3,579,484","1,805",10.88,13.50,9.82,11.13,10.30,39.62 ,5.83,8.17,0.91
6298,崴強,"86,125,281","4,292,210","2,095",20.07,20.70,19.45,20.09,20.10,10.58 ,9.95,2.54,1.10
8050,廣積,"4,443,592,330","63,004,128","40,954",70.53,79.20,61.50,67.82,62.40,15.00 ,6.22,58.05,2.44
8076,伍豐,"9,384,232,972","78,507,654","48,264",119.53,130.00,108.50,117.98,116.00,74.36 ,1.12,35.94,5.58
8234,新漢,"723,348,320","20,133,988","11,966",35.93,42.15,31.50,35.20,33.45,11.11 ,5.98,14.40,1.92
8299,群聯,"8,955,604,527","30,617,473","23,894",292.50,312.00,267.00,292.57,267.50,15.92 ,4.19,15.51,2.69
8410,森田,"42,431,384","1,742,522",993,24.35,29.05,22.05,24.41,23.25,5.08 ,8.60,4.76,0.65
3066,李洲,"1,989,204","237,252",157,8.38,8.78,7.87,8.36,8.73,N/A,0.00,0.29,1.15
3128,昇銳,"140,690,187","7,766,541","3,578",18.11,20.35,15.75,17.88,17.90,N/A,0.00,18.49,1.34
3230,錦明,"22,801,158","3,528,016","1,126",6.46,7.75,5.85,6.68,6.50,N/A,0.00,3.21,0.46
3297,杭特,"30,348,994","1,358,777",690,22.34,25.30,21.00,22.32,21.70,12.26 ,8.29,3.69,0.87
3339,泰谷,"14,702,869","2,552,110","1,021",5.76,7.30,4.80,5.85,5.60,N/A,0.00,0.93,0.82
3362,先進光,"139,240,834","7,318,015","3,089",19.03,22.05,16.20,19.21,20.20,29.28 ,4.95,7.84,1.36
3428,光燿科,"975,486,300","20,171,771","11,462",48.36,53.40,43.50,47.00,53.40,38.42 ,1.87,21.21,2.29
3434,哲固,"12,813,936","1,016,024",500,12.61,14.20,11.80,12.29,11.95,31.45 ,0.00,3.10,1.74
3441,聯一光,"73,114,429","4,615,661","1,939",15.84,18.80,14.65,15.86,15.00,N/A,4.00,11.53,0.57
3452,益通,"431,590,111","33,456,576","13,508",12.90,14.60,11.50,12.82,12.95,N/A,0.00,4.29,1.36
3455,由田,"898,452,732","29,106,320","17,347",30.87,35.70,28.00,30.33,29.65,9.92 ,1.68,47.65,1.11
3490,單井,"4,469,796,846","32,769,759","21,372",136.40,151.00,119.00,130.31,124.50,13.77 ,3.21,52.56,4.48
3516,亞帝歐,"11,007,018","1,199,404",492,9.18,9.81,8.55,9.23,8.90,N/A,0.00,1.61,0.40
3522,宏森,"21,121,277","1,913,490",989,11.04,12.55,10.00,11.10,11.10,30.00 ,4.50,4.05,0.47
3523,迎輝,"131,462,159","6,344,810","2,963",20.72,22.00,19.30,20.70,21.00,N/A,0.00,6.60,1.81
3531,先益,"7,783,813","435,147",265,17.89,19.00,17.05,17.99,18.10,42.09 ,8.29,0.71,0.62
3562,頂晶科,"171,848","34,052",25,5.05,5.53,4.56,5.05,5.10,N/A,0.00,0.07,3.59
3615,安可,"125,151,337","6,942,158","4,097",18.03,20.10,15.30,18.14,19.00,N/A,0.00,9.84,0.52
3623,富晶通,"448,758,883","12,041,309","7,144",37.27,43.00,33.80,37.15,39.15,10.36 ,7.66,20.52,2.45
3629,卓韋,"17,358,922","1,524,884",672,11.38,12.00,9.51,11.36,10.50,N/A,0.00,7.22,3.41
3630,新鉅科,"413,973,781","20,706,936","11,218",19.99,25.35,17.10,20.09,19.20,N/A,0.00,20.37,0.70
3666,光耀,"187,064,214","7,315,096","4,598",25.57,30.50,21.30,25.15,27.50,8.36 ,10.91,14.86,1.28
3685,政翔,"843,232,494","14,538,394","8,512",58.00,64.80,51.00,56.98,61.90,N/A,0.00,18.17,4.53
3691,碩禾,"11,837,798,350","21,107,821","19,633",560.83,604.00,517.00,556.71,554.00,22.64 ,2.71,34.66,6.37
4703,揚華,"1,845,841,955","54,832,110","24,667",33.66,54.00,20.80,38.90,25.10,7.68 ,0.00,76.43,1.57
4729,熒茂,"39,608,671","2,287,798","1,304",17.31,18.95,16.15,17.25,16.75,N/A,0.00,2.25,1.28
4933,友輝,"103,007,262","3,366,642","2,246",30.60,34.70,27.00,30.34,29.50,13.66 ,6.78,4.30,0.79
4944,兆遠,"506,285,909","28,424,881","12,458",17.81,20.35,15.15,17.78,19.00,N/A,0.63,13.53,1.06
4950,牧東,"13,347,134","609,060",325,21.91,24.10,20.05,22.10,23.05,N/A,2.17,1.03,0.97
4972,湯石,"555,128,083","14,773,319","9,630",37.58,42.30,33.00,36.44,36.40,13.89 ,5.77,39.97,1.21
4995,晶達,"166,768,405","3,834,340","2,250",43.49,48.80,38.00,41.56,40.60,11.63 ,7.39,11.23,2.54
5230,雷笛克,"587,460,730","10,455,827","6,920",56.19,61.40,50.60,54.50,52.40,24.04 ,2.86,23.30,1.75
5245,智晶,"313,310,306","7,030,312","5,038",44.57,50.80,38.00,43.39,46.20,17.77 ,5.54,17.38,3.28
5251,天鉞電,"117,056,119","2,841,136","1,762",41.20,47.50,36.45,42.00,38.00,9.82 ,9.18,9.19,1.41
5315,光聯,"438,271,798","31,719,754","11,385",13.82,15.65,11.75,13.65,13.30,28.91 ,0.00,29.83,1.77
5371,中光電,"1,706,110,508","46,796,163","27,634",36.46,39.90,33.40,36.99,37.70,7.65 ,9.28,8.62,0.87
5392,應華,"824,432,743","13,242,430","8,175",62.26,71.80,56.00,61.84,58.70,76.23 ,1.70,14.49,1.22
5432,達威,"1,590,403","101,480",99,15.67,17.00,14.75,15.60,15.50,18.45 ,0.00,0.49,1.28
5443,均豪,"181,996,111","14,234,093","5,813",12.79,13.65,11.50,12.78,12.85,24.25 ,6.23,8.37,0.93
6125,廣運,"126,651,800","10,212,211","3,827",12.40,13.00,11.50,12.26,12.75,60.71 ,3.92,4.02,0.63
6167,久正,"112,983,374","22,561,477","5,665",5.01,6.20,3.93,4.86,4.68,4.98 ,0.00,13.91,0.88
6234,高僑,"157,780,960","6,204,853","3,197",25.43,27.65,23.10,25.46,26.80,23.30 ,3.36,8.69,0.90
6244,茂迪,"3,746,725,688","105,775,318","56,255",35.42,38.50,31.30,35.00,36.60,N/A,0.00,21.72,1.28
6246,臺龍,"2,335,135","698,800",194,3.34,3.73,3.02,3.37,3.73,N/A,0.00,0.51,6.43
6419,京晨科,"38,600,543","1,084,709",732,35.59,39.90,26.75,30.85,33.85,376.11 ,2.11,5.27,1.77
8049,晶采,"67,810,963","8,559,545","2,633",7.92,8.75,7.25,7.73,7.80,13.22 ,3.85,6.51,0.73
8053,巨擘,"1,653,390","917,516",139,1.80,2.02,1.60,1.78,1.72,N/A,0.00,0.22,1.79
8064,東捷,"145,351,983","10,177,479","4,162",14.28,16.20,13.10,14.40,13.30,6.82 ,7.52,7.63,0.86
8069,元太,"2,240,939,947","163,794,376","47,305",13.68,14.70,12.20,13.64,14.15,N/A,0.00,14.36,0.64
8077,冠華,"11,718,396","199,740",163,58.69,66.00,51.50,59.38,57.00,237.50 ,0.00,0.40,4.90
8087,華鎂鑫,"8,254,832","848,192",366,9.73,10.80,8.50,9.56,8.73,N/A,0.00,2.84,0.85
8107,大億科,"83,098,634","4,524,794","1,616",18.37,21.45,17.10,18.51,18.00,24.00 ,0.00,3.93,1.34
8111,立碁,"33,254,452","5,655,856","1,276",5.88,6.30,5.40,5.93,5.87,N/A,0.00,4.83,0.58
8240,華宏,"51,332,388","2,178,904","1,369",23.56,28.40,21.60,23.57,21.85,15.83 ,5.49,2.18,0.45
8266,中日新,"11,747,387","296,615",213,39.61,41.60,38.00,39.61,39.40,N/A,0.00,0.30,6.38
3068,美磊,"45,504,576","1,489,555",633,30.55,32.60,28.60,30.78,30.45,20.17 ,2.96,1.74,1.83
3095,及成,"641,864,008","42,003,602","17,334",15.28,20.95,10.65,13.50,12.50,N/A,0.00,38.44,1.43
3152,璟德,"8,788,703,749","36,745,910","29,393",239.18,278.00,195.50,242.38,262.50,35.86 ,2.54,53.24,6.18
3163,波若威,"1,199,986,392","24,915,844","15,744",48.16,52.30,42.60,48.34,47.60,41.75 ,2.31,34.17,2.24
3221,台嘉碩,"208,052,458","10,967,405","5,270",18.97,20.75,17.15,18.85,19.55,14.92 ,6.65,12.72,1.04
3234,光環,"20,423,821,046","230,083,042","142,776",88.77,104.00,71.00,88.28,99.00,29.64 ,2.73,221.51,5.70
3290,東浦,"78,213,361","4,144,659","1,623",18.87,19.55,18.05,18.72,18.55,16.86 ,2.70,4.16,1.14
3306,鼎天,"75,642,904","2,500,472","1,712",30.25,33.30,27.00,29.62,30.40,21.71 ,4.61,4.94,0.97
3363,上詮,"210,377,114","6,446,201","2,496",32.64,35.20,28.90,30.28,34.50,N/A,1.45,8.48,1.98
3431,長天,"98,505,077","7,807,397","4,187",12.62,14.10,10.20,12.10,13.10,N/A,0.00,22.02,1.49
3466,致振,"10,112,928","345,984",239,29.23,31.30,27.50,29.08,29.35,48.11 ,5.11,0.57,1.06
3491,昇達科,"3,086,629,562","36,156,856","22,829",85.37,90.20,79.00,84.08,84.30,24.58 ,4.84,70.38,2.89
3499,環天科,"1,712,091,504","81,096,280","38,357",21.11,26.80,14.80,19.04,25.55,N/A,0.00,141.85,2.21
3558,神準,"3,707,357,321","13,924,023","12,169",266.26,290.00,235.00,266.05,273.50,19.79 ,3.47,28.46,5.59
3564,其陽,"593,440,370","8,130,190","5,736",72.99,80.00,63.90,72.17,72.30,17.05 ,2.49,39.85,3.14
3632,研勤,"685,698,781","22,597,752","13,464",30.34,34.00,22.10,27.06,32.00,N/A,0.00,73.37,2.35
3664,F-安瑞,"132,063,959","8,572,397","4,680",15.41,19.25,12.95,15.19,15.25,N/A,0.00,11.04,0.98
3672,康聯訊,"513,277,130","10,096,027","6,621",50.84,57.60,41.10,47.17,54.30,16.31 ,4.60,36.05,3.72
3684,榮昌,"53,301,215","1,036,703",749,51.41,54.80,46.00,51.20,53.10,16.24 ,5.65,5.06,2.88
4903,聯光通,"115,272,323","9,987,518","3,320",11.54,12.50,10.60,11.40,11.80,17.88 ,2.74,11.19,1.05
4905,台聯電,"585,145,134","11,611,280","5,886",50.39,56.20,41.00,44.40,53.50,76.43 ,0.93,22.67,1.04
4908,前鼎,"43,312,710","1,851,614","1,005",23.39,25.15,21.05,23.39,23.40,11.25 ,7.69,2.38,1.44
4909,新復興,"108,443,349","4,240,720","2,423",25.57,29.30,23.10,25.78,24.80,9.84 ,5.24,4.54,0.92
4979,華星光,"6,291,463,142","71,203,655","50,288",88.36,97.40,77.00,88.28,90.20,22.78 ,2.22,105.88,3.92
5348,系通,"1,637,054","224,005",130,7.31,9.27,6.51,7.73,7.60,N/A,0.00,0.86,1.50
5353,台林,"11,536,636","1,058,397",594,10.90,11.65,10.20,10.92,10.75,31.62 ,3.91,1.16,0.79
6109,亞元,"24,122,149","1,770,119",716,13.63,14.50,12.25,13.70,13.85,12.26 ,5.78,2.44,1.19
6143,振曜,"926,644,776","15,155,851","8,945",61.14,64.80,57.00,60.72,61.50,12.58 ,8.13,18.20,2.36
6163,華電網,"100,764,395","7,326,340","2,830",13.75,15.10,12.60,13.81,13.25,N/A,0.00,7.08,0.97
6170,統振,"36,135,755","3,413,128","1,236",10.59,11.45,9.92,10.67,10.00,26.32 ,2.91,3.64,0.78
6190,萬泰科,"22,533,767","3,105,634",995,7.26,7.81,6.75,7.00,6.90,N/A,0.00,2.52,0.62
6218,豪勉,"22,796,930","1,215,433",650,18.76,20.55,17.65,18.80,18.70,14.27 ,5.35,1.89,1.17
6241,易通展,"25,626,981","1,317,197",944,19.46,22.30,17.30,19.22,20.00,42.55 ,9.00,5.55,1.59
6245,立端,"2,261,159,905","48,045,331","28,827",47.06,50.90,41.95,45.84,45.60,14.16 ,4.39,52.40,2.02
6263,普萊德,"549,646,886","9,508,319","6,937",57.81,63.40,52.00,56.48,57.10,13.73 ,6.13,15.52,2.99
6426,統新,"419,823,382","10,133,334","6,494",41.43,48.50,31.00,36.26,45.00,19.82 ,3.33,31.38,2.40
8034,榮群,"17,187,112","2,701,136",948,6.36,7.33,5.72,6.42,6.14,N/A,0.00,4.30,0.87
8048,德勝,"3,298,024,443","61,725,526","33,726",53.43,64.90,36.80,46.79,64.90,35.27 ,2.31,117.16,4.54
8059,凱碩,"102,818,960","6,746,944","2,632",15.24,17.00,14.20,15.22,14.85,9.52 ,4.04,7.40,1.26
8082,漢承泰,"2,397,818","647,456",164,3.70,4.29,3.17,3.80,3.67,N/A,0.00,0.67,4.08
8097,常珵,"5,637,857","303,597",204,18.57,20.00,17.15,18.49,18.90,N/A,0.00,1.14,1.81
8171,天宇,"70,521,138","6,789,319","2,694",10.39,12.40,9.10,10.34,9.90,N/A,0.00,12.85,0.68
8176,智捷,"24,286,265","3,272,928","1,338",7.42,8.94,6.02,7.68,8.20,N/A,0.00,4.14,0.88
1333,恩得利,"18,202,210","2,976,714","1,097",6.11,7.10,5.35,6.09,5.54,N/A,0.00,2.90,1.07
1336,台翰,"19,534,466","2,027,350",831,9.64,10.75,8.85,9.68,9.50,N/A,0.00,3.23,0.39
1595,川寶,"102,376,837","1,521,329","1,127",67.29,72.20,63.90,67.46,68.00,9.83 ,6.62,3.93,1.38
1815,富喬,"770,215,309","66,960,328","18,810",11.50,12.80,10.80,11.49,11.10,27.75 ,1.81,16.04,0.69
3078,僑威,"626,077,094","33,651,560","13,742",18.60,21.15,17.00,18.76,18.25,8.65 ,8.77,14.80,1.07
3089,遠昇,"737,730,777","28,713,627","14,812",25.69,30.80,18.50,24.59,29.80,N/A,0.00,41.42,2.25
3092,鴻碩,"41,604,260","2,699,568","1,374",15.41,18.00,14.20,15.50,15.00,14.42 ,3.33,4.23,0.81
3114,好德,"11,691,769","809,449",435,14.44,15.35,13.45,14.53,14.20,14.34 ,5.63,1.62,0.84
3115,寶島極,"2,884,750","253,000",96,11.40,12.00,10.80,11.39,11.40,45.60 ,0.00,0.58,1.21
3144,新揚科,"35,286,373","1,522,652",694,23.17,24.80,22.00,23.27,23.20,10.18 ,6.47,1.51,1.66
3191,和進,"388,526,091","16,623,955","6,078",23.37,25.00,21.60,23.75,23.60,N/A,0.00,30.39,2.12
3202,樺晟,"50,557,611","6,522,569","2,133",7.75,8.79,7.17,7.86,8.10,42.63 ,2.47,6.75,0.67
3206,志豐,"600,068,938","21,636,570","11,339",27.73,31.35,22.80,24.69,29.05,16.79 ,3.44,52.09,1.72
3207,耀勝,"8,041,413","762,602",274,10.54,11.10,9.45,10.52,10.75,N/A,0.00,1.99,1.08
3217,優群,"57,045,684","3,743,889","1,602",15.24,16.15,13.60,15.34,13.75,8.99 ,9.45,4.45,0.79
3226,至寶電,"25,074,737","432,752",266,57.94,63.40,55.60,57.79,56.80,27.18 ,0.00,0.67,5.11
3236,千如,"64,017,348","4,989,366","1,899",12.83,14.50,11.80,12.94,12.80,20.00 ,5.47,8.72,0.95
3276,宇環,"35,463,335","2,819,599","1,077",12.58,13.90,10.70,12.32,11.85,11.29 ,2.53,4.04,1.04
3288,點晶,"5,444,938","633,751",353,8.59,9.70,7.13,8.60,9.16,N/A,0.00,1.31,1.52
3294,英濟,"71,467,314","4,008,823","1,514",17.83,19.30,15.45,17.73,19.30,N/A,0.00,3.08,1.01
3299,帛漢,"1,023,158,642","17,779,875","10,650",57.55,61.00,54.00,56.13,55.40,10.49 ,8.12,35.29,1.95
3310,佳穎,"12,822,808","922,092",467,13.91,15.00,12.70,13.95,13.60,56.67 ,2.21,0.83,1.05
3313,斐成,"18,983,061","2,444,513",993,7.77,8.67,7.00,7.67,7.32,N/A,0.00,2.92,0.50
3322,建舜電,"17,475,766","1,773,787",777,9.85,10.45,9.50,9.89,9.95,N/A,5.03,2.08,0.82
3332,幸康,"1,909,910","46,781",51,40.83,42.00,39.60,41.21,41.45,14.05 ,6.39,0.10,1.44
3354,律勝,"5,051,448","491,685",226,10.27,11.15,9.76,10.28,10.00,31.25 ,6.10,0.59,0.62
3388,崇越電,"49,396,783","713,106",549,69.27,70.80,68.00,69.32,69.00,14.35 ,7.25,1.11,1.44
3390,旭軟,"236,482,192","9,204,502","4,836",25.69,29.80,22.60,26.93,22.95,9.77 ,8.71,13.98,1.04
3465,祥業,"7,990,024","676,726",225,11.81,12.70,10.50,11.65,12.70,N/A,0.00,3.65,5.25
3484,崧騰,"1,849,090,176","35,775,928","22,974",51.69,61.90,45.85,51.40,50.80,12.76 ,5.51,56.83,1.94
3492,長盛,"325,197,711","15,671,396","7,690",20.75,24.50,16.10,18.50,23.80,21.44 ,2.10,44.11,1.88
3511,矽瑪,"47,370,891","2,521,745","1,282",18.78,20.90,16.20,17.75,18.90,N/A,0.00,6.47,1.22
3512,能緹,"81,718,909","2,790,006","1,383",29.29,34.35,24.00,27.28,31.20,445.71 ,0.00,6.34,3.02
3520,振維,"1,375,636,417","12,342,352","5,637",111.46,130.00,99.50,112.86,108.00,N/A,0.00,23.12,17.48
3526,凡甲,"150,956,320","6,225,356","3,748",24.25,28.45,21.65,24.17,24.35,14.24 ,4.83,9.40,1.19
3537,堡達,"52,389,985","2,715,345","1,449",19.29,21.35,18.00,19.37,18.65,14.24 ,6.43,5.58,1.10
3548,兆利,"68,805,555","2,837,579","1,640",24.25,27.80,21.85,24.51,23.90,9.76 ,5.02,5.61,0.48
3609,東林,"52,419,159","4,287,995",441,12.22,17.15,12.80,15.14,15.30,N/A,0.00,14.11,0.72
3624,光頡,"268,377,820","10,222,721","4,665",26.25,27.80,24.50,25.89,26.10,19.62 ,3.83,8.71,1.23
3631,晟楠,"237,398,753","7,723,633","3,849",30.74,37.00,27.15,31.07,33.45,N/A,0.00,9.66,1.72
3646,艾恩特,"13,231,098","752,072",455,17.59,18.40,17.10,17.71,18.00,N/A,5.56,1.95,1.33
3689,湧德,"408,432,667","7,465,280","5,417",54.71,63.60,51.30,54.68,52.60,7.66 ,8.17,10.71,1.30
4542,科嶠,"22,275,144","607,225",415,36.68,39.80,33.55,36.19,34.50,9.35 ,11.59,2.36,1.33
4927,F-泰鼎,"731,984,248","15,275,612","7,968",47.92,49.60,45.50,47.58,47.00,14.92 ,5.32,12.47,1.38
4939,亞電,"68,103,412","5,832,254","2,642",11.68,14.50,10.05,11.83,11.50,88.46 ,6.09,5.94,0.77
4974,亞泰,"1,247,052,567","25,839,893","16,014",48.26,52.00,44.75,47.60,45.50,11.10 ,5.93,41.71,1.69
5227,F-立凱,"384,275,560","12,028,673","6,100",31.95,37.95,27.70,31.76,32.25,N/A,0.00,7.31,2.30
5255,美桀,"20,111,788","739,588",504,27.19,30.25,23.70,26.60,26.35,31.75 ,3.42,1.94,1.52
5291,邑昇,"86,825,728","2,914,493","1,810",29.79,32.40,26.05,27.90,27.50,17.86 ,6.55,8.81,1.25
5309,系統電,"519,052,489","32,276,751","12,658",16.08,17.55,14.45,15.48,14.90,N/A,0.00,16.79,2.12
5317,凱美,"36,658,531","3,063,430","1,160",11.97,13.35,10.80,11.68,13.00,27.66 ,3.85,2.25,1.00
5321,友銓,"94,230,963","2,210,738","1,803",42.62,51.20,33.50,40.20,50.30,35.17 ,0.00,7.68,4.89
5328,華容,"16,706,115","3,199,911","1,079",5.22,5.99,4.50,5.37,5.67,N/A,0.00,1.79,0.59
5340,建榮,"4,049,135","895,941",239,4.52,4.87,4.40,4.59,4.42,N/A,0.00,0.54,0.66
5345,天揚,"5,167,950","510,776",269,10.12,10.90,9.35,10.02,9.62,4.47 ,0.00,1.02,1.17
5349,先豐,"3,212,596,465","73,295,018","42,679",43.83,50.50,37.70,43.68,44.80,10.85 ,7.01,32.71,2.44
5355,佳總,"68,074,411","8,427,462","2,519",8.08,9.44,7.02,8.05,7.82,10.29 ,4.48,4.85,0.70
5381,合正,"7,281,463","3,131,923",701,2.32,3.17,1.98,2.39,2.23,N/A,0.00,1.67,0.49
5398,力瑋,"56,350,147","3,200,307","1,413",17.61,23.00,13.80,18.61,14.50,N/A,0.00,7.67,1.53
5439,高技,"28,592,036","1,353,827",667,21.12,22.50,20.20,21.16,20.90,10.30 ,7.66,1.74,1.29
5457,宣德,"2,789,144,616","66,785,217","30,366",41.76,46.80,36.05,39.55,44.20,35.08 ,0.00,39.80,4.26
5460,同協,"88,039,349","5,768,740","2,613",15.26,16.10,14.65,15.13,15.60,12.48 ,5.77,8.01,1.12
5464,霖宏,"15,941,514","790,146",425,20.18,20.85,19.75,20.21,20.40,12.67 ,10.78,1.11,1.11
5475,德宏,"37,255,527","7,717,767","2,343",4.83,5.39,4.23,4.93,5.01,N/A,0.00,3.50,0.51
5480,統盟,"55,683,724","3,983,778","1,858",13.98,15.10,13.25,13.85,13.50,8.08 ,7.41,2.00,0.64
5481,華韡,"83,061,041","5,191,864","1,641",16.00,17.65,14.65,16.17,16.10,N/A,0.00,5.34,1.32
5488,松普,"39,441,743","5,942,762","2,474",6.64,7.20,6.08,6.65,6.79,N/A,0.00,6.49,0.58
5491,連展,"101,337,610","13,841,573","5,050",7.32,9.07,6.11,7.47,7.27,N/A,0.00,6.30,0.48
5498,凱崴,"70,773,902","7,678,442","2,664",9.22,10.10,8.50,9.10,8.86,52.12 ,0.00,4.74,0.80
6101,弘捷,"14,410,546","797,259",533,18.08,21.60,15.10,18.82,15.65,N/A,1.60,1.35,1.59
6107,華美,"515,220,038","5,789,151","3,035",89.00,92.10,83.00,89.09,89.00,23.12 ,2.81,9.82,5.51
6114,翔昇,"56,565,665","1,215,479",745,46.54,49.70,45.00,46.10,46.70,7.32 ,0.00,3.36,2.93
6124,業強,"65,393,970","2,739,356",462,23.87,27.60,22.50,24.00,27.60,76.67 ,0.00,1.50,1.79
6126,信音,"93,597,388","8,023,792","3,261",11.66,12.30,10.60,11.46,11.55,N/A,0.00,7.06,0.86
6127,九豪,"103,095,712","7,887,043","2,760",13.07,14.95,11.65,12.75,12.30,35.14 ,0.00,9.27,0.92
6134,萬旭,"18,099,085","2,436,337","1,017",7.43,8.40,5.90,6.96,6.84,N/A,0.00,2.71,0.97
6156,松上,"9,556,852","727,399",421,13.14,14.05,12.00,13.06,12.60,12.35 ,0.00,0.73,1.51
6158,禾昌,"23,580,323","2,125,439",996,11.09,12.10,10.25,11.14,10.80,N/A,0.00,1.87,0.44
6173,信昌電,"81,845,185","7,543,739","2,494",10.85,12.30,10.15,10.93,10.60,11.52 ,3.77,4.08,0.71
6174,安碁,"16,114,289","843,809",452,19.10,20.00,17.65,18.91,18.10,17.92 ,6.63,1.69,1.49
6175,立敦,"110,471,315","8,092,572","3,246",13.65,15.70,12.00,13.17,15.70,31.40 ,1.27,7.06,1.08
6185,幃翔,"212,784,947","7,996,870","4,531",26.61,30.10,24.80,26.74,26.10,8.50 ,9.58,7.35,1.25
6194,育富,"29,936,709","1,571,274",740,19.05,19.85,18.80,18.98,18.80,30.32 ,3.99,1.57,0.70
6203,海韻電,"57,900,479","1,591,302","1,035",36.39,39.60,33.90,36.71,36.60,10.70 ,9.56,1.99,1.85
6204,艾華,"45,101,530","1,925,338",990,23.43,24.75,21.80,23.10,23.60,14.84 ,4.24,5.33,0.98
6207,雷科,"677,286,379","22,361,984","11,126",30.29,33.50,25.40,29.14,28.60,12.33 ,6.50,26.64,1.61
6208,日揚,"125,641,138","9,651,337","3,531",13.02,14.45,11.80,13.24,13.25,12.62 ,6.04,8.38,0.85
6210,慶生,"415,362,725","7,212,788","4,589",57.59,65.90,52.30,57.05,53.90,8.22 ,7.42,20.58,2.35
6211,福登,"132,611,884","4,887,758","3,526",27.13,32.40,22.35,26.02,24.40,21.40 ,0.00,11.74,1.30
6217,中探針,"1,090,361,534","23,768,054","14,568",45.88,51.20,40.15,44.26,49.00,13.88 ,4.29,43.28,2.19
6220,岳豐,"176,125,389","13,493,912","4,365",13.05,13.85,12.00,12.88,13.85,11.45 ,4.40,10.31,0.79
6242,立康,"4,914",108,1,45.50,45.50,45.50,45.50,45.50,N/A,0.00,0.00,4.69
6248,沛波,"6,139,365","197,057",179,31.16,35.40,28.00,31.35,29.85,13.88 ,0.00,0.58,3.55
6250,宇加,"31,894,574","1,047,144",673,30.46,49.00,21.35,37.38,37.20,N/A,0.00,5.74,7.29
6259,百徽,"127,914,817","10,790,874","5,050",11.85,14.00,10.55,11.90,11.15,N/A,0.00,14.87,1.17
6266,泰詠,"511,236,775","35,747,933","10,745",14.30,15.60,12.90,14.11,14.65,11.91 ,6.55,44.28,0.89
6274,台燿,"1,388,539,085","57,793,210","24,980",24.03,25.85,21.25,23.78,25.55,7.81 ,6.26,23.93,1.01
6279,胡連,"2,489,827,271","16,842,661","12,509",147.83,161.00,136.50,145.48,138.00,17.56 ,4.06,17.34,3.40
6284,佳邦,"548,028,942","15,996,860","6,977",34.26,38.50,30.40,35.14,35.50,18.30 ,2.82,15.61,1.18
6290,良維,"184,537,935","7,571,118","4,222",24.37,26.90,22.30,24.66,24.40,10.84 ,7.38,5.61,0.92
6292,迅德,"26,765,543","834,291",488,32.08,33.55,30.70,32.08,32.70,9.53 ,9.17,1.78,1.52
6432,今展科,"166,519,710","4,040,908","3,081",41.21,48.90,33.90,38.79,37.25,10.86 ,5.37,20.67,1.85
8038,長園科,"225,335,505","6,017,670","3,999",37.45,40.20,33.50,37.34,37.60,N/A,0.00,11.00,2.70
8042,金山電,"157,012,699","3,586,523","2,285",43.78,46.20,41.95,43.97,44.40,9.53 ,6.76,3.40,1.26
8043,蜜望實,"19,092,877","1,157,818",579,16.49,17.25,15.75,16.35,16.10,11.26 ,6.21,1.45,0.58
8071,能率豐,"28,825,104","1,495,965",829,19.27,21.20,17.65,19.20,18.35,36.70 ,0.54,2.86,1.15
8074,鉅橡,"105,517,342","4,820,780","2,083",21.89,26.80,20.00,22.46,22.15,12.51 ,5.87,7.39,1.35
8080,奧斯特,"169,722,079","8,888,278","4,299",19.10,20.30,17.40,18.85,18.20,N/A,0.00,13.89,1.61
8091,翔名,"1,417,639,866","18,453,826","12,062",76.82,82.80,70.20,75.57,77.40,16.97 ,5.18,35.85,2.47
8093,保銳,"5,473,860","827,579",275,6.61,7.20,6.35,6.60,6.60,N/A,0.00,1.29,0.83
8109,博大,"215,566,612","3,348,280","2,327",64.38,68.50,61.80,63.27,62.60,13.32 ,6.87,5.58,3.17
8121,越峰,"568,689,921","30,735,267","15,756",18.50,23.05,16.00,18.68,18.10,N/A,0.00,16.85,1.30
8147,正淩,"1,308,257,165","20,373,622","14,062",64.21,75.20,50.60,62.74,66.30,22.17 ,3.02,95.55,3.42
8155,博智,"154,557,301","5,558,695","2,773",27.80,34.40,24.75,28.46,26.25,9.87 ,7.62,10.80,0.97
8182,加高,"52,342,250","3,780,487","1,442",13.85,15.00,13.25,13.99,13.80,12.21 ,5.80,3.53,0.55
8287,英格爾,"139,142,024","7,399,259","3,568",18.80,21.95,17.20,18.77,18.35,13.90 ,4.90,5.70,0.74
8289,泰藝,"13,122,794","1,094,040",501,11.99,12.80,11.30,12.06,12.15,24.80 ,5.39,1.41,0.63
8291,尚茂,"1,718,200","274,000",156,6.27,6.79,6.03,6.47,6.55,N/A,0.00,0.36,1.08
8358,金居,"12,872,776","1,323,203",411,9.73,10.00,9.45,9.82,9.68,N/A,0.00,0.63,1.19
3224,三顧,"1,973,180,511","56,393,094","28,279",34.99,39.15,27.05,33.16,39.15,244.69 ,0.00,140.98,3.06
3232,昱捷,"65,795,412","1,726,042","1,019",38.12,45.65,34.00,38.52,34.50,12.97 ,4.35,5.47,2.54
3360,尚立,"119,449,333","6,267,605","3,264",19.06,20.40,17.30,19.18,18.20,11.30 ,7.42,8.60,1.13
3444,利機,"10,157,066","480,742",249,21.13,22.50,19.90,20.99,20.50,13.14 ,4.88,1.23,1.37
3528,安馳,"497,568,808","12,189,050","7,747",40.82,44.40,37.65,40.13,40.20,11.49 ,6.22,22.18,1.83
6113,亞矽,"28,822,246","3,236,472","1,362",8.91,9.80,8.25,8.85,8.69,N/A,0.00,6.04,0.69
6118,建達,"29,525,370","3,024,414","1,135",9.76,10.80,9.01,9.79,9.35,N/A,0.00,3.33,0.87
6135,佳營,"428,442,339","40,753,880","11,166",10.51,16.40,8.35,11.58,9.45,18.17 ,0.00,53.49,0.90
6154,順發,"10,315,707","490,130",301,21.05,21.55,20.65,21.04,20.90,14.51 ,6.46,0.61,1.27
6171,亞銳士,"10,112,799","703,640",451,14.37,15.60,13.10,14.23,13.70,N/A,0.00,1.17,1.09
6227,茂綸,"47,687,251","3,194,641","1,474",14.93,16.35,13.10,14.80,15.65,10.43 ,5.75,4.20,0.89
6265,方土昶,"26,206,367","2,882,468","1,071",9.09,9.62,8.70,9.07,9.06,17.76 ,9.58,2.44,0.64
6270,倍微,"14,960,753","1,293,930",590,11.56,12.70,10.75,11.66,11.80,23.14 ,4.66,1.76,0.64
8032,光菱,"11,424,496","375,057",201,30.46,32.10,29.15,30.70,31.50,10.13 ,7.30,0.72,1.15
8067,志旭,"1,463,468","222,887",129,6.57,7.29,5.97,6.71,6.59,N/A,0.00,0.50,0.87
8068,全達,"9,578,273","716,218",268,13.37,15.50,9.24,13.12,15.20,21.41 ,0.00,2.34,4.72
8084,巨虹,"7,138,305","294,857",241,24.21,25.10,23.00,24.35,24.85,N/A,0.00,0.55,2.43
8096,擎亞,"514,865,328","32,724,502","12,532",15.73,17.30,14.45,15.62,15.75,24.61 ,0.00,26.77,0.87
3085,久大,"36,369,720","4,591,455",953,7.92,10.60,6.97,7.91,7.34,N/A,0.00,6.45,1.70
3570,大塚,"25,928,540","305,225",265,84.95,92.20,75.80,84.90,83.00,14.16 ,4.82,1.79,2.57
4953,緯軟,"66,130,107","1,972,175","1,392",33.53,36.45,31.05,33.02,33.40,11.68 ,5.39,4.63,1.34
4965,商店街,"112,769,095","643,489",699,175.25,188.00,158.00,172.67,164.00,42.82 ,2.13,3.29,6.58
5201,凱衛,"8,230,167","573,065",311,14.36,15.30,13.80,14.44,14.10,10.37 ,7.80,1.87,1.17
5202,力新,"43,691,899","2,822,929","1,269",15.48,18.10,13.20,14.77,17.30,"1,730.00 ",0.00,4.78,2.10
5209,新鼎,"8,287,756","167,817",113,49.39,51.00,44.95,49.70,49.05,15.38 ,5.16,0.72,2.18
5210,寶碩,"87,937,230","10,697,424","3,382",8.22,9.35,7.23,7.93,7.53,35.86 ,3.98,15.50,0.63
5211,蒙恬,"215,204,167","7,535,426","4,831",28.56,34.30,24.80,28.03,26.65,35.07 ,3.15,23.53,1.58
5212,凌網,"16,866,227","781,211",466,21.59,22.45,20.35,21.29,20.60,34.92 ,1.21,2.26,2.07
5266,F*AS,"8,876,500","141,000",117,62.95,67.10,59.00,63.24,60.00,"6,000.00 ",2.25,0.44,1.71
5287,數字,"335,950,371","843,615",912,398.23,420.00,376.00,393.67,408.00,29.72 ,3.80,2.68,7.00
5310,天剛,"15,258,797","518,703",281,29.42,31.25,26.95,29.39,31.00,N/A,0.00,1.15,2.29
5403,中菲,"26,923,028","1,236,359",657,21.78,22.55,21.10,21.74,22.20,10.57 ,4.50,1.68,1.29
5410,國眾,"33,225,982","2,620,154","1,282",12.68,13.30,12.25,12.61,12.55,10.55 ,8.61,2.92,1.01
6140,訊達,"17,001,849","1,586,103",714,10.72,12.00,9.54,10.95,11.65,N/A,0.00,4.13,0.99
6148,驊宏資,"31,776,304","3,951,867","1,309",8.04,8.80,7.45,8.01,7.76,15.22 ,5.88,4.49,0.69
6221,晉泰,"10,054,797","437,354",228,22.99,23.80,22.40,23.19,22.90,14.77 ,5.64,1.18,1.46
6231,系微,"103,095,867","3,011,888","2,117",34.23,39.30,30.40,34.47,34.00,28.81 ,1.18,7.92,1.93
6240,松崗,"301,639","13,537",20,22.06,23.05,18.40,21.83,21.40,9.95 ,0.00,0.06,1.84
6404,F-通訊,"292,569,103","4,868,672","3,347",60.09,64.70,55.00,59.26,63.00,19.94 ,2.38,12.84,1.58
8044,網家,"7,865,779,891","16,203,526","15,521",485.44,518.00,448.00,484.17,510.00,61.00 ,1.02,18.66,19.02
8099,大世科,"28,238,580","1,401,318",770,20.15,21.90,19.60,20.25,19.80,13.38 ,8.59,2.09,1.29
8416,實威,"123,828,045","1,047,819",989,118.18,133.00,105.50,116.79,115.50,15.91 ,4.76,4.09,3.91
1785,光洋科,"225,702,154","9,775,011","4,843",23.09,24.10,22.35,23.12,23.10,19.58 ,3.46,2.39,1.00
3067,全域,"2,405,550","142,000",106,16.94,18.25,16.00,17.36,17.30,N/A,0.00,0.49,1.78
3093,港建,"2,127,251","56,718",52,37.53,38.90,37.00,37.81,37.00,19.68 ,4.59,0.16,1.60
3131,弘塑,"974,829,720","5,818,882","5,038",167.53,184.00,142.50,164.24,165.00,13.96 ,4.55,23.57,2.67
3285,微端,"184,174,768","5,712,028","3,518",32.24,39.00,27.35,32.13,31.60,37.18 ,2.53,12.95,2.26
3289,宜特,"1,293,524,425","15,005,505","10,300",86.20,93.00,77.60,85.55,89.30,19.84 ,2.24,32.33,2.78
3303,岱稜,"78,958,485","4,627,796","2,001",17.06,18.05,15.00,16.95,17.30,86.50 ,3.35,4.52,0.99
3324,雙鴻,"56,224,707","3,291,216","1,481",17.08,18.70,15.75,17.09,18.45,N/A,1.08,4.63,1.09
3373,熱映,"337,156,195","14,182,318","7,820",23.77,26.30,20.05,22.41,20.80,22.86 ,3.37,32.76,1.26
3402,漢科,"57,049,935","4,248,656","1,664",13.43,14.90,11.80,13.60,13.80,17.04 ,3.48,5.82,0.84
3498,陽程,"7,526,677,627","87,418,572","52,859",86.10,92.00,79.00,85.65,86.50,34.33 ,2.54,112.82,2.63
3508,位速,"169,180,819","11,462,740","5,664",14.76,18.05,12.70,15.22,15.10,N/A,0.00,12.35,0.59
3541,西柏,"688,056,146","7,428,753","6,080",92.62,110.00,79.10,93.50,94.00,12.53 ,6.38,19.24,4.14
3551,世禾,"104,778,782","2,506,742","1,519",41.80,46.20,39.00,41.84,41.00,9.17 ,6.10,4.36,0.88
3552,同致,"6,517,051,905","36,496,885","28,944",178.56,198.50,157.00,177.57,175.00,30.33 ,1.94,43.39,4.39
3563,牧德,"161,067,583","3,558,523","2,571",45.26,52.60,41.30,45.86,42.40,10.87 ,8.56,8.35,1.72
3580,友威科,"21,642,597","2,502,266","1,029",8.65,9.99,7.20,8.57,8.83,N/A,0.00,4.93,1.20
3587,閎康,"126,978,894","2,477,501","1,821",51.25,53.70,48.15,50.87,51.50,12.65 ,7.77,5.35,1.84
3628,盈正,"759,672,103","10,397,322","8,091",73.06,81.00,66.10,71.50,70.80,14.39 ,5.65,23.11,1.80
3642,駿熠電,"200,073,527","6,712,760","2,552",29.80,35.60,26.40,30.84,28.50,35.63 ,2.46,21.13,1.01
3663,鑫科,"55,742,358","2,780,405","1,320",20.05,21.75,18.20,19.80,18.90,N/A,2.65,3.78,1.08
4415,台原藥,"18,123,031","1,193,311",413,15.19,16.50,12.10,14.90,13.00,N/A,0.00,1.68,36.11
5205,漢康,"252,668","24,403",42,10.40,13.20,8.15,10.40,12.80,N/A,0.00,0.14,3.32
5383,金利,"11,269,225","1,114,042",478,10.12,10.80,9.70,10.17,10.20,N/A,4.90,1.56,0.83
5452,佶優,"36,120,030","3,759,940","1,622",9.61,10.50,8.40,9.51,10.00,66.67 ,1.50,2.45,0.76
5489,彩富,"223,239,681","4,526,013","3,003",49.32,54.50,46.10,50.38,50.10,10.29 ,7.98,4.34,2.13
5493,三聯,"893,258,673","24,142,083","12,520",37.00,40.35,30.30,34.62,35.25,14.16 ,6.24,58.36,1.69
5536,聖暉,"105,383,998","1,537,619","1,116",68.54,73.60,64.00,68.84,70.10,34.53 ,2.85,3.30,1.24
6146,耕興,"1,830,752,985","8,729,123","7,596",209.73,218.50,193.00,207.76,208.50,25.74 ,2.88,10.39,7.07
6151,晉倫,"279,799,419","12,234,585","5,526",22.87,24.60,20.25,22.46,23.05,15.07 ,5.21,22.14,1.33
6179,亞通,"194,793,657","4,905,794","2,913",39.71,44.05,35.10,39.00,36.90,39.68 ,0.54,9.78,3.29
6187,萬潤,"1,805,496,466","33,818,880","19,102",53.39,62.40,45.10,53.10,50.00,17.92 ,3.50,39.16,2.67
6238,勝麗,"1,167,435,729","16,694,096","11,958",69.93,77.60,63.50,69.37,72.20,27.04 ,0.00,40.64,4.81
6247,淇譽電,"45,584,500","3,009,000","1,229",15.15,16.10,13.85,15.06,14.50,13.30 ,0.69,4.99,1.03
6275,元山,"57,911,170","4,001,227","1,559",14.47,15.35,13.25,14.48,14.45,20.64 ,3.46,7.55,1.05
8047,星雲,"2,623,085","205,425",161,12.77,13.40,12.15,12.96,12.50,12.76 ,2.78,0.50,0.99
8085,福華,"94,261,241","9,547,985","2,971",9.87,10.60,8.88,9.90,9.14,N/A,0.00,6.07,1.19
8092,建暐,22978235,1825100,749,12.59,14.05,12.00,12.61,12.50,52.08 ,0.00,4.7,1.07
8183,精星,10946670,1539106,604,7.11,7.64,6.72,7.23,6.87,N/A,3.64,1.33,0.54
8383,千附,4514298486,101907902,58107,44.3,51.40,38.00,43.25,49.40,18.03 ,4.05,86.22,2.02
8431,匯鑽科,2048811711,20169230,16495,101.58,127.00,80.60,100.35,87.60,44.02 ,1.71,48.19,3.17
2926,誠品生,116094749,721467,645,160.91,169.00,150.00,158.55,164.00,19.32 ,4.22,1.6,4.63
3064,泰偉,81175010,2602354,1856,31.19,35.00,28.50,30.45,30.20,N/A,0.00,3.58,2.78
3083,網龍,"436,438,647","7,795,666","5,865",55.98,61.80,49.80,54.64,51.70,N/A,0.00,9.10,3.12
3086,華義,"49,606,694","3,432,965","1,881",14.45,16.00,12.70,14.77,14.55,N/A,0.00,5.74,2.06
3293,鈊象,2104387078,20377165,15133,103.27,112.50,96.20,103.2,105.50,32.26 ,2.65,29.25,2.72
3546,宇峻,241475397,5296893,3627,45.59,52.50,36.00,41.92,51.20,N/A,0.98,15.34,1.99
3662,樂陞,4309408302,30463102,15049,141.46,152.00,128.00,140.83,144.00,29.69 ,2.08,34.98,2.77,
3687,歐買尬,160610311,2280618,1654,70.42,75.50,67.00,70.21,68.50,N/A,0.00,7.59,1.85,
4946,辣椒,61509517,1071695,909,57.39,62.00,52.00,57.57,53.60,N/A,0.00,3.92,2.06,
5263,智崴,1247414681,3441595,3181,362.45,399.00,330.50,361.52,332.00,107.79 ,0.88,7.7,5.59,
5278,尚凡,22496123,790386,644,28.46,33.50,24.50,28.7,28.80,N/A,3.33,6.01,1.41,
5478,智冠,1612977521,23862423,19110,67.59,77.00,61.50,67.27,62.00,17.13 ,3.71,18.72,1.45,
6111,大宇資,13119866,183006,158,71.69,74.20,69.50,71.61,70.00,159.09 ,0.00,0.4,9.97,
6144,得利影,492700,46000,38,10.71,11.05,9.95,10.79,10.75,N/A,0.00,0.06,1.54,
6169,昱泉,19716547,1079163,708,18.27,21.50,17.00,18.07,17.40,N/A,0.00,3.8,1.26,
6180,橘子,6136402931,147218349,67108,41.68,44.15,36.80,40.61,40.30,17.08 ,1.74,93.42,2.31,
8446,華研,2408418215,16073979,12934,149.83,166.00,125.50,145.52,131.00,23.56 ,3.05,45.41,5.17,
8450,霹靂,473987742,5483218,4330,86.44,93.60,76.20,83.40,85.00,"1,700.00 ",1.65,12.5,2.66,
8923,時報,2946201,166932,58,17.65,18.85,16.80,17.75,16.80,16.80 ,5.06,0.55,1.15,
9949,琉園,7319589,481705,332,15.2,15.95,14.20,15.21,14.65,N/A,2.05,1.02,0.95,
5364,易福,1734255,31347,62,55.49,58.50,52.20,56.41,52.20,44.62 ,0.00,0.61,2.57,
6199,精威,224950,17000,10,13.23,16.80,11.05,13.12,11.10,15.00 ,0.00,0.03,1.02,
,,,,
