103年度股票交易量值統計表,,,,,
TRADING STATISTICS OF STOCKS FOR 2014,,,,,
證     券     名     稱,,成   交   值,成   交   量,收盤平均價,"成交量
週轉率"
Name   of    Company,,"Trading Amount
(NT$)","Trading Volume
(Shares)","Average
Closing Price","Volume
Turnover
Rate (%)"
,合計,"21,898,537,472,652 ","566,991,996,918 ",,84.61 
,Total,,,,
,普通交割股票,"21,825,243,959,804 ","558,266,535,079 ",,
,Ordinary Settlement Stocks,,,,
01,水泥工業類,,,,
,Cement,,,,
1101,臺灣水泥,"96,426,110,871 ","2,119,645,016 ",45.68 ,57.42 
,TCC,,,,
1102,亞洲水泥,"44,910,614,209 ","1,144,870,826 ",39.29 ,34.48 
,ACC,,,,
1103,嘉新水泥,"1,715,122,057 ","110,635,282 ",15.20 ,14.23 
,CHC,,,,
1104,環球水泥,"4,016,736,792 ","138,606,862 ",28.44 ,22.79 
,UCC,,,,
1108,幸福水泥,"2,372,080,700 ","247,955,038 ",9.32 ,61.25 
,Lucky Cement,,,,
1109,信大水泥,"705,784,779 ","50,429,135 ",13.52 ,11.97 
,HsingTa,,,,
1110,東南水泥,"715,044,364 ","43,390,798 ",16.24 ,7.58 
,TUNA CEMENT,,,,
02,食品工業類,,,,
,Foods,,,,
1201,味全食品,"19,497,099,384 ","610,653,610 ",40.74 ,120.67 
,Wei-Chuan,,,,
1203,味王,"1,297,914,931 ","53,999,886 ",23.56 ,22.50 
,Ve Wong,,,,
1210,大成長城,"23,581,180,755 ","755,829,733 ",29.92 ,120.64 
,GREATWALL,,,,
1213,大飲,"773,764,748 ","34,634,437 ",21.06 ,67.29 
,Oceanic Beverages,,,,
1215,卜蜂企業,"14,992,685,923 ","620,610,578 ",23.45 ,264.95 
,CPE,,,,
1216,統一企業,"121,154,535,496 ","2,359,803,718 ",51.78 ,44.58 
,PEC,,,,
1217,愛之味,"5,498,889,329 ","585,097,241 ",9.00 ,117.56 
,AGV,,,,
1218,泰山,"3,584,261,666 ","266,651,593 ",12.97 ,75.46 
,TAISUN,,,,
1219,福壽,"1,100,895,534 ","68,526,491 ",15.56 ,21.88 
,FWUSOW,,,,
1220,台榮,"346,769,529 ","33,747,063 ",10.17 ,19.04 
,TAIROUN,,,,
1225,福懋油脂,"4,649,411,815 ","243,716,872 ",17.54 ,120.25 
,FOPCO,,,,
1227,佳格食品,"15,217,218,370 ","190,445,968 ",79.21 ,27.84 
,S.F.C,,,,
1229,聯華實業,"5,434,760,460 ","264,425,939 ",20.05 ,30.98 
,LHIC,,,,
1231,聯華食品,"3,161,569,371 ","81,856,436 ",37.14 ,59.67 
,Lian Hwa Foods,,,,
1232,大統益,"2,728,513,303 ","37,733,976 ",71.01 ,23.60 
,TTET,,,,
1233,天仁,"600,024,462 ","12,271,311 ",48.41 ,13.54 
,Ten Ren,,,,
1234,黑松,"3,269,690,412 ","95,799,783 ",33.94 ,23.84 
,Hey-Song,,,,
1235,興泰,"6,693,339,407 ","176,399,992 ",32.85 ,314.06 
,Shin Tai,,,,
1236,宏亞食品,"471,163,994 ","17,855,022 ",25.56 ,16.47 
,Hunya Foods,,,,
1702,南僑化工,"34,316,144,504 ","621,127,178 ",56.89 ,211.16 
,NAMCHOW,,,,
1737,臺鹽,"2,647,552,415 ","96,968,481 ",26.49 ,48.48 
,TAIYEN,,,,
03,塑膠工業類,,,,
,Plastics,,,,
1301,台灣塑膠,"84,755,349,477 ","1,139,580,044 ",74.88 ,17.90 
,FPC,,,,
1303,南亞塑膠,"93,362,320,669 ","1,411,042,580 ",66.29 ,17.81 
,NPC,,,,
1304,台灣聚合,"10,156,704,381 ","551,713,778 ",17.85 ,48.30 
,USI,,,,
1305,華夏塑膠,"9,701,898,429 ","671,617,065 ",13.98 ,146.31 
,CGPC,,,,
1307,三芳化工,"1,461,670,158 ","48,762,006 ",29.77 ,13.22 
,SAN FANG,,,,
1308,亞聚,"7,432,422,069 ","315,135,503 ",22.92 ,67.09 
,APC,,,,
1309,台達化,"2,665,294,818 ","248,661,903 ",10.13 ,75.89 
,TTC,,,,
1310,臺灣苯乙烯,"21,702,253,414 ","1,207,324,550 ",16.49 ,237.27 
,T.S.M.C.,,,,
1312,國喬石化,"26,929,611,020 ","1,462,464,245 ",17.49 ,161.31 
,GPPC,,,,
1312A,國喬特,"61,622,200 ","2,745,000 ",22.57 ,13.73 
,GPPC (A Preferred),,,,
1313,聯成,"3,582,119,452 ","283,734,885 ",12.44 ,24.48 
,UPC,,,,
1314,中石化,"48,927,319,479 ","4,291,154,219 ",11.32 ,184.97 
,CPDC,,,,
1315,達新工業,"840,171,592 ","29,135,728 ",28.74 ,13.50 
,TAHHSIN,,,,
1319,東陽,"24,651,806,313 ","635,241,411 ",38.62 ,107.38 
,TYG,,,,
1321,大洋,"8,352,141,745 ","197,837,436 ",40.02 ,87.07 
,OPC,,,,
1323,永裕,"2,766,390,540 ","75,036,447 ",35.63 ,85.15 
,YONYU,,,,
1324,地球,"705,156,932 ","42,613,901 ",15.42 ,56.74 
,Globe,,,,
1325,恒大,"3,275,308,610 ","157,193,371 ",19.50 ,156.13 
,UK,,,,
1326,台灣化纖,"65,166,441,646 ","897,531,007 ",72.43 ,15.31 
,FCFC,,,,
1337,F-再生,"33,643,375,934 ","536,272,538 ",59.91 ,244.81 
,Asia Plastic,,,,
1339,昭輝,"10,012,799,578 ","129,136,340 ",77.73 ,195.89 
,Y.C.C.,,,,
1340,F-勝悅,"12,506,286,946 ","95,593,893 ",125.29 ,114.80 
,VICTORY,,,,
1715,萬洲化學,"13,914,459,972 ","654,821,201 ",20.07 ,170.35 
,ACHEM,,,,
4306,炎洲,"5,373,032,612 ","255,883,031 ",19.71 ,54.42 
,YEMCHIO,,,,
04,紡織纖維類,,,,
,Textiles,,,,
1402,遠東新,"38,764,676,517 ","1,223,736,277 ",31.77 ,23.53 
,FENC,,,,
1409,新光合纖,"9,876,833,433 ","925,728,708 ",10.51 ,53.13 
,SSFC,,,,
1410,南洋染整,"1,487,319,313 ","60,794,664 ",24.29 ,69.93 
,NYDF,,,,
1413,宏洲化工,"319,460,524 ","71,562,391 ",4.40 ,45.72 
,H.C.,,,,
1414,東和紡織,"1,060,479,086 ","109,612,970 ",9.07 ,49.83 
,TUNG HO,,,,
1416,廣豐實業,"3,033,366,495 ","160,386,238 ",18.49 ,52.57 
,KFIC,,,,
1417,嘉裕,"1,634,815,487 ","194,537,297 ",8.23 ,51.20 
,Carnival,,,,
1418,東華合纖,"208,449,119 ","29,967,575 ",6.81 ,22.72 
,TONG-HWA,,,,
1419,新光紡織,"1,526,701,661 ","38,678,144 ",39.24 ,12.90 
,SHINKO.SPIN.,,,,
1423,利華羊毛,"493,760,038 ","62,820,745 ",7.86 ,35.90 
,Reward Wool,,,,
1432,大魯閣,"5,064,519,904 ","205,679,408 ",23.15 ,125.41 
,TAROKO,,,,
1434,福懋,"11,330,177,041 ","354,411,292 ",31.61 ,21.02 
,Formosa Taffeta,,,,
1439,中和羊毛,"237,303,633 ","16,304,182 ",14.30 ,17.73 
,Chuwa Wool,,,,
1440,台南紡織,"12,621,313,546 ","626,799,080 ",19.23 ,39.09 
,Tainan Spinning,,,,
1441,大東紡織,"475,322,608 ","48,782,010 ",9.56 ,53.17 
,Tah Tong,,,,
1443,立益紡織,"385,035,277 ","48,788,990 ",7.48 ,36.05 
,LILYTEXTILE,,,,
1444,力麗,"2,660,153,091 ","261,201,049 ",10.00 ,28.03 
,LEALEA,,,,
1445,大宇紡織,"1,385,510,196 ","137,593,283 ",9.75 ,99.23 
,Universal,,,,
1446,宏和紡織,"1,796,482,846 ","58,866,841 ",30.29 ,42.48 
,Hong Ho,,,,
1447,力鵬,"10,444,616,852 ","810,762,757 ",12.47 ,98.12 
,LP,,,,
1451,年興紡織,"3,748,855,766 ","128,817,781 ",28.09 ,32.20 
,NIEN HSING,,,,
1452,宏益纖維,"1,094,115,641 ","91,576,936 ",11.84 ,69.05 
,HONG YI,,,,
1453,大將,"299,613,764 ","30,431,295 ",9.75 ,35.29 
,TA JIANG,,,,
1454,臺灣富綢,"206,266,518 ","25,463,505 ",8.05 ,18.15 
,TTF,,,,
1455,集盛,"2,210,903,183 ","234,394,763 ",9.21 ,38.31 
,ZIG SHENG,,,,
1457,宜進,"1,371,036,219 ","161,519,915 ",8.25 ,50.29 
,YI JINN,,,,
1459,聯發紡織,"1,030,304,174 ","97,176,218 ",9.76 ,27.10 
,Lan Fa Textile,,,,
1460,宏遠,"14,788,580,604 ","1,020,599,817 ",13.99 ,216.59 
,Everest Textile,,,,
1463,強盛染整,"2,889,728,181 ","178,921,005 ",15.61 ,94.98 
,CS,,,,
1464,得力,"1,163,663,364 ","91,173,796 ",12.29 ,42.02 
,DE LICACY,,,,
1465,偉全,"1,398,918,142 ","69,302,725 ",18.52 ,77.82 
,WISHER,,,,
1466,聚隆纖維,"4,441,532,460 ","195,640,112 ",20.60 ,192.68 
,Acelon,,,,
1467,南緯,"3,036,305,734 ","210,780,277 ",13.88 ,125.31 
,TEX-RAY,,,,
1468,昶和纖維,"87,761,366 ","8,167,619 ",10.52 ,5.09 
,CHANG HO,,,,
1469,理隆纖維,"80,685,755 ","6,755,598 ",12.04 ,5.42 
,Lilontex,,,,
1470,大統染,"64,627,549 ","3,487,422 ",17.85 ,4.07 
,EVERTEX,,,,
1472,三洋紡織,"1,079,404,926 ","27,793,457 ",38.62 ,46.71 
,Tri Ocean,,,,
1473,台南企業,"3,233,698,236 ","103,229,217 ",29.60 ,70.31 
,Tainan,,,,
1474,弘裕,"395,844,492 ","43,771,962 ",8.76 ,32.87 
,HONMYUE,,,,
1475,本盟光電,"577,103,510 ","33,286,142 ",17.12 ,102.36 
,SUMAGH,,,,
1476,儒鴻企業,"141,112,812,660 ","467,524,487 ",313.72 ,182.59 
,ECLAT,,,,
1477,聚陽,"40,469,368,338 ","256,976,069 ",156.83 ,143.61 
,Makalot,,,,
4414,如興,"10,257,019,922 ","548,501,508 ",17.39 ,510.98 
,ROO HSING,,,,
4426,利勤實業,"1,551,175,789 ","43,277,628 ",33.70 ,59.73 
,LI CHENG,,,,
05,電機機械類,,,,
,Electric Machinery,,,,
1503,士林電機,"2,234,542,123 ","57,509,741 ",38.64 ,11.02 
,SEEC,,,,
1504,東元電機,"44,530,478,536 ","1,311,702,402 ",33.82 ,65.52 
,TECO,,,,
1506,正道,"4,848,072,355 ","225,281,192 ",21.04 ,184.28 
,R.W.,,,,
1507,永大機電,"22,422,257,522 ","298,772,466 ",76.14 ,72.72 
,YUNGTAY,,,,
1512,瑞利,"4,823,437,129 ","482,558,917 ",8.36 ,265.43 
,JL,,,,
1513,中興電工,"13,535,135,934 ","635,541,746 ",20.75 ,132.94 
,CHEM,,,,
1514,亞力電機,"1,179,473,220 ","121,136,416 ",9.33 ,60.24 
,AEC,,,,
1515,力山工業,"1,439,010,410 ","127,907,628 ",10.83 ,70.47 
,REXON,,,,
1517,利奇機械,"5,528,908,363 ","325,724,813 ",15.78 ,142.98 
,Lee Chi,,,,
1519,華城電機,"1,421,236,533 ","86,071,578 ",16.09 ,32.96 
,FE,,,,
1521,大億,"5,631,606,809 ","75,323,911 ",73.30 ,98.80 
,DAIOKU,,,,
1522,堤維西,"7,996,703,516 ","405,381,608 ",18.89 ,129.53 
,TYC,,,,
1524,耿鼎,"1,732,325,332 ","205,192,490 ",8.02 ,114.54 
,GORDON,,,,
1525,江申,"6,655,362,451 ","86,537,034 ",71.94 ,124.97 
,KSC,,,,
1526,日馳,"895,977,908 ","67,964,811 ",11.90 ,135.94 
,SUNRACE,,,,
1527,鑽全,"16,306,736,121 ","411,409,822 ",38.46 ,268.40 
,BASSO,,,,
1528,恩德科技,"1,213,900,110 ","83,068,297 ",13.59 ,56.51 
,Anderson,,,,
1530,亞崴電機,"4,983,075,616 ","100,455,223 ",47.38 ,109.22 
,Awea,,,,
1531,高林股,"8,738,174,404 ","328,822,559 ",23.93 ,170.24 
,Kaulin,,,,
1533,車王電,"33,501,754,609 ","561,885,155 ",57.24 ,582.78 
,MORE,,,,
1535,中宇,"1,821,689,744 ","24,982,044 ",71.84 ,20.18 
,CEC,,,,
1536,和大,"59,915,431,695 ","1,122,121,461 ",52.53 ,495.54 
,HOTA,,,,
1537,廣隆光電,"16,821,662,612 ","174,998,155 ",97.19 ,214.50 
,KUNG LONG,,,,
1538,正峰新,"1,416,078,507 ","136,972,630 ",9.57 ,90.74 
,JF,,,,
1539,巨庭機械,"3,472,164,723 ","164,332,541 ",20.16 ,251.39 
,GEETECH,,,,
1540,喬福機械,"2,914,710,339 ","124,336,277 ",22.95 ,145.48 
,JOHNFORD,,,,
1541,錩泰,"1,228,613,947 ","68,807,811 ",17.04 ,87.32 
,Chang Type,,,,
1558,伸興,"109,638,507 ","677,635 ",160.75 ,1.12 
,ZENG HSING,,,,
1560,中砂,"25,918,745,882 ","314,418,926 ",78.49 ,222.98 
,KINIK,,,,
1568,倉佑,"2,644,712,369 ","95,177,978 ",24.54 ,92.34 
,T.Y.,,,,
1583,程泰,"6,724,502,476 ","82,133,768 ",82.14 ,84.69 
,GOODWAY,,,,
1589,F-永冠,"57,972,260,336 ","437,176,323 ",132.61 ,425.87 
,YGG,,,,
1590,F-亞德,"55,584,863,894 ","193,082,297 ",286.23 ,113.25 
,AIRTAC,,,,
1592,F-英瑞,"834,475,443 ","25,321,130 ",30.74 ,25.21 
,Enterex,,,,
2049,上銀科技,"195,954,965,385 ","691,004,697 ",285.63 ,268.17 
,HIWIN,,,,
2228,劍麟,"18,587,370,955 ","153,347,813 ",120.50 ,213.87 
,IRF,,,,
2231,為升,"61,513,809,755 ","203,877,988 ",281.91 ,311.59 
,CUB,,,,
2371,大同,"22,360,632,336 ","2,377,982,259 ",9.20 ,101.64 
,Tatung,,,,
3167,大量科技,"3,477,508,537 ","81,234,027 ",39.99 ,116.61 
,TA LIANG,,,,
4526,東台,"8,179,478,928 ","260,438,840 ",30.59 ,110.99 
,TOPPER,,,,
4532,瑞智,"15,340,531,190 ","472,241,481 ",31.99 ,102.77 
,RECHI,,,,
5288,F-豐祥,"2,746,818,837 ","40,751,646 ",61.65 ,63.68 
,Eurocharm,,,,
6605,帝寶,"20,638,166,998 ","169,021,195 ",119.06 ,101.93 
,DEPO,,,,
8374,羅昇,"1,645,969,318 ","64,307,278 ",24.24 ,73.39 
,ACE PILLAR,,,,
8996,高力,"13,587,059,346 ","175,208,702 ",71.32 ,224.13 
,KAORI,,,,
06,電器電纜類,,,,
,Electrical and Cable,,,,
1603,中華電纜,"694,023,912 ","54,239,349 ",12.66 ,15.85 
,CWCO,,,,
1604,聲寶,"4,654,450,425 ","375,550,449 ",12.30 ,69.07 
,Sampo,,,,
1605,華新麗華,"28,563,799,809 ","2,814,573,460 ",10.04 ,78.72 
,WALSIN,,,,
1608,華榮,"2,241,482,793 ","193,446,096 ",11.05 ,30.55 
,HE,,,,
1609,大亞電纜,"1,800,544,757 ","251,082,257 ",7.01 ,43.25 
,TA YA,,,,
1611,中國電器,"2,211,150,180 ","172,568,695 ",12.16 ,43.31 
,CE,,,,
1612,宏泰電工,"1,775,072,730 ","165,814,294 ",10.42 ,51.16 
,Hong Tai,,,,
1613,台一,"1,740,734,359 ","270,233,478 ",5.88 ,135.10 
,Tai-I,,,,
1614,三洋電機,"2,302,925,031 ","62,323,120 ",35.37 ,23.17 
,SANYO,,,,
1615,大山電纜,"535,289,543 ","43,360,346 ",10.88 ,38.77 
,Dah San,,,,
1616,億泰電纜,"596,350,937 ","97,207,003 ",6.02 ,50.06 
,Evertop,,,,
1617,榮星電線,"143,121,846 ","16,130,348 ",8.76 ,11.17 
,JSW,,,,
1618,合機電纜,"553,647,305 ","57,806,955 ",9.27 ,24.01 
,Hold-Key,,,,
1626,F-艾美,"2,509,597,068 ","38,924,720 ",57.98 ,31.78 
,AIRMATE,,,,
4930,燦星網,"3,089,209,062 ","191,356,772 ",16.06 ,81.34 
,Star Comgistic,,,,
08,玻璃陶瓷類,,,,
,Glass and Ceramics,,,,
1802,臺灣玻璃,"7,874,025,675 ","296,635,392 ",26.29 ,12.48 
,Taiwan Glass,,,,
1806,冠軍,"1,811,466,639 ","164,906,273 ",10.71 ,37.72 
,CHAMPION,,,,
1809,中國製釉,"2,894,677,637 ","171,588,059 ",15.45 ,90.41 
,China Glaze,,,,
1810,和成欣業,"3,514,966,993 ","325,951,152 ",10.51 ,88.13 
,HCG,,,,
1817,凱撒衛浴,"1,427,849,221 ","40,088,784 ",33.64 ,55.23 
,SANITAR,,,,
09,造紙工業類,,,,
,Paper and Pulp,,,,
1902,台灣紙業,"2,446,254,487 ","187,210,939 ",12.37 ,46.58 
,TPPC,,,,
1903,士林紙業,"1,396,835,262 ","32,301,163 ",42.78 ,12.44 
,Shihlin Paper,,,,
1904,正隆,"2,704,057,226 ","204,663,317 ",13.22 ,19.07 
,Cheng Loong,,,,
1905,中華紙漿,"1,776,593,098 ","194,565,573 ",9.06 ,15.56 
,CHP,,,,
1906,寶隆,"2,411,906,377 ","202,899,983 ",11.22 ,134.36 
,P.L,,,,
1907,永豐餘,"5,829,499,357 ","417,109,758 ",13.76 ,25.09 
,YFY,,,,
1909,榮成紙業,"12,095,392,145 ","788,742,190 ",15.05 ,97.35 
,LCP,,,,
10,鋼鐵工業類,,,,
,Iron and Steel,,,,
1532,勤美,"7,492,702,110 ","223,305,849 ",33.04 ,57.41 
,CMP,,,,
2002,中國鋼鐵,"94,843,432,071 ","3,690,848,849 ",25.71 ,23.72 
,China Steel,,,,
2002A,中鋼特,"110,449,602 ","2,673,250 ",41.35 ,6.97 
,China Steel  (A Preferred),,,,
2006,東和鋼鐵,"8,015,651,973 ","315,319,280 ",25.18 ,31.58 
,Tung Ho Steel,,,,
2007,燁興,"557,193,446 ","82,887,539 ",6.37 ,13.14 
,YH,,,,
2008,高興昌,"2,768,387,862 ","197,422,182 ",12.41 ,71.66 
,KHC,,,,
2009,第一伸銅,"678,547,614 ","63,131,929 ",10.47 ,17.56 
,FCC,,,,
2010,春源鋼鐵,"2,195,467,537 ","177,809,902 ",11.93 ,27.46 
,Chun Yuan Steel,,,,
2012,春雨工廠,"1,889,129,767 ","141,634,698 ",12.96 ,49.24 
,Chun Yu,,,,
2013,中鋼構,"1,020,512,931 ","33,199,047 ",30.47 ,20.34 
,CSSC,,,,
2014,中鴻,"2,780,441,704 ","348,202,374 ",7.84 ,24.24 
,CHUNG HUNG,,,,
2015,豐興鋼鐵,"10,375,035,464 ","238,279,571 ",44.33 ,40.98 
,FH,,,,
2017,官田鋼,"1,509,130,078 ","221,473,154 ",6.57 ,57.32 
,Quintain Steel,,,,
2020,美亞,"1,445,846,092 ","97,474,548 ",13.98 ,37.45 
,MAYER PIPE,,,,
2022,聚亨,"2,236,030,126 ","364,491,520 ",5.76 ,67.45 
,TYCOONS,,,,
2023,燁輝,"6,312,953,013 ","653,015,094 ",9.37 ,39.55 
,YP,,,,
2024,志聯工業,"1,405,001,777 ","151,831,305 ",8.11 ,140.37 
,CHIH LIEN,,,,
2025,千興,"4,440,792,181 ","778,478,647 ",4.79 ,241.13 
,CSSSC,,,,
2027,大成鋼,"14,231,134,925 ","756,650,406 ",17.65 ,97.37 
,TC,,,,
2028,威致,"756,732,961 ","154,811,431 ",4.56 ,58.42 
,WEI CHIH,,,,
2029,盛餘,"1,164,100,165 ","50,482,789 ",22.24 ,15.71 
,Sheng Yu Steel,,,,
2030,彰源,"4,865,135,626 ","372,154,488 ",11.95 ,136.38 
,FROCH,,,,
2031,新光鋼鐵,"3,266,943,074 ","170,659,072 ",18.62 ,61.59 
,Hsin Kuang Steel,,,,
2032,新鋼工業,"1,564,983,579 ","126,205,809 ",11.85 ,96.68 
,Sinkang,,,,
2033,佳大世界,"646,774,347 ","57,819,155 ",10.03 ,71.66 
,Chia Ta,,,,
2034,允強,"15,442,116,445 ","563,558,856 ",26.31 ,152.27 
,YC,,,,
2038,海光企業,"803,371,694 ","84,502,556 ",9.00 ,48.93 
,HAIKWANG,,,,
3004,豐達科技,"8,931,153,932 ","132,390,721 ",58.77 ,315.78 
,NAFCO,,,,
5007,三星科技,"11,242,366,438 ","138,317,694 ",80.98 ,56.76 
,SAN SHING,,,,
5538,F-東明,"2,278,397,167 ","80,129,773 ",28.52 ,47.70 
,TONG MING,,,,
9958,世紀鋼,"2,496,643,390 ","185,184,667 ",12.41 ,103.25 
,CIAS,,,,
11,橡膠工業類,,,,
,Rubber,,,,
2101,南港輪胎,"18,235,137,883 ","516,562,142 ",34.73 ,59.11 
,Nan Kang Rubber Tire,,,,
2102,泰豐輪胎,"6,024,718,421 ","281,596,985 ",20.66 ,64.33 
,FEDERAL CORP,,,,
2103,台橡,"11,172,980,475 ","278,952,126 ",40.66 ,34.52 
,TSRC,,,,
2104,中國橡膠,"9,211,585,672 ","301,791,579 ",30.01 ,54.94 
,China Synthetic Rubber,,,,
2105,正新橡膠,"129,593,535,912 ","1,687,262,796 ",75.94 ,52.04 
,CST,,,,
2106,建大工業,"46,186,696,212 ","694,193,545 ",66.50 ,87.70 
,Kenda Rubber Ind.,,,,
2107,厚生,"14,141,846,066 ","464,574,001 ",30.42 ,93.42 
,Formosan Rubber Group,,,,
2108,南帝化工,"983,323,386 ","56,112,466 ",17.52 ,13.78 
,Nantex,,,,
2109,華豐橡膠,"9,534,906,042 ","426,822,174 ",21.94 ,139.11 
,Hwa Fong,,,,
2114,鑫永銓,"4,322,116,866 ","40,652,743 ",104.79 ,64.71 
,HYC,,,,
2115,F-六暉,"11,658,807,243 ","198,805,506 ",54.00 ,286.87 
,LU HAI,,,,
12,汽車工業類,,,,
,Automobile,,,,
1338,F-廣華,"17,329,888,216 ","151,463,646 ",111.48 ,186.51 
,Hiroca,,,,
2201,裕隆汽車,"29,100,826,229 ","592,187,384 ",48.05 ,37.65 
,Yulon Motor,,,,
2204,中華汽車,"7,969,053,455 ","282,603,284 ",28.07 ,20.43 
,China-Motor,,,,
2206,三陽工業,"59,206,354,548 ","1,828,942,622 ",34.58 ,203.98 
,Sanyang Industry,,,,
2207,和泰汽車,"25,407,210,070 ","63,385,566 ",396.59 ,11.63 
,Hotai Motor,,,,
2227,裕日車,"24,974,201,192 ","70,588,263 ",354.53 ,23.53 
,YNM,,,,
14,建材營造類,,,,
,Building Material and Construction,,,,
1436,華友聯,"437,928,159 ","9,061,595 ",48.86 ,15.11 
,HUA YU LIEN,,,,
1438,裕豐,"346,601,535 ","52,451,354 ",6.24 ,51.22 
,Yu Foung,,,,
1442,名軒,"3,096,757,397 ","94,096,038 ",31.20 ,44.34 
,ADVANCETEK,,,,
1805,寶徠建設,"370,128,624 ","27,516,673 ",12.53 ,34.29 
,KPT,,,,
1808,潤隆,"1,218,899,372 ","41,490,161 ",29.32 ,23.23 
,RUN LONG,,,,
2501,國建,"4,950,425,713 ","282,436,088 ",17.20 ,17.05 
,Cathay Const.,,,,
2504,國產,"5,393,318,978 ","486,024,312 ",11.04 ,32.00 
,CATHAYRED GDC,,,,
2505,國揚,"5,120,457,070 ","328,955,952 ",15.19 ,65.36 
,Ky,,,,
2506,太設,"1,970,612,942 ","172,952,718 ",10.41 ,43.98 
,PCC,,,,
2509,全坤建,"852,107,123 ","34,037,651 ",24.60 ,22.41 
,CHAINQUI,,,,
2511,太子,"8,890,740,584 ","630,672,340 ",13.70 ,39.60 
,PHD,,,,
2515,中工,"5,864,854,559 ","722,243,323 ",8.05 ,47.35 
,BES,,,,
2516,新建,"755,170,739 ","92,126,294 ",8.07 ,38.96 
,New Asia,,,,
2520,冠德,"21,917,251,936 ","736,821,232 ",29.49 ,146.27 
,Kindom,,,,
2524,京城,"1,449,657,685 ","55,323,995 ",26.20 ,14.72 
,KTC,,,,
2527,宏璟,"1,238,812,726 ","69,115,901 ",17.35 ,25.59 
,Hung Ching,,,,
2528,皇普,"1,032,442,244 ","75,208,085 ",13.26 ,62.90 
,CROWELL,,,,
2530,華建,"4,109,259,541 ","254,658,779 ",14.49 ,94.06 
,Delpha Construction,,,,
2534,宏盛,"7,178,560,880 ","337,101,688 ",20.75 ,57.23 
,HSC,,,,
2535,達欣工,"2,829,421,523 ","111,988,359 ",24.75 ,50.98 
,DA CIN,,,,
2536,宏普,"2,216,081,061 ","86,072,528 ",25.89 ,26.34 
,Hung Poo,,,,
2537,聯上開發,"1,066,303,528 ","79,234,208 ",13.18 ,34.45 
,WE &WIN,,,,
2538,基泰,"5,096,358,906 ","258,117,726 ",19.48 ,63.15 
,Kee Tai,,,,
2539,櫻花建,"290,560,466 ","7,924,031 ",36.34 ,3.66 
,SAKURAD,,,,
2540,愛山林,"106,659,826 ","2,597,265 ",45.48 ,15.21 
,I- Sunny,,,,
2542,興富發,"40,179,491,869 ","658,681,256 ",61.98 ,85.84 
,Highwealth,,,,
2543,皇昌,"947,169,242 ","99,644,414 ",9.25 ,55.66 
,Hwang Chang,,,,
2545,皇翔,"6,852,659,715 ","150,755,690 ",44.72 ,45.99 
,Huang Hsiang,,,,
2546,根基,"493,711,296 ","29,348,867 ",16.53 ,27.66 
,Kedge,,,,
2547,日勝生,"17,850,619,056 ","809,516,807 ",21.10 ,93.63 
,Radium,,,,
2548,華固,"21,252,142,026 ","313,371,477 ",68.07 ,113.22 
,HUAKU,,,,
2597,潤弘精密,"2,996,768,551 ","44,674,600 ",64.91 ,33.10 
,REC,,,,
2841,台開,"4,384,017,118 ","386,412,877 ",11.25 ,58.44 
,TDC,,,,
2923,F-鼎固,"1,697,085,999 ","61,151,864 ",25.94 ,3.53 
,Sino Horizon,,,,
3052,夆典,"4,499,848,490 ","250,491,901 ",16.18 ,120.49 
,APEX,,,,
3056,總太地產,"4,169,207,212 ","161,235,317 ",23.74 ,102.51 
,ZongTai,,,,
3266,昇陽,"94,910,612 ","4,380,065 ",21.20 ,1.24 
,SUNTY,,,,
3703,欣陸,"2,921,695,244 ","254,512,526 ",11.38 ,29.64 
,CONTINENTAL,,,,
5515,建國,"1,178,036,146 ","89,338,773 ",12.91 ,24.80 
,CHIEN KUO,,,,
5519,隆大,"1,405,274,498 ","50,848,129 ",26.72 ,32.19 
,LD,,,,
5521,工信,"2,893,473,161 ","215,360,592 ",13.14 ,61.97 
,KSECO,,,,
5522,遠雄建設,"15,055,137,294 ","364,479,930 ",42.80 ,43.62 
,Farglory,,,,
5525,順天,"550,162,464 ","28,734,619 ",19.28 ,11.89 
,SWEETEN,,,,
5531,鄉林建設,"3,841,864,952 ","162,974,292 ",22.79 ,24.13 
,SHINING,,,,
5533,皇鼎建設,"1,768,445,195 ","91,198,690 ",19.50 ,36.38 
,FOUNDING,,,,
5534,長虹,"19,186,588,846 ","237,308,255 ",78.37 ,93.69 
,CHONG HONG,,,,
6177,達麗,"2,406,095,742 ","66,609,827 ",35.62 ,40.02 
,"DA-LI CO., LTD.",,,,
9946,三發,"2,935,994,728 ","122,479,361 ",23.68 ,59.91 
,SanFar,,,,
15,航運業類,,,,
,Shipping and Transportation,,,,
2208,台船公司,"2,724,164,572 ","152,059,431 ",17.76 ,20.45 
,CSBC,,,,
2603,長榮,"32,398,644,204 ","1,732,371,568 ",17.82 ,49.83 
,EMC,,,,
2605,新興,"4,136,773,378 ","153,854,584 ",26.76 ,27.09 
,SNC,,,,
2606,裕民,"9,722,314,952 ","196,662,471 ",49.24 ,22.92 
,U-Ming,,,,
2607,榮運,"8,657,404,994 ","437,611,005 ",19.09 ,41.01 
,EITC,,,,
2608,嘉里大榮,"4,597,427,945 ","112,848,181 ",39.77 ,23.34 
,Kerry TJ,,,,
2609,陽明,"28,238,316,890 ","2,017,699,152 ",13.12 ,71.59 
,YMTC,,,,
2610,華航,"33,779,171,742 ","2,832,663,105 ",10.82 ,54.47 
,CAL,,,,
2611,志信,"763,260,013 ","72,256,754 ",10.33 ,41.02 
,TSI,,,,
2612,中航,"1,872,690,953 ","51,784,471 ",35.66 ,20.18 
,CMT,,,,
2613,中櫃,"1,986,712,165 ","97,029,580 ",19.57 ,107.46 
,CCTC,,,,
2615,萬海,"23,408,911,532 ","1,140,884,944 ",18.23 ,51.44 
,WANHAI,,,,
2617,台航,"2,494,139,248 ","108,273,314 ",22.57 ,25.95 
,TAIWANLINE,,,,
2618,長榮航,"47,431,939,362 ","2,580,082,994 ",16.35 ,75.39 
,EVAAIR,,,,
2634,漢翔,"33,215,948,805 ","952,262,769 ",35.45 ,104.85 
,AIDC,,,,
2637,F-慧洋,"6,595,196,697 ","184,302,081 ",35.63 ,40.24 
,WISDOM,,,,
2642,宅配通,"8,857,358,205 ","167,478,096 ",52.11 ,175.44 
,Pelican,,,,
5607,遠雄港,"4,770,669,578 ","192,069,730 ",23.10 ,112.98 
,Farglory FTZ,,,,
5608,四維航,"1,731,914,099 ","86,900,591 ",20.02 ,21.54 
,S. W.,,,,
6702,復興航空,"4,760,815,216 ","392,100,450 ",11.83 ,77.98 
,TNA,,,,
16,觀光事業類,,,,
,Tourism,,,,
2701,萬企,"293,340,005 ","19,329,539 ",15.08 ,5.22 
,WANHWA,,,,
2702,華園,"250,003,619 ","13,778,131 ",17.65 ,15.65 
,HG,,,,
2704,國賓,"1,799,079,970 ","63,937,724 ",28.12 ,17.42 
,AMBH,,,,
2705,六福,"2,712,954,745 ","222,955,462 ",11.74 ,67.51 
,LEOFOO,,,,
2706,第一店,"1,172,757,425 ","58,280,767 ",19.75 ,15.48 
,First Hotel,,,,
2707,晶華酒店,"11,196,157,318 ","32,878,842 ",340.61 ,29.71 
,GFRT,,,,
2712,遠雄來,"572,068,489 ","25,762,980 ",21.99 ,24.54 
,FGH,,,,
2722,夏都,"310,639,190 ","7,212,423 ",41.71 ,8.14 
,Chateau,,,,
2723,F-美食,"15,598,068,029 ","70,789,537 ",219.19 ,50.16 
,Gourmet,,,,
2727,王品,"19,875,357,660 ","50,991,996 ",396.37 ,66.88 
,WOWPRIME,,,,
2731,雄獅旅遊,"4,273,923,287 ","37,963,127 ",106.07 ,54.24 
,Liontravel,,,,
5706,鳳凰旅遊,"2,042,335,314 ","40,334,963 ",49.10 ,66.07 
,PHX TOUR,,,,
8940,新天地,"510,494,570 ","22,240,233 ",21.52 ,32.96 
,New Palace,,,,
9943,好樂迪,"2,292,826,891 ","57,876,128 ",38.26 ,39.29 
,Holiday,,,,
17,金融保險類,,,,
,Finance and Insurance,,,,
2801,彰銀,"36,523,424,961 ","1,987,490,413 ",18.27 ,25.36 
,C.H.B,,,,
2809,京城銀,"25,802,190,515 ","856,559,557 ",30.50 ,71.30 
,KTB,,,,
2812,台中商銀,"11,265,704,803 ","1,070,929,206 ",10.48 ,39.60 
,TCCB,,,,
2816,旺旺保險,"4,335,043,782 ","169,476,634 ",23.91 ,83.73 
,UNION INS.,,,,
2820,華票,"4,641,244,806 ","404,443,557 ",11.43 ,30.10 
,CBF,,,,
2823,中國人壽,"68,779,072,001 ","2,470,765,193 ",27.57 ,86.94 
,CHINA LIFE,,,,
2832,台灣產物,"868,421,208 ","37,363,362 ",23.17 ,10.26 
,TFMI,,,,
2833,台灣人壽,"10,018,525,477 ","452,765,474 ",22.12 ,46.93 
,Taiwan Life,,,,
2833A,台壽甲,"19,421,744 ","525,803 ",36.96 ,0.90 
,TLI-PSA,,,,
2834,台灣企銀,"15,302,676,853 ","1,668,803,240 ",9.12 ,32.24 
,TBB,,,,
2836,高雄銀行,"1,172,314,030 ","124,752,436 ",9.39 ,17.10 
,B.O.K,,,,
2837,萬泰銀行,"1,691,576,132 ","111,834,092 ",15.08 ,7.33 
,CSMB,,,,
2838,聯邦銀行,"2,424,656,680 ","225,267,238 ",10.68 ,9.61 
,UBOT,,,,
2845,遠東商銀,"10,790,502,337 ","981,571,510 ",10.81 ,35.86 
,FEIB,,,,
2847,大眾商銀,"9,583,021,307 ","943,977,653 ",10.14 ,37.52 
,TC Bank,,,,
2849,安泰商銀,"2,326,036,502 ","165,360,712 ",13.97 ,11.00 
,ETB,,,,
2850,新光產險,"2,064,185,078 ","85,121,211 ",24.22 ,26.94 
,SK Insurance,,,,
2851,中再保,"880,717,052 ","55,052,479 ",15.85 ,9.78 
,C.R.C.,,,,
2852,第一保,"1,153,253,254 ","64,243,080 ",17.64 ,21.34 
,First Ins.,,,,
2855,統一證券,"2,992,962,564 ","177,521,882 ",16.74 ,13.43 
,PSC,,,,
2856,元富證券,"4,061,894,541 ","392,936,993 ",10.12 ,25.12 
,ML,,,,
2867,三商壽,"5,383,440,474 ","297,967,622 ",17.93 ,23.03 
,Mercuries Life,,,,
2880,華南金,"25,321,531,342 ","1,413,948,033 ",17.80 ,15.39 
,HNFHC,,,,
2881,富邦金,"185,254,769,911 ","4,085,939,252 ",45.35 ,39.92 
,Fubon Financial,,,,
2882,國泰金,"214,108,033,223 ","4,516,690,693 ",47.25 ,36.75 
,Cathay Holdings,,,,
2883,開發金,"77,081,563,314 ","8,155,552,846 ",9.39 ,53.91 
,CDIBH,,,,
2884,玉山金,"70,246,260,501 ","3,682,883,359 ",19.14 ,57.70 
,E.SUN FHC,,,,
2885,元大金,"79,496,443,654 ","5,026,960,159 ",15.75 ,50.41 
,Yuanta Group,,,,
2886,兆豐金,"120,931,057,426 ","4,912,511,975 ",24.60 ,39.46 
,MEGA FHC,,,,
2887,台新金,"76,171,891,790 ","5,225,077,197 ",14.52 ,62.11 
,TSFHC,,,,
2888,新光金,"50,485,073,961 ","5,257,538,297 ",9.51 ,55.83 
,SKFHC,,,,
2889,國票金,"4,838,284,272 ","530,401,644 ",9.21 ,19.92 
,Waterland Holdings,,,,
2890,永豐金控,"59,419,789,422 ","4,340,599,067 ",13.69 ,50.17 
,SINOPACHOLDINGS,,,,
2891,中信金,"146,929,237,962 ","7,258,996,565 ",20.14 ,48.89 
,Chinatrust Group,,,,
2892,第一金,"57,037,149,290 ","3,057,170,621 ",18.48 ,34.17 
,FFHC,,,,
5880,合庫金控,"28,441,424,435 ","1,712,746,361 ",16.50 ,19.44 
,TCFHC,,,,
6005,群益證,"10,091,099,263 ","915,005,741 ",10.77 ,38.64 
,CSC,,,,
18,貿易百貨類,,,,
,Trading and Consumers' Goods,,,,
2601,益航,"11,758,287,111 ","585,388,874 ",19.42 ,155.02 
,FSC,,,,
2614,東森,"23,184,699,688 ","1,679,717,993 ",12.42 ,241.34 
,EMIC,,,,
2901,欣欣大眾,"549,888,271 ","15,121,823 ",35.11 ,20.70 
,Shin Shin,,,,
2903,遠東百貨,"21,685,313,468 ","766,784,705 ",28.03 ,53.87 
,FEDS,,,,
2905,三 商 行,"3,411,010,457 ","173,723,653 ",19.55 ,25.50 
,Mercuries,,,,
2906,高林實業,"1,524,891,312 ","125,470,122 ",12.13 ,58.47 
,Collins,,,,
2908,特力,"6,228,116,428 ","299,294,220 ",21.19 ,57.66 
,Test Rite,,,,
2910,統領百貨,"202,488,489 ","5,480,265 ",35.65 ,2.62 
,TONLIN,,,,
2911,麗嬰房,"3,149,875,347 ","156,124,881 ",19.17 ,73.89 
,LES,,,,
2912,統一超商,"72,979,768,911 ","337,979,307 ",222.25 ,32.51 
,PCSC,,,,
2913,臺灣農林,"23,890,134,376 ","1,080,446,741 ",20.56 ,163.33 
,TTC,,,,
2915,潤泰全球,"46,334,199,182 ","649,344,619 ",70.75 ,68.98 
,RUENTEX IND. LTD,,,,
2929,F-淘帝,"20,017,523,954 ","126,181,773 ",158.84 ,225.35 
,TOPBI,,,,
5906,F-台南,"560,547,552 ","57,346,523 ",8.66 ,59.54 
,TAINAN CAYMAN,,,,
5907,F-大洋,"13,621,368,522 ","212,451,440 ",62.37 ,105.20 
,GORG,,,,
8429,F-金麗,"26,461,771,938 ","290,691,112 ",82.50 ,240.31 
,Jinli,,,,
8443,阿瘦,"1,254,330,809 ","27,658,670 ",38.16 ,41.41 
,ASO,,,,
8454,富邦媒,"8,438,401,230 ","27,151,587 ",323.95 ,19.11 
,momo,,,,
21,化學工業類,,,,
,Chemical,,,,
1316,上曜,"911,372,665 ","72,665,643 ",12.27 ,107.46 
,SUN YAD,,,,
1704,榮化,"18,403,650,615 ","878,315,532 ",24.72 ,102.96 
,LCYCIC,,,,
1708,東?,"13,770,661,560 ","361,782,537 ",35.99 ,211.47 
,Sesoda,,,,
1709,和益化工,"698,591,561 ","49,699,152 ",14.05 ,11.56 
,FUCC,,,,
1710,東聯化學,"10,245,075,620 ","374,831,495 ",28.19 ,42.31 
,OUCC,,,,
1711,永光化學,"38,306,370,834 ","1,270,991,864 ",28.73 ,264.90 
,EVERLIGHT,,,,
1712,興農,"8,797,492,395 ","501,239,179 ",17.17 ,149.91 
,Sinon,,,,
1713,國泰化工,"512,094,660 ","29,492,732 ",16.79 ,19.54 
,Cathay Chemical,,,,
1714,和桐化學,"7,913,100,594 ","605,988,151 ",12.54 ,65.54 
,HO TUNG,,,,
1717,長興,"10,277,996,278 ","322,811,619 ",31.15 ,32.25 
,ETERNAL,,,,
1718,中國人纖,"13,579,001,308 ","1,287,236,646 ",10.47 ,92.23 
,CMFC,,,,
1721,三晃,"1,181,266,778 ","103,443,514 ",10.64 ,140.40 
,Sunko Ink,,,,
1722,台灣肥料,"33,830,572,955 ","577,506,026 ",58.25 ,58.93 
,Taiwan Fertilizer,,,,
1723,中鋼碳素,"25,659,905,210 ","146,935,463 ",174.45 ,62.03 
,CSCC,,,,
1724,台硝,"1,070,821,015 ","62,125,454 ",16.41 ,48.61 
,T.N.C.,,,,
1725,元禎,"87,801,675 ","5,827,936 ",14.91 ,3.19 
,YJE,,,,
1726,永記造漆,"1,960,520,861 ","24,204,244 ",80.87 ,14.95 
,YCP,,,,
1727,中華化,"2,197,251,498 ","115,535,045 ",18.20 ,113.45 
,CHCIW,,,,
1730,花仙子,"2,120,272,582 ","75,160,153 ",27.62 ,140.55 
,FARCENT,,,,
1732,毛寶,"1,844,066,531 ","123,426,715 ",12.77 ,290.78 
,Mao Bao,,,,
1735,日勝化工,"173,569,732 ","13,965,434 ",12.06 ,13.63 
,EMC,,,,
1773,勝一化工,"1,587,637,304 ","31,064,193 ",49.86 ,22.16 
,SHINY,,,,
4722,國精化學,"2,119,101,898 ","82,971,632 ",24.30 ,94.01 
,QPC,,,,
4725,信昌化工,"6,517,038,497 ","237,045,044 ",26.87 ,81.18 
,TPCC,,,,
4733,上緯,"53,565,098,794 ","493,254,615 ",108.97 ,633.04 
,SWANCOR,,,,
4755,三福化,"905,215,157 ","29,265,962 ",28.65 ,33.23 
,SAN FU,,,,
22,生技醫療類,,,,
,Biotechnology & Medical Care,,,,
1701,中國化學,"4,996,456,575 ","220,973,583 ",22.08 ,74.14 
,CCPC,,,,
1707,葡萄王,"23,492,100,443 ","173,123,380 ",132.68 ,132.93 
,Grape King,,,,
1720,生達化學,"8,477,778,001 ","197,435,951 ",41.01 ,110.49 
,S.C.P.C,,,,
1729,必翔,"15,587,571,248 ","324,261,876 ",42.66 ,174.83 
,Pihsiang,,,,
1731,美吾華,"1,831,398,369 ","118,884,799 ",14.90 ,89.44 
,Maywufa,,,,
1733,五鼎,"3,674,975,422 ","60,998,961 ",59.85 ,61.92 
,ApexBio,,,,
1734,杏輝藥品,"25,529,971,244 ","501,231,597 ",48.06 ,330.16 
,SINPHAR,,,,
1736,喬山,"19,146,561,129 ","238,193,365 ",77.68 ,89.83 
,JHT,,,,
1762,中化合成,"2,531,794,692 ","57,380,088 ",42.03 ,73.98 
,CCSB,,,,
1783,和康生,"11,311,846,943 ","206,137,410 ",50.33 ,294.09 
,MBI,,,,
1786,科妍,"18,664,791,920 ","192,640,126 ",85.75 ,374.92 
,SVBI,,,,
1789,台灣神隆,"24,771,064,576 ","343,241,816 ",71.17 ,49.95 
,SPT,,,,
3164,景岳生技,"4,399,208,971 ","94,078,967 ",43.42 ,148.87 
,GenMont,,,,
3705,永信,"12,439,868,407 ","201,507,222 ",58.03 ,79.42 
,Y.S.H.,,,,
4104,佳醫,"7,922,828,318 ","132,621,108 ",56.64 ,117.14 
,EXCELSIOR,,,,
4106,雃博,"25,990,601,650 ","495,809,836 ",45.26 ,594.59 
,APEX,,,,
4108,懷特,"8,848,637,406 ","229,139,530 ",37.59 ,140.03 
,PhytoHealth,,,,
4119,旭富,"9,026,025,429 ","132,598,478 ",65.50 ,198.43 
,SCI,,,,
4133,亞諾法,"1,412,949,769 ","34,180,030 ",39.53 ,57.39 
,Abnova,,,,
4137,F-麗豐,"21,909,391,966 ","95,075,213 ",224.48 ,122.87 
,CHLITINA,,,,
4141,F-龍燈,"9,704,361,303 ","153,649,161 ",59.78 ,114.51 
,Rotam,,,,
4142,國光生技,"12,101,764,942 ","335,500,427 ",37.03 ,157.52 
,ADIM,,,,
4144,F-康聯,"9,224,036,511 ","115,600,043 ",75.73 ,148.49 
,Coland,,,,
4164,承業生醫,"15,921,724,051 ","208,805,703 ",72.86 ,160.58 
,CHC,,,,
4737,華廣,"3,017,151,163 ","41,392,753 ",62.04 ,92.48 
,BIONIME,,,,
4746,台耀化學,"15,081,569,958 ","206,331,730 ",68.96 ,244.89 
,FRMSL,,,,
23,油電燃氣類,,,,
,"Oil, Gas and Electricity",,,,
2616,山隆,"543,539,917 ","21,538,551 ",25.09 ,19.06 
,SLC,,,,
6505,台塑化,"50,989,118,307 ","682,386,051 ",73.99 ,7.16 
,FPCC,,,,
8926,台汽電,"5,821,297,087 ","265,693,127 ",21.30 ,45.09 
,TCC,,,,
9908,大台北瓦斯,"1,326,003,395 ","56,324,761 ",23.60 ,10.90 
,GTG,,,,
9918,欣天然,"166,287,985 ","4,896,852 ",33.67 ,2.74 
,S.S.N.G.,,,,
9926,新海瓦斯,"169,289,261 ","3,976,512 ",42.82 ,2.45 
,S.H.,,,,
9931,欣高,"154,222,016 ","3,811,188 ",40.38 ,3.88 
,Hsin Kao,,,,
9937,全國加油站,"4,302,726,635 ","129,440,227 ",31.60 ,41.89 
,NPC,,,,
24,半導體業類,,,,
,Semiconductor,,,,
1437,勤益,"4,213,668,485 ","196,596,085 ",21.00 ,96.49 
,GTM,,,,
2302,麗正,"1,979,727,000 ","272,357,532 ",6.78 ,169.78 
,Rectron,,,,
2303,聯電,"187,107,179,967 ","13,644,303,853 ",13.44 ,107.40 
,UMC,,,,
2311,日月光,"222,648,451,115 ","6,351,070,392 ",35.22 ,81.20 
,A. S. E.,,,,
2325,矽品,"162,665,867,621 ","3,691,009,428 ",43.33 ,118.43 
,Siliconware,,,,
2329,華泰,"24,205,363,507 ","2,217,654,457 ",10.36 ,275.12 
,OSE,,,,
2330,台積電,"1,102,966,313,562 ","9,054,507,965 ",122.53 ,34.91 
,TSMC,,,,
2337,旺宏,"30,141,020,606 ","4,105,923,454 ",7.01 ,116.60 
,MXIC,,,,
2338,光罩,"1,878,211,239 ","179,150,591 ",10.11 ,68.19 
,TMC,,,,
2342,茂矽,"5,805,968,858 ","713,253,460 ",7.20 ,191.60 
,MVI,,,,
2344,華邦電,"67,898,945,460 ","6,832,055,888 ",9.47 ,184.92 
,WEC,,,,
2351,順德,"7,474,925,903 ","172,688,314 ",41.85 ,95.82 
,SDI Corporation,,,,
2363,矽統,"6,840,081,353 ","700,416,882 ",9.22 ,114.17 
,SiS,,,,
2369,菱生,"19,667,185,787 ","1,081,113,322 ",17.29 ,284.43 
,LPI,,,,
2379,瑞昱,"110,192,488,396 ","1,140,159,188 ",96.90 ,225.80 
,RT,,,,
2401,凌陽,"16,179,984,982 ","1,273,169,187 ",12.29 ,214.49 
,Sunplus,,,,
2408,南亞科,"26,318,305,462 ","2,040,191,995 ",26.70 ,53.92 
,NTC,,,,
2434,統懋,"1,326,702,457 ","137,005,969 ",8.30 ,165.93 
,Mospec,,,,
2436,偉詮電,"48,185,460,576 ","1,498,923,146 ",31.54 ,677.00 
,Weltrend,,,,
2441,超豐,"17,459,242,170 ","468,506,993 ",36.72 ,82.37 
,GTK,,,,
2449,京元電,"47,193,909,453 ","1,884,834,505 ",25.01 ,158.07 
,KYEC,,,,
2451,創見,"15,684,943,316 ","155,635,921 ",99.71 ,36.13 
,Transcend,,,,
2454,聯發科,"756,013,726,318 ","1,618,162,320 ",467.41 ,104.43 
,MediaTek,,,,
2458,義隆,"92,393,261,243 ","1,716,057,961 ",52.01 ,393.74 
,Elan,,,,
2481,強茂,"9,892,422,430 ","649,972,892 ",14.52 ,171.86 
,Pan Jit,,,,
3006,晶豪科,"104,123,881,828 ","2,059,181,743 ",49.03 ,770.64 
,ESMT,,,,
3014,聯陽,"23,825,206,909 ","674,967,040 ",34.43 ,436.33 
,ITE,,,,
3016,嘉晶,"7,588,897,789 ","382,769,581 ",18.64 ,407.66 
,PRECISION,,,,
3034,聯詠,"146,075,483,732 ","996,007,623 ",149.02 ,163.69 
,NOVATEK,,,,
3035,智原,"53,599,698,783 ","1,352,382,580 ",38.27 ,329.95 
,Faraday,,,,
3041,揚智,"21,125,538,539 ","666,859,046 ",29.71 ,216.17 
,Ali,,,,
3054,萬國,"8,361,013,098 ","409,076,478 ",18.46 ,383.61 
,CARRY,,,,
3094,聯傑國際,"26,994,691,439 ","749,391,625 ",33.97 ,880.20 
,DAVICOM,,,,
3189,景碩,"91,606,577,566 ","784,210,743 ",115.54 ,175.84 
,KINSUS,,,,
3257,虹冠電,"28,665,434,374 ","308,380,958 ",89.90 ,577.75 
,CMC,,,,
3443,創意,"21,848,589,355 ","243,596,593 ",87.33 ,181.76 
,GUC,,,,
3474,華亞科,"704,286,357,021 ","16,234,045,056 ",40.34 ,323.14 
,Inotera,,,,
3519,綠能,"32,611,350,793 ","1,176,346,823 ",25.02 ,365.48 
,GET,,,,
3532,台勝科,"3,433,342,127 ","88,494,381 ",34.41 ,11.41 
,FST,,,,
3545,旭曜,"38,410,526,638 ","826,403,294 ",45.44 ,589.63 
,Orisetech,,,,
3559,全智科技,"5,411,598,981 ","284,601,911 ",18.46 ,240.83 
,GS,,,,
3579,尚志,"4,148,749,874 ","151,700,878 ",24.21 ,131.22 
,SCSC,,,,
3583,辛耘,"12,222,958,389 ","201,144,311 ",59.52 ,247.92 
,Scientech,,,,
3588,通嘉,"8,512,569,199 ","159,665,986 ",47.75 ,348.99 
,LD,,,,
3598,奕力科技,"30,699,968,381 ","446,686,574 ",66.15 ,620.95 
,ILITEK,,,,
3638,F-IML,"5,993,303,949 ","76,849,960 ",80.36 ,102.50 
,IML,,,,
3661,F-世芯,"8,948,446,248 ","84,019,180 ",106.66 ,134.50 
,Alchip,,,,
3686,達能科技,"23,681,988,364 ","1,543,714,924 ",13.70 ,441.29 
,Danen,,,,
3697,F-晨星,"7,440,567,102 ","22,511,976 ",332.95 ,4.23 
,MStar,,,,
4919,新唐科技,"11,304,111,786 ","358,787,576 ",30.14 ,172.86 
,NTC,,,,
4952,凌通科技,"18,545,872,972 ","468,135,584 ",37.43 ,430.22 
,Generalplus,,,,
5269,祥碩科技,"31,518,905,432 ","240,898,377 ",124.29 ,427.22 
,Asmedia,,,,
5280,F-敦泰,"52,261,851,887 ","222,645,721 ",224.76 ,398.52 
,FocalTech,,,,
5285,界霖,"2,161,371,061 ","50,220,471 ",44.86 ,73.84 
,Jih Lin,,,,
5305,敦南,"15,344,888,389 ","694,687,005 ",21.45 ,160.10 
,LSC,,,,
5471,松翰,"12,643,713,007 ","235,759,240 ",51.37 ,140.43 
,SONIX,,,,
6202,盛群,"36,312,307,160 ","613,299,991 ",57.15 ,271.42 
,HOLTEK,,,,
6239,力成,"73,629,943,643 ","1,465,983,290 ",50.40 ,188.15 
,PTI,,,,
6243,迅杰,"14,919,910,601 ","592,038,652 ",22.32 ,786.26 
,ENE,,,,
6257,矽格,"27,426,225,041 ","865,357,565 ",31.15 ,237.22 
,SIGURD,,,,
6271,同欣電子,"52,256,390,215 ","362,223,491 ",144.37 ,222.35 
,THEIL,,,,
6286,立錡科技,"49,728,695,794 ","295,070,856 ",166.09 ,198.49 
,Richtek,,,,
6415,矽力杰,"17,846,130,474 ","69,877,191 ",253.83 ,100.58 
,Silergy,,,,
8016,矽創,"30,430,819,024 ","487,122,888 ",63.13 ,408.87 
,Sitronix,,,,
8081,致新,"11,577,949,218 ","122,478,064 ",91.99 ,142.13 
,GMT,,,,
8110,華東科技,"10,451,830,506 ","786,204,118 ",13.15 ,157.03 
,WALTON,,,,
8131,福懋科技,"4,492,972,308 ","200,106,344 ",21.75 ,45.24 
,FATC,,,,
8150,南茂,"14,987,540,776 ","371,685,241 ",40.08 ,43.00 
,ChipMOS,,,,
8261,富鼎先進,"6,752,624,595 ","243,055,792 ",25.85 ,174.90 
,APEC,,,,
8271,宇瞻,"16,905,824,058 ","521,484,648 ",31.70 ,385.40 
,Apacer,,,,
25,電腦及週邊設備業類,,,,
,Computer and Peripheral Equipment,,,,
2301,光寶科,"61,170,443,880 ","1,380,276,467 ",45.23 ,59.14 
,LTC,,,,
2305,全友,"2,758,290,552 ","415,731,658 ",5.76 ,202.14 
,MII,,,,
2324,仁寶,"106,499,311,552 ","4,629,602,834 ",23.03 ,104.85 
,Compal,,,,
2331,精英,"26,287,347,835 ","1,203,271,162 ",22.38 ,170.94 
,Elitegroup,,,,
2352,佳世達,"75,161,545,806 ","5,736,474,393 ",12.15 ,291.69 
,Qisda,,,,
2353,宏碁,"95,805,242,927 ","4,461,241,884 ",20.65 ,159.04 
,ACER,,,,
2356,英業達,"85,946,522,017 ","3,404,484,359 ",25.49 ,94.90 
,Inventec,,,,
2357,華碩,"225,849,318,088 ","730,621,465 ",310.36 ,98.37 
,Asustek,,,,
2358,廷鑫,"6,479,239,688 ","370,677,817 ",15.01 ,570.27 
,TS,,,,
2362,藍天,"22,839,329,063 ","403,289,200 ",55.54 ,58.78 
,CLEVO,,,,
2365,昆盈,"6,369,135,455 ","455,056,529 ",12.82 ,155.52 
,KYE,,,,
2376,技嘉,"29,318,492,744 ","710,130,981 ",41.19 ,113.30 
,GIGABYTE,,,,
2377,微星,"59,693,879,325 ","1,598,959,604 ",36.66 ,189.27 
,MSI,,,,
2380,虹光,"3,742,556,804 ","347,573,454 ",9.97 ,157.83 
,Avision,,,,
2382,廣達,"150,449,225,683 ","1,906,750,629 ",79.31 ,49.39 
,QCI,,,,
2385,群光,"39,769,175,177 ","474,602,122 ",83.36 ,68.72 
,Chicony,,,,
2387,精元,"11,205,622,728 ","692,181,937 ",14.90 ,190.26 
,Sunrex,,,,
2395,研華,"63,410,320,391 ","293,656,993 ",215.06 ,49.08 
,Advantech,,,,
2397,友通,"4,221,652,971 ","109,354,875 ",36.92 ,95.21 
,DFI,,,,
2399,映泰,"3,494,799,078 ","263,063,469 ",12.52 ,147.70 
,Biostar,,,,
2405,浩鑫,"14,014,260,321 ","1,128,720,158 ",10.72 ,322.04 
,Shuttle,,,,
2417,圓剛,"1,372,276,251 ","106,044,989 ",12.39 ,52.51 
,AVerMedia,,,,
2424,隴華,"230,057,014 ","5,647,106 ",40.42 ,18.83 
,Lung Hwa,,,,
2425,承啟,"9,373,493,921 ","206,929,232 ",38.03 ,214.51 
,CHAINTECH,,,,
2442,新美齊,"953,574,240 ","102,878,034 ",9.08 ,58.67 
,Jean,,,,
2465,麗臺,"2,912,773,758 ","235,522,230 ",11.98 ,219.75 
,Leadtek,,,,
3002,歐格,"3,006,027,445 ","175,232,980 ",15.26 ,171.80 
,Ahoku,,,,
3005,神基,"15,749,133,910 ","949,755,474 ",16.26 ,163.18 
,MTC,,,,
3013,晟銘電,"22,570,061,435 ","646,750,287 ",32.77 ,355.53 
,UNEEC,,,,
3017,奇鋐,"25,652,721,025 ","1,126,476,716 ",22.15 ,318.83 
,AVC,,,,
3022,威強電,"64,100,931,360 ","1,182,541,736 ",52.90 ,379.26 
,IEI,,,,
3046,建碁,"565,516,932 ","77,541,093 ",6.62 ,50.42 
,AOpen,,,,
3057,喬鼎,"37,643,079,996 ","867,700,787 ",41.83 ,555.79 
,Promise.,,,,
3060,銘異,"76,017,300,258 ","467,925,230 ",166.41 ,268.60 
,MIN AIK,,,,
3231,緯創,"117,727,758,819 ","4,087,761,215 ",28.07 ,168.57 
,Wistron,,,,
3494,誠研,"12,374,412,927 ","521,122,534 ",20.84 ,297.45 
,HiTi,,,,
3515,華擎,"3,591,566,833 ","34,278,699 ",103.82 ,29.78 
,ASROCK,,,,
3706,神達,"30,078,529,657 ","1,107,458,279 ",25.64 ,145.60 
,MHC,,,,
4915,致伸,"112,488,029,344 ","2,904,841,828 ",37.03 ,669.35 
,Primax,,,,
4916,事欣科,"9,583,871,074 ","176,943,421 ",46.49 ,260.61 
,PEC,,,,
4938,和碩,"174,121,137,972 ","3,108,746,215 ",54.43 ,133.54 
,Pegatron,,,,
5215,F-科嘉,"6,785,061,496 ","154,433,369 ",34.84 ,284.21 
,KO JA,,,,
5264,F-鎧勝,"129,980,162,468 ","741,097,478 ",175.11 ,218.17 
,Casetek,,,,
6117,迎廣,"2,110,799,223 ","97,451,354 ",18.51 ,109.92 
,IN WIN,,,,
6128,上福,"1,126,393,396 ","32,153,322 ",34.68 ,35.28 
,GPI,,,,
6166,凌華,"26,744,501,809 ","372,303,325 ",66.72 ,215.26 
,ADLINK,,,,
6206,飛捷,"33,810,588,621 ","281,104,537 ",118.83 ,228.47 
,FLYTECH,,,,
6230,超眾,"42,387,971,225 ","434,407,463 ",93.16 ,503.11 
,CCI,,,,
6235,華孚科技,"333,857,021 ","45,666,983 ",7.06 ,32.27 
,Waffer,,,,
6277,宏正,"8,009,773,878 ","87,982,785 ",87.19 ,73.66 
,ATEN,,,,
6414,樺漢,"20,835,633,600 ","102,843,604 ",200.64 ,153.88 
,ENNOCONN,,,,
8114,振樺電子,"18,812,026,571 ","115,534,556 ",160.96 ,177.35 
,POSIFLEX,,,,
8163,達方電子,"11,414,424,176 ","526,658,147 ",20.16 ,165.15 
,DARFON,,,,
8210,勤誠興業,"21,772,141,367 ","403,945,145 ",49.56 ,336.25 
,CHENBRO,,,,
9912,偉聯科技,"634,725,489 ","38,462,479 ",15.75 ,75.56 
,AIC,,,,
26,光電業類,,,,
,Optoelectronic,,,,
2323,中環,"11,597,272,571 ","2,422,642,518 ",4.67 ,89.73 
,CMC,,,,
2340,光磊,"19,650,770,846 ","1,283,161,100 ",14.57 ,235.16 
,OPTO,,,,
2349,錸德,"9,156,429,525 ","1,977,132,472 ",4.36 ,75.61 
,RITEK,,,,
2374,佳能,"5,620,830,106 ","283,729,649 ",19.09 ,61.46 
,Ability,,,,
2393,億光,"73,931,604,493 ","1,047,533,527 ",69.73 ,246.31 
,Everlight,,,,
2406,國碩,"79,137,844,943 ","2,221,050,187 ",32.87 ,751.39 
,Gigastorage,,,,
2409,友達,"233,649,504,254 ","18,482,413,548 ",12.41 ,192.06 
,AUO,,,,
2426,鼎元,"6,493,686,433 ","605,147,923 ",10.45 ,179.08 
,Tyntek,,,,
2448,晶電,"162,076,066,938 ","2,448,032,281 ",65.34 ,258.54 
,Epistar,,,,
2466,冠西電,"1,101,450,894 ","30,352,843 ",36.19 ,22.19 
,Cosmo,,,,
2486,一詮,"12,648,314,700 ","565,777,672 ",20.93 ,277.54 
,I-Chiun,,,,
2489,瑞軒,"13,061,777,040 ","640,433,383 ",19.57 ,76.75 
,Amtran,,,,
2491,吉祥全,"360,614,723 ","37,094,448 ",7.25 ,59.81 
,Infodisc,,,,
2499,東貝,"43,527,940,715 ","1,265,576,497 ",34.01 ,391.86 
,UNI,,,,
3008,大立光,"509,786,775,716 ","255,040,491 ","1,977.96 ",190.12 
,LARGAN,,,,
3019,亞洲光學,"59,477,003,208 ","1,436,552,547 ",37.36 ,511.15 
,ASIA,,,,
3024,憶聲,"821,725,289 ","125,057,155 ",6.30 ,44.33 
,ACN,,,,
3031,佰鴻,"3,591,841,233 ","211,942,644 ",15.58 ,107.75 
,BRIGHT,,,,
3038,全台,"4,972,073,914 ","562,384,599 ",8.37 ,248.72 
,EDT,,,,
3049,和鑫,"6,833,713,807 ","804,330,592 ",8.16 ,90.99 
,SINTEK,,,,
3050,鈺德,"780,546,819 ","106,257,281 ",6.92 ,59.56 
,U-Tech,,,,
3059,華晶科,"43,188,103,854 ","1,410,468,500 ",29.59 ,401.49 
,Altek,,,,
3061,璨圓,"15,968,174,702 ","866,246,585 ",17.58 ,218.73 
,FOREPI,,,,
3149,正達國際,"17,870,171,370 ","498,847,762 ",33.26 ,185.56 
,G-TECH,,,,
3356,奇偶科技,"17,877,711,125 ","120,181,679 ",143.75 ,181.27 
,GeoVision,,,,
3383,新世紀,"18,953,004,586 ","921,809,203 ",19.25 ,276.57 
,GPI,,,,
3406,玉晶光,"83,771,050,797 ","825,165,118 ",95.98 ,827.06 
,GENIUS,,,,
3437,榮創,"11,840,834,006 ","150,894,531 ",68.14 ,103.83 
,AOT,,,,
3454,晶睿,"35,088,912,232 ","275,049,387 ",132.14 ,377.91 
,VIVOTEK,,,,
3481,群創光電,"276,092,825,830 ","20,761,975,616 ",12.77 ,215.96 
,INX,,,,
3504,揚明光,"8,546,096,058 ","137,668,887 ",59.11 ,120.70 
,Young Optics,,,,
3514,昱晶能源,"41,844,518,063 ","1,373,760,828 ",28.40 ,341.42 
,GINTECH,,,,
3535,晶彩科,"7,350,242,836 ","476,863,761 ",14.58 ,606.72 
,Favite,,,,
3557,嘉威光電,"1,307,015,170 ","164,254,959 ",7.46 ,150.09 
,Gamma,,,,
3561,昇陽光電,"27,384,384,454 ","1,154,603,360 ",22.55 ,321.41 
,SEC,,,,
3573,穎台科技,"3,174,157,017 ","103,511,145 ",29.83 ,71.76 
,ENTIRE,,,,
3576,新日光,"151,578,981,614 ","4,296,790,225 ",33.70 ,544.52 
,NSP,,,,
3584,介面光電,"7,208,384,381 ","324,056,663 ",22.03 ,235.36 
,JTOUCH,,,,
3591,艾笛森,"11,313,304,273 ","299,473,860 ",33.15 ,250.37 
,EDISON OPTO,,,,
3593,力銘科技,"8,398,864,089 ","477,773,139 ",16.61 ,423.79 
,logah,,,,
3622,洋華,"9,256,564,694 ","331,171,254 ",27.07 ,218.92 
,YFO,,,,
3669,圓展科技,"2,223,193,552 ","84,903,126 ",24.48 ,86.44 
,AVI,,,,
3673,F-TPK,"533,662,013,809 ","2,553,115,716 ",205.38 ,773.24 
,"TPK Holding Co., Ltd.",,,,
3698,隆達電子,"56,854,343,015 ","1,796,459,004 ",30.38 ,348.99 
,Lextar,,,,
4934,太極能源,"31,351,550,118 ","1,322,017,320 ",21.91 ,558.61 
,Tainergy,,,,
4935,F-茂林,"10,252,747,373 ","252,094,111 ",39.12 ,181.72 
,GLT,,,,
4942,嘉彰,"4,828,815,758 ","130,474,553 ",35.33 ,85.66 
,Chia Chang,,,,
4956,光鋐科技,"5,043,881,188 ","190,842,313 ",24.13 ,190.08 
,Epileds,,,,
4960,奇美材料,"42,192,140,125 ","1,161,617,961 ",35.44 ,232.79 
,CMMT,,,,
4976,佳凌科技,"1,114,083,792 ","36,100,846 ",29.07 ,35.58 
,CALIN,,,,
5234,達興材料,"5,110,799,138 ","86,814,446 ",52.08 ,96.79 
,DAXIN,,,,
5243,F-乙盛,"11,885,552,040 ","238,477,909 ",47.61 ,136.94 
,ESON,,,,
5259,清惠,"1,222,151,936 ","77,788,824 ",13.98 ,108.28 
,C.E.C,,,,
5484,慧友,"1,859,619,553 ","148,592,821 ",11.64 ,125.40 
,EverFocus,,,,
6116,彩晶,"72,645,404,987 ","7,090,187,554 ",10.07 ,229.90 
,HannStar,,,,
6120,輔祥,"8,794,851,263 ","682,220,330 ",12.55 ,126.58 
,FORHOUSE,,,,
6131,悠克,"5,365,115,160 ","330,675,464 ",15.36 ,342.93 
,YOKO,,,,
6164,華興電子,"4,941,156,975 ","233,660,445 ",19.06 ,197.50 
,LEDTECH,,,,
6168,宏齊,"9,070,780,144 ","444,387,436 ",19.54 ,216.60 
,HARVATEK CORPOR,,,,
6176,瑞儀,"121,437,140,076 ","983,967,325 ",120.79 ,211.60 
,ROEC,,,,
6209,今國光學,"6,402,839,604 ","234,447,457 ",26.18 ,144.22 
,KINKO,,,,
6226,光鼎電子,"3,442,314,053 ","274,483,058 ",11.35 ,340.69 
,Para Light,,,,
6278,台表科,"15,284,254,241 ","333,849,534 ",44.39 ,121.68 
,TSMT,,,,
6405,悅城,"6,690,006,539 ","96,220,542 ",65.87 ,146.22 
,ONANO,,,,
6431,光麗光電,"316,729,167 ","10,563,629 ",28.86 ,23.14 
,KSKL,,,,
8072,陞泰科技,"6,321,553,100 ","77,006,521 ",72.84 ,77.00 
,AV TECH,,,,
8105,凌巨,"15,976,863,247 ","1,241,227,671 ",12.03 ,281.14 
,GiantPlus,,,,
8215,明基材料,"44,786,928,057 ","1,129,245,251 ",37.91 ,352.16 
,BMC,,,,
27,通信網路業類,,,,
,Communications and Internet,,,,
2314,台揚,"6,139,050,207 ","340,755,270 ",16.93 ,125.53 
,MTI,,,,
2332,友訊,"17,312,637,011 ","851,733,443 ",19.56 ,131.54 
,D-Link,,,,
2345,智邦,"15,761,796,805 ","873,759,142 ",17.18 ,164.66 
,Accton,,,,
2412,中華電信,"145,352,253,674 ","1,564,168,096 ",93.05 ,20.17 
,CHT,,,,
2419,仲琦,"23,464,440,696 ","1,226,778,247 ",17.77 ,534.56 
,Hitron,,,,
2439,美律,"142,975,850,604 ","960,899,696 ",153.43 ,531.26 
,Merry,,,,
2444,友旺,"4,410,650,675 ","391,582,779 ",11.29 ,326.17 
,Abo-Com,,,,
2450,神腦,"9,226,193,661 ","141,088,859 ",69.08 ,54.64 
,Senao,,,,
2455,全新,"16,662,347,232 ","530,764,008 ",30.16 ,215.29 
,VPEC,,,,
2485,兆赫,"18,668,843,760 ","547,169,107 ",32.36 ,172.24 
,Zinwell,,,,
2498,宏達電,"349,892,123,906 ","2,460,959,390 ",140.01 ,292.95 
,HTC,,,,
3025,星通,"1,433,273,629 ","110,336,386 ",11.43 ,155.58 
,Loop,,,,
3027,盛達,"10,211,627,062 ","455,617,561 ",21.77 ,479.28 
,BILLION,,,,
3045,台灣大哥大,"100,015,008,051 ","1,060,804,323 ",94.78 ,31.01 
,TWM,,,,
3047,訊舟,"9,198,816,542 ","648,147,166 ",13.29 ,336.29 
,EDIMAX,,,,
3062,建漢,"14,476,561,587 ","459,175,076 ",29.32 ,140.94 
,CyberTAN,,,,
3311,閎暉,"13,315,361,474 ","472,359,489 ",30.36 ,250.31 
,Silitech,,,,
3380,明泰,"10,681,966,577 ","490,692,542 ",20.99 ,99.13 
,Alpha,,,,
3419,譁裕,"3,494,018,734 ","201,979,245 ",15.70 ,168.64 
,WHAYU,,,,
3596,智易科技,"18,894,131,343 ","382,549,479 ",45.94 ,232.20 
,Arcadyan,,,,
3682,亞太電信,"66,593,253,016 ","3,865,682,681 ",16.84 ,116.94 
,APT,,,,
3694,海華,"1,643,414,065 ","93,685,122 ",16.37 ,72.15 
,AzureWave,,,,
3704,合勤控,"18,389,295,028 ","900,694,280 ",19.41 ,183.41 
,Unizyx,,,,
4904,遠傳,"71,583,162,964 ","1,120,474,717 ",64.24 ,34.38 
,Far EasTone,,,,
4906,正文,"10,572,303,261 ","379,008,824 ",27.23 ,121.87 
,Gemtek,,,,
4977,F-眾達,"8,367,217,621 ","101,769,289 ",78.61 ,204.37 
,F-PCL,,,,
4984,F-科納,"5,881,114,073 ","133,180,175 ",40.31 ,294.59 
,CoAdna,,,,
5388,中磊,"78,736,352,266 ","1,200,310,360 ",65.99 ,552.89 
,SERCOMM,,,,
6136,富爾特,"1,481,450,409 ","55,122,848 ",26.30 ,47.71 
,FTC,,,,
6142,友勁,"2,088,849,330 ","230,644,216 ",8.43 ,84.62 
,CAMEO,,,,
6152,百一,"2,243,240,915 ","114,152,793 ",18.32 ,66.22 
,PRIME,,,,
6216,居易,"4,077,467,677 ","142,990,786 ",28.17 ,189.02 
,Draytek Corp.,,,,
6283,淳安電子,"1,368,966,224 ","152,324,707 ",8.44 ,107.19 
,SOE,,,,
6285,啟碁,"53,632,833,908 ","748,080,610 ",71.57 ,230.95 
,WNC,,,,
8011,台通光電,"38,180,518,202 ","753,680,300 ",47.21 ,864.35 
,TTCC,,,,
8078,華寶通訊,"743,954,140 ","14,754,888 ",50.42 ,2.42 
,CCI,,,,
8101,華冠,"9,489,486,386 ","602,802,956 ",14.82 ,143.64 
,Arima Comm.,,,,
28,電子零組件業類,,,,
,Electronic Parts & Components,,,,
1471,首利,"3,074,800,682 ","272,819,091 ",10.23 ,135.41 
,SL,,,,
1582,信錦,"17,359,952,729 ","275,937,550 ",60.22 ,184.14 
,SYNCMOLD,,,,
2059,川湖,"48,856,278,062 ","126,929,499 ",386.10 ,133.42 
,king slide,,,,
2308,台達電,"254,523,617,441 ","1,375,784,484 ",187.21 ,56.46 
,Delta Electronics,,,,
2313,華通,"71,937,396,983 ","3,874,995,285 ",18.16 ,325.14 
,COMPEQ MFG.,,,,
2316,楠梓電,"13,476,904,650 ","870,023,766 ",14.95 ,272.63 
,WUS,,,,
2327,國巨,"44,458,122,943 ","2,144,968,037 ",24.94 ,118.31 
,Yageo,,,,
2328,廣宇,"5,821,839,490 ","266,274,349 ",21.26 ,51.56 
,Pan-International,,,,
2355,敬鵬,"27,234,035,610 ","503,536,876 ",53.32 ,126.69 
,Chin-Poon,,,,
2367,燿華,"12,510,015,326 ","981,648,300 ",12.41 ,172.60 
,Unitech,,,,
2368,金像,"24,276,291,421 ","1,921,791,963 ",10.59 ,340.18 
,GCE,,,,
2375,智寶,"6,005,146,601 ","422,990,968 ",13.48 ,315.58 
,Teapo,,,,
2383,台光電,"25,651,892,862 ","786,571,986 ",31.85 ,251.42 
,EMC,,,,
2392,正崴,"36,039,512,485 ","608,364,517 ",57.62 ,120.72 
,FOXLINK,,,,
2402,毅嘉,"115,615,508,275 ","3,362,851,876 ",32.82 ,"1,007.88 "
,ICHIA,,,,
2413,環科,"5,962,512,697 ","402,936,456 ",13.73 ,316.39 
,UMEC,,,,
2415,錩新,"3,561,947,544 ","190,785,817 ",18.35 ,209.26 
,Cx Tech,,,,
2420,新巨,"18,697,942,099 ","407,403,719 ",44.25 ,266.89 
,Zippy,,,,
2421,建準,"9,881,521,619 ","444,991,005 ",21.05 ,177.33 
,Sunon,,,,
2428,興勤,"6,647,345,085 ","139,961,208 ",46.27 ,110.24 
,TKS,,,,
2431,聯昌,"22,357,017,423 ","901,201,003 ",24.02 ,812.42 
,Lien Chang,,,,
2437,旺詮,"5,828,988,082 ","98,341,332 ",57.47 ,161.85 
,Ralec,,,,
2440,太空梭,"417,671,757 ","37,208,845 ",10.79 ,26.74 
,Space Shuttle,,,,
2443,新利虹,"2,778,894,944 ","246,444,742 ",10.38 ,169.14 
,LEADDATA LTD,,,,
2456,奇力新,"16,464,426,615 ","542,956,144 ",29.12 ,397.21 
,Chilisin,,,,
2457,飛宏,"12,846,126,775 ","621,718,645 ",19.42 ,224.28 
,Phihong,,,,
2460,建通,"980,860,553 ","72,683,065 ",12.94 ,42.35 
,Gem,,,,
2462,良得電,"6,573,396,425 ","204,169,157 ",29.10 ,217.38 
,LINETEK,,,,
2467,志聖,"10,671,703,868 ","391,385,015 ",24.32 ,246.54 
,C Sun,,,,
2472,立隆電,"15,177,940,729 ","419,462,528 ",36.52 ,271.78 
,LEION,,,,
2476,鉅祥,"6,338,086,166 ","256,140,569 ",25.07 ,109.04 
,GS,,,,
2478,大毅,"4,514,260,108 ","221,420,991 ",18.04 ,87.27 
,Ta-I,,,,
2483,百容,"3,608,558,593 ","159,577,873 ",21.17 ,140.81 
,ECE,,,,
2484,希華,"14,665,786,845 ","737,368,909 ",19.64 ,467.97 
,Siward,,,,
2492,華新科,"11,279,604,378 ","1,037,625,027 ",10.50 ,150.55 
,WTC,,,,
2493,揚博,"7,490,777,522 ","265,890,907 ",27.76 ,232.35 
,AMPOC,,,,
3003,健和興,"20,854,600,705 ","462,581,916 ",42.62 ,325.44 
,KST,,,,
3011,今皓,"7,208,169,194 ","578,936,573 ",11.45 ,513.60 
,JH,,,,
3015,全漢,"4,982,604,311 ","162,470,870 ",29.33 ,69.54 
,SPI,,,,
3021,鴻名企業,"2,297,268,633 ","158,973,911 ",13.40 ,146.85 
,WELLTEND,,,,
3023,信邦,"24,865,684,937 ","569,853,918 ",43.14 ,274.41 
,SINBON,,,,
3026,禾伸堂,"6,874,126,058 ","159,613,433 ",42.41 ,71.29 
,HOLY  STONE,,,,
3032,偉訓,"9,137,525,054 ","399,724,826 ",22.68 ,387.01 
,COMPUCASE,,,,
3037,欣興,"68,969,255,848 ","2,742,702,673 ",24.71 ,178.25 
,Unimicron,,,,
3042,晶技,"40,494,476,860 ","986,798,570 ",40.54 ,318.58 
,TXC,,,,
3044,健鼎,"29,936,690,761 ","506,785,327 ",58.58 ,96.41 
,Tripod,,,,
3058,立德,"2,771,131,860 ","187,170,117 ",13.42 ,109.12 
,Leader,,,,
3090,日電貿,"4,136,526,110 ","141,521,416 ",28.50 ,104.89 
,NDB,,,,
3229,晟鈦,"10,262,061,339 ","225,438,778 ",42.84 ,371.92 
,CHEER TIME,,,,
3296,勝德,"1,474,202,489 ","62,511,886 ",22.51 ,55.77 
,POWERTECH,,,,
3308,聯德電子,"1,478,342,258 ","123,953,099 ",10.74 ,124.01 
,BESTEC,,,,
3338,泰碩,"11,869,303,851 ","286,102,811 ",39.42 ,410.19 
,TAISOL,,,,
3376,新日興,"24,645,371,407 ","312,486,654 ",76.46 ,175.60 
,SZS,,,,
3432,台端,"7,849,096,371 ","341,956,849 ",18.37 ,521.07 
,TAI TWUN,,,,
3501,維熹科技,"13,072,911,169 ","224,480,389 ",53.35 ,197.39 
,Well Shin,,,,
3533,嘉澤,"67,170,188,357 ","527,061,344 ",116.79 ,563.83 
,LOTES,,,,
3550,聯穎,"1,709,271,048 ","94,579,089 ",17.15 ,111.26 
,CTC,,,,
3605,宏致電子,"13,010,190,016 ","353,204,800 ",36.69 ,284.53 
,ACES,,,,
3607,谷崧精密,"11,057,461,418 ","205,952,191 ",52.71 ,173.61 
,Coxon,,,,
3645,達邁科技,"11,212,037,311 ","273,727,401 ",38.13 ,240.55 
,TMT,,,,
3653,健策,"48,526,178,587 ","474,638,014 ",90.84 ,444.29 
,JENTECH,,,,
3679,新至陞科技,"941,734,647 ","19,339,656 ",46.58 ,24.04 
,Nishoku,,,,
4958,F-臻鼎,"79,269,516,523 ","925,501,907 ",85.68 ,125.31 
,ZDT,,,,
4999,鑫禾科技,"15,671,732,921 ","240,383,151 ",62.55 ,323.01 
,Sinher,,,,
5469,瀚宇博德,"6,078,134,053 ","489,495,712 ",12.08 ,107.03 
,Board,,,,
6108,競國實業,"4,016,792,100 ","185,015,566 ",21.57 ,115.70 
,APCB INC.,,,,
6115,鎰勝,"2,168,052,703 ","48,395,170 ",43.65 ,27.94 
,I-SHENG,,,,
6133,金橋,"1,800,781,186 ","146,611,087 ",11.11 ,140.34 
,Golden Bridge,,,,
6141,柏承科技,"1,216,615,081 ","95,814,825 ",12.07 ,71.63 
,Plotech,,,,
6153,嘉聯益,"69,527,185,387 ","1,813,067,702 ",38.01 ,558.21 
,Career Tech.,,,,
6155,鈞寶電子,"2,103,002,264 ","71,156,962 ",25.41 ,85.72 
,KC,,,,
6165,捷泰,"2,581,229,942 ","250,689,528 ",9.39 ,263.87 
,JTT,,,,
6191,精成科技,"4,600,077,466 ","423,845,690 ",10.56 ,79.75 
,GBM,,,,
6197,佳必琪,"15,810,246,212 ","467,076,139 ",31.30 ,269.29 
,JPC,,,,
6205,詮欣,"5,858,175,302 ","173,501,151 ",33.49 ,241.52 
,COXOC,,,,
6213,聯茂,"6,819,373,164 ","219,140,040 ",29.76 ,66.14 
,ITEQ,,,,
6224,聚鼎科技,"6,946,796,001 ","92,268,642 ",72.17 ,115.37 
,PTTC.,,,,
6251,定穎電子,"11,202,441,841 ","752,317,750 ",14.11 ,262.98 
,DYNAMIC,,,,
6269,台郡,"83,131,097,218 ","1,021,015,628 ",80.33 ,485.58 
,FLEXIUM,,,,
6282,康舒,"76,532,972,380 ","1,907,745,049 ",38.89 ,366.92 
,AcBel,,,,
6412,群光電能,"7,522,279,347 ","166,023,247 ",44.85 ,46.67 
,Chicony Power,,,,
6422,F-君耀,"558,291,403 ","6,856,331 ",84.58 ,19.64 
,BrightKing,,,,
6449,鈺邦,"987,563,148 ","23,681,218 ",41.91 ,32.36 
,APAQ,,,,
8039,台虹,"47,130,130,330 ","841,217,079 ",53.51 ,412.45 
,TAIFLEX,,,,
8046,南電,"28,722,911,974 ","627,754,583 ",43.62 ,97.15 
,N.P.C.,,,,
8103,瀚荃,"13,436,569,335 ","269,895,189 ",47.72 ,357.74 
,CviLux,,,,
8213,志超,"33,686,043,971 ","758,369,329 ",43.50 ,275.76 
,tpt,,,,
8249,菱光科技,"7,920,588,093 ","318,789,240 ",24.64 ,250.90 
,CSI,,,,
29,電子通路業類,,,,
,Electronic Products Distribution,,,,
2347,聯強,"68,401,810,255 ","1,416,439,458 ",46.96 ,89.19 
,Synnex,,,,
2414,精技,"3,458,661,065 ","203,944,808 ",16.86 ,126.11 
,UTE,,,,
2430,燦坤,"1,907,860,456 ","49,554,038 ",38.00 ,29.61 
,TKE,,,,
2459,敦吉,"7,712,476,035 ","220,622,619 ",33.96 ,160.04 
,Audix,,,,
3010,華立,"6,763,599,039 ","120,860,538 ",55.25 ,52.22 
,Wahlee,,,,
3028,增你強,"1,865,938,120 ","100,912,523 ",18.05 ,47.24 
,Zenitron,,,,
3033,威健,"4,745,188,588 ","193,807,172 ",24.07 ,76.44 
,WEIKENG,,,,
3036,文曄,"20,390,688,689 ","474,980,781 ",43.41 ,137.41 
,Wintech,,,,
3040,遠見,"5,947,489,910 ","198,669,274 ",29.69 ,220.75 
,GV,,,,
3048,益登,"18,849,263,427 ","740,098,169 ",22.46 ,435.44 
,EDOM,,,,
3055,蔚華科,"8,363,775,667 ","403,378,429 ",18.27 ,314.51 
,SPIROX,,,,
3209,全科科技,"7,603,677,432 ","257,761,850 ",28.61 ,259.26 
,ALLTEK,,,,
3312,弘憶股,"940,903,877 ","75,614,827 ",12.31 ,82.15 
,G.M.I,,,,
3315,宣昶,"747,239,210 ","38,945,363 ",18.72 ,55.41 
,MAXTEK,,,,
3702,大聯大,"52,640,998,499 ","1,379,634,205 ",37.56 ,83.32 
,WPG,,,,
5434,崇越,"9,008,473,190 ","151,572,174 ",58.13 ,97.43 
,TOPCO,,,,
6145,勁永,"5,967,804,358 ","354,506,553 ",16.04 ,201.97 
,PQI,,,,
6189,豐藝,"3,766,250,952 ","104,796,190 ",35.86 ,58.52 
,Promate,,,,
6281,全國電,"1,305,119,055 ","21,215,225 ",62.10 ,21.39 
,E-LIFE MALL,,,,
8070,長華電材,"4,937,761,396 ","61,085,355 ",76.41 ,76.91 
,CHANG WAH,,,,
8112,至上,"23,671,473,290 ","1,315,482,659 ",17.36 ,627.28 
,Supreme,,,,
30,資訊服務業類,,,,
,Information Service,,,,
2427,三商電,"2,267,538,429 ","242,123,525 ",8.94 ,127.23 
,MDS,,,,
2453,凌群,"2,950,581,500 ","171,147,880 ",15.74 ,171.14 
,SYSCOM,,,,
2468,華經,"2,626,055,954 ","179,036,408 ",13.71 ,255.90 
,FIS,,,,
2471,資通,"1,769,863,152 ","94,281,677 ",17.21 ,199.51 
,ARES,,,,
2480,敦陽科,"4,561,856,633 ","146,708,559 ",29.51 ,110.35 
,Stark,,,,
3029,零壹,"3,528,253,526 ","186,304,205 ",17.08 ,196.64 
,ZERO ONE,,,,
3130,一零四,"1,762,368,353 ","12,233,437 ",122.24 ,37.07 
,104 CORPORATION,,,,
4994,傳奇,"18,374,193,487 ","98,248,016 ",170.49 ,129.05 
,X-LEGEND,,,,
5203,訊連,"6,827,998,104 ","73,780,377 ",91.56 ,73.68 
,CyberLink,,,,
6112,聚碩,"3,121,557,063 ","87,110,143 ",35.27 ,101.26 
,SYSAGE,,,,
6183,關貿網路,"1,449,741,151 ","50,637,636 ",27.76 ,33.76 
,TRADE-VAN,,,,
6214,精誠,"35,837,413,827 ","590,278,522 ",58.76 ,223.14 
,SYSTEX,,,,
31,其他電子業類,,,,
,Other Electronic,,,,
2312,金寶,"38,416,159,466 ","2,849,395,675 ",13.07 ,195.39 
,Kinpo Electronics,,,,
2317,鴻海,"761,158,673,963 ","8,173,169,028 ",93.33 ,59.11 
,Hon Hai,,,,
2354,鴻準,"101,279,952,749 ","1,305,658,289 ",74.99 ,97.01 
,FoxconnTechnology,,,,
2359,所羅門,"5,962,597,847 ","308,656,614 ",18.50 ,172.17 
,Solomon,,,,
2360,致茂,"38,584,062,600 ","493,772,941 ",78.26 ,131.04 
,Chroma,,,,
2373,震旦行,"3,744,288,931 ","68,304,192 ",54.77 ,20.23 
,Aurora,,,,
2390,云辰,"66,160,885,557 ","1,749,394,574 ",35.11 ,812.52 
,Everspring,,,,
2404,漢唐,"8,101,277,156 ","229,421,877 ",32.99 ,96.31 
,UIS,,,,
2423,固緯,"2,495,316,073 ","115,277,241 ",20.06 ,89.83 
,GW,,,,
2433,互盛電,"2,939,359,184 ","62,608,018 ",45.41 ,43.31 
,ASC,,,,
2461,光群雷,"8,988,617,778 ","501,271,609 ",17.06 ,300.35 
,K Laser,,,,
2464,盟立,"9,043,904,048 ","301,496,435 ",28.67 ,165.14 
,Mirle,,,,
2474,可成,"449,074,007,724 ","1,770,166,072 ",254.87 ,234.97 
,Catcher,,,,
2477,美隆電,"3,323,400,505 ","172,361,181 ",16.74 ,72.16 
,Meiloon,,,,
2482,連宇,"6,466,525,840 ","317,063,155 ",16.44 ,510.79 
,UIC,,,,
2488,漢平,"9,226,568,450 ","293,424,931 ",27.45 ,366.77 
,Hanpin,,,,
2495,普安,"4,864,481,359 ","243,681,942 ",18.66 ,86.15 
,Infortrend,,,,
2497,怡利電,"28,959,719,230 ","410,646,829 ",67.79 ,345.67 
,E-LEAD,,,,
3018,同開,"4,928,606,042 ","213,234,450 ",20.39 ,453.63 
,TUNG KAI,,,,
3030,德律,"19,078,339,237 ","376,491,686 ",49.77 ,159.38 
,TRI,,,,
3305,昇貿科技,"4,330,820,102 ","110,450,200 ",36.70 ,92.14 
,SHENMAO,,,,
3450,聯鈞,"80,379,010,849 ","738,561,688 ",107.90 ,963.66 
,ELASER,,,,
3518,柏騰,"11,699,819,105 ","178,796,481 ",62.60 ,210.16 
,PT TECH.,,,,
3617,碩天,"2,899,867,453 ","39,623,632 ",68.12 ,49.87 
,CyberPower,,,,
3665,F-貿聯,"90,969,179,168 ","642,457,704 ",135.36 ,781.26 
,BHI,,,,
5225,F-東科,"8,733,597,387 ","126,613,762 ",64.29 ,208.41 
,KYET,,,,
6139,亞翔,"963,434,043 ","36,067,713 ",26.31 ,19.17 
,L & K,,,,
6192,巨路,"6,136,366,083 ","84,060,879 ",71.02 ,70.80 
,LUMAX,,,,
6196,帆宣,"13,461,337,666 ","579,869,671 ",22.53 ,351.30 
,MIC,,,,
6201,亞弘電,"252,142,451 ","10,121,267 ",24.46 ,11.35 
,YAHORNG,,,,
6215,和椿,"13,717,210,785 ","591,721,280 ",20.11 ,714.72 
,Aurotek,,,,
6409,旭隼,"16,833,329,546 ","73,065,997 ",238.25 ,106.09 
,VOLTRONIC,,,,
8021,尖點,"19,684,594,133 ","700,379,364 ",26.75 ,442.87 
,Topoint,,,,
8201,無敵科技,"623,037,514 ","44,524,200 ",13.13 ,49.99 
,BESTA,,,,
20,其他類,,,,
,Others,,,,
1262,F-綠悅,"20,004,496,929 ","105,771,939 ",185.70 ,75.93 
,Green Seal,,,,
1435,中福國際,"519,371,463 ","76,741,432 ",6.33 ,54.92 
,C.F.CORP.,,,,
2062,橋椿金屬,"26,221,433,117 ","417,464,434 ",61.50 ,256.10 
,SSM,,,,
2514,龍邦國際,"4,480,407,517 ","229,714,269 ",19.54 ,40.80 
,LONG BON,,,,
2904,匯僑,"1,090,872,653 ","39,897,675 ",26.61 ,57.80 
,POC,,,,
4536,拓凱,"6,627,697,279 ","42,893,102 ",148.09 ,47.24 
,TOPKEY,,,,
5871,F-中租,"103,783,512,327 ","1,365,805,034 ",75.64 ,130.94 
,Chailease,,,,
6184,大豐電,"1,228,402,085 ","23,854,347 ",51.34 ,27.46 
,DAH FUNG CATV,,,,
6504,南六,"13,795,074,314 ","89,456,158 ",151.74 ,123.21 
,NAN LIU,,,,
8033,雷虎,"3,986,711,281 ","252,500,311 ",14.68 ,251.30 
,TT,,,,
8404,F-百和,"4,143,575,382 ","181,766,332 ",20.38 ,81.38 
,PAIHO SHIH,,,,
8411,F-福貞,"6,440,352,453 ","93,455,902 ",59.69 ,75.18 
,KINGCAN,,,,
8422,可寧衛,"11,568,774,260 ","68,802,373 ",166.63 ,63.17 
,Cleanaway,,,,
8427,F-基勝,"1,224,725,256 ","23,021,564 ",51.30 ,21.34 
,KEYSHEEN,,,,
9802,F-鈺齊,"6,909,734,079 ","165,149,177 ",39.88 ,135.49 
,Fulgent Sun,,,,
9902,台火開發,"871,518,373 ","52,111,130 ",16.04 ,53.15 
,Tidehold,,,,
9904,寶成工業,"63,804,052,076 ","1,738,526,743 ",36.44 ,59.05 
,Pou Chen,,,,
9905,大華金屬,"2,557,556,007 ","71,486,652 ",34.83 ,23.42 
,GCM,,,,
9906,欣巴巴,"1,997,412,770 ","54,387,484 ",34.52 ,77.70 
,HSIN BA BA,,,,
9907,統一實業,"26,515,280,013 ","1,034,037,421 ",26.29 ,65.47 
,Ton Yi,,,,
9910,豐泰企業,"14,926,759,301 ","185,256,619 ",82.32 ,32.91 
,FT,,,,
9911,台灣櫻花,"4,477,082,303 ","205,308,057 ",21.48 ,74.29 
,Taiwan Sakura,,,,
9914,美利達,"49,329,108,555 ","238,844,352 ",207.24 ,82.48 
,MIC,,,,
9917,中保,"9,581,820,657 ","119,257,240 ",79.39 ,26.57 
,Taiwan Secom,,,,
9919,康那香,"2,431,345,288 ","160,267,432 ",14.60 ,81.30 
,KNH,,,,
9921,巨大機械,"29,367,779,179 ","127,033,367 ",233.24 ,33.85 
,Giant Mfg.,,,,
9924,臺灣福興,"1,965,017,891 ","62,504,895 ",30.68 ,33.17 
,Taiwan Fu Hsing,,,,
9925,新保,"3,129,677,827 ","77,095,727 ",40.29939516,20.22
,SKS,,,,
9927,泰銘,"3,370,024,064 ","91,354,031 ",35.44 ,43.67 
,TMI,,,,
9928,中國電視,"454,328,754 ","29,876,918 ",15.13 ,22.51 
,CTV,,,,
9930,中聯資源,"1,790,445,362 ","25,784,576 ",70.13 ,11.41 
,CHC,,,,
9933,中鼎,"17,727,417,493 ","366,645,147 ",48.93 ,48.95 
,CTCI Corp.,,,,
9934,成霖,"6,752,007,378 ","334,123,746 ",18.26 ,101.43 
,Globo,,,,
9935,慶豐富,"3,416,750,033 ","346,463,586 ",8.74 ,291.11 
,Ching Feng,,,,
9938,百和,"31,269,658,277 ","798,538,723 ",39.02 ,267.99 
,Taiwan Paiho,,,,
9939,宏全,"21,042,453,887 ","348,491,659 ",58.94 ,134.14 
,Hon Chuan,,,,
9940,信義,"5,833,908,327 ","127,135,789 ",44.51 ,23.11 
,Sinyi Realty,,,,
9941,裕融,"11,813,206,031 ","150,263,171 ",77.80 ,60.22 
,TAC,,,,
9942,茂順,"8,465,647,153 ","69,259,499 ",119.04 ,83.27 
,MAO SHUN,,,,
9944,新麗,"11,342,116,165 ","237,132,668 ",46.45 ,234.38 
,Shinih,,,,
9945,潤泰新,"53,315,145,327 ","1,018,302,351 ",51.96 ,85.42 
,RUENTEX DEVELOP,,,,
9955,佳龍,"611,796,972 ","28,914,876 ",20.47 ,28.00 
,SDTI,,,,
,全額交割股票,"73,293,512,848 ","8,725,461,839 ",-,-
,Stocks Requiring Full Delivery,,,,
1449,佳和實業,"74,765,925 ","44,653,235 ",1.84 ,24.97 
,CHIA HER,,,,
1456,怡華,"106,972,627 ","11,340,388 ",8.83 ,9.45 
,I-HWA,,,,
1516,川飛,"14,458,525 ","1,122,452 ",12.40 ,5.77 
,FALCON,,,,
1529,樂士,"123,716,089 ","35,616,745 ",3.41 ,22.29 
,LUXE,,,,
2321,東訊,"86,606,571 ","25,309,882 ",3.21 ,8.52 
,Tecom,,,,
2348,海悅,"17,301,076 ","321,751 ",53.25 ,1.83 
,Hiyes,,,,
2361,鴻友,"23,527,715 ","10,722,291 ",2.11 ,14.80 
,Mustek,,,,
2364,倫飛,"2,582,863,922 ","465,514,677 ",4.65 ,244.82 
,Twinhead,,,,
2384,勝華,"56,661,826,858 ","6,129,633,775 ",9.19 ,309.35 
,Wintek Corp.,,,,
2388,威盛,"7,033,432,033 ","307,043,386 ",21.29 ,62.24 
,VIA,,,,
2429,銘旺科,"25,636,918 ","1,378,429 ",18.57 ,3.75 
,PWT,,,,
2438,英誌,"146,765,395 ","20,084,791 ",6.91 ,40.02 
,Enlight,,,,
2475,華映,"1,737,376,263 ","981,056,224 ",1.72 ,15.15 
,CPT,,,,
2496,卓越成功,"25,390,735 ","3,498,681 ",6.84 ,9.70 
,SPC,,,,
3043,科風,"425,736,115 ","64,783,425 ",5.61 ,33.23 
,PCM,,,,
3051,力特,"582,872,824 ","97,284,651 ",5.66 ,36.41 
,Optimax,,,,
3536,誠創科技,"1,345,272,614 ","141,054,672 ",7.96 ,121.71 
,STI,,,,
3701,大眾控,"10,740,369 ","1,290,349 ",8.64 ,1.06 
,FICG,,,,
6172,互億,"54,258,358 ","7,789,630 ",6.78 ,16.70 
,Billionton,,,,
6225,天瀚,"182,206,089 ","25,847,953 ",6.29 ,51.17 
,AIPTEK,,,,
6289,華上,"1,213,918,873 ","265,808,976 ",3.25 ,98.73 
,AOC,,,,
9929,秋雨創新,"817,866,954 ","84,305,476 ",9.45 ,56.52 
,CHOICE,,,,
