101年度股票交易量值統計表,,,,,
TRADING STATISTICS OF STOCKS FOR 2012,,,,,
證     券     名     稱,,"成   交   值
(單位：元)","成   交   量
(單位：股)",收盤平均價,"成交量
週轉率"
Name   of    Company,,"Trading Amount
(NT$)","Trading Volume
(Shares)","Average
Closing Price","Volume
Turnover
Rate (%)"
,合計,"20,238,166,009,096 ","530,705,509,441 ",,84.91 
,Total,,,,
,普通交割股票,"20,193,109,846,112 ","516,670,434,933 ",,
,Ordinary Settlement Stocks,,,,
01,水泥工業類,,,,
,Cement,,,,
1101,臺灣水泥,"91,718,648,714 ","2,554,837,863 ",35.78 ,69.18 
,TCC,,,,
1102,亞洲水泥,"41,489,118,515 ","1,142,541,441 ",36.29 ,36.02 
,ACC,,,,
1103,嘉新水泥,"2,531,972,776 ","183,765,045 ",13.52 ,24.06 
,CHC,,,,
1104,環球水泥,"1,395,625,332 ","95,420,355 ",14.09 ,15.81 
,UCC,,,,
1108,幸福水泥,"715,733,052 ","115,708,480 ",6.12 ,28.58 
,Lucky Cement,,,,
1109,信大水泥,"212,031,764 ","20,035,670 ",10.55 ,4.77 
,HsingTa,,,,
1110,東南水泥,"866,890,793 ","69,348,495 ",12.16 ,12.14 
,TUNA CEMENT,,,,
02,食品工業類,,,,
,Foods,,,,
1201,味全食品,"16,514,194,828 ","493,273,597 ",33.01 ,97.47 
,Wei-Chuan,,,,
1203,味王,"966,633,916 ","44,939,363 ",20.58 ,18.73 
,Ve Wong,,,,
1210,大成長城,"11,395,250,907 ","392,290,480 ",28.26 ,73.18 
,GREATWALL,,,,
1213,大飲,"1,553,572,109 ","63,942,354 ",23.12 ,124.21 
,Oceanic Beverages,,,,
1215,卜蜂企業,"2,287,982,310 ","153,469,345 ",14.41 ,66.16 
,CPE,,,,
1216,統一企業,"106,937,975,958 ","2,252,780,475 ",47.66 ,48.26 
,PEC,,,,
1217,愛之味,"5,487,251,238 ","533,115,458 ",9.99 ,107.13 
,AGV,,,,
1218,泰山,"7,358,409,796 ","453,024,923 ",15.73 ,130.33 
,TAISUN,,,,
1219,福壽,"723,375,530 ","45,888,019 ",15.55 ,15.22 
,FWUSOW,,,,
1220,台榮,"463,677,001 ","43,216,075 ",10.39 ,24.40 
,TAIROUN,,,,
1225,福懋油脂,"917,402,252 ","68,005,232 ",13.10 ,36.89 
,FOPCO,,,,
1227,佳格食品,"49,004,228,722 ","550,576,238 ",87.21 ,107.89 
,S.F.C,,,,
1229,聯華實業,"7,126,724,252 ","375,666,526 ",18.73 ,44.29 
,LHIC,,,,
1231,聯華食品,"4,833,860,652 ","127,858,827 ",36.67 ,106.70 
,Lian Hwa Foods,,,,
1232,大統益,"936,306,798 ","18,592,583 ",50.41 ,11.62 
,TTET,,,,
1233,天仁,"758,362,801 ","16,214,600 ",46.85 ,17.90 
,Ten Ren,,,,
1234,黑松,"12,037,104,843 ","303,944,107 ",36.43 ,56.72 
,Hey-Song,,,,
1235,興泰,"524,583,078 ","19,939,949 ",24.90 ,35.49 
,Shin Tai,,,,
1236,宏亞食品,"382,318,442 ","16,486,354 ",22.61 ,16.10 
,Hunya Foods,,,,
1702,南僑化工,"16,009,168,126 ","530,491,153 ",29.16 ,180.35 
,NAMCHOW,,,,
03,塑膠工業類,,,,
,Plastics,,,,
1301,台灣塑膠,"157,893,623,785 ","1,947,485,362 ",81.36 ,31.81 
,FPC,,,,
1303,南亞塑膠,"90,048,665,762 ","1,546,151,952 ",58.16 ,19.68 
,NPC,,,,
1304,台灣聚合,"26,102,501,638 ","965,328,506 ",26.17 ,93.40 
,USI,,,,
1305,華夏塑膠,"15,072,979,072 ","1,257,250,635 ",11.66 ,295.96 
,CGPC,,,,
1307,三芳化工,"514,528,315 ","21,471,643 ",23.80 ,6.18 
,SAN FANG,,,,
1308,亞聚,"12,391,586,988 ","378,295,963 ",31.42 ,89.94 
,APC,,,,
1309,台達化,"2,585,118,534 ","213,492,980 ",11.09 ,67.40 
,TTC,,,,
1310,臺灣苯乙烯,"5,571,288,914 ","675,990,935 ",7.66 ,116.49 
,T.S.M.C.,,,,
1312,國喬石化,"20,261,162,825 ","1,387,403,768 ",14.08 ,153.03 
,GPPC,,,,
1312A,國喬特,"33,538,300 ","1,763,000 ",19.11 ,8.83 
,GPPC (A Preferred),,,,
1313,聯成,"8,850,718,154 ","519,015,127 ",16.44 ,48.00 
,UPC,,,,
1314,中石化,"175,275,312,374 ","6,699,755,088 ",26.17 ,329.87 
,CPDC,,,,
1315,達新工業,"1,648,677,575 ","55,819,586 ",29.08 ,25.38 
,TAHHSIN,,,,
1316,上曜,"3,616,570,439 ","211,407,581 ",18.26 ,319.59 
,SUN YAD,,,,
1319,東陽,"8,769,592,704 ","284,224,073 ",29.21 ,50.60 
,TYG,,,,
1321,大洋,"3,593,568,883 ","138,496,682 ",23.11 ,60.96 
,OPC,,,,
1323,永裕,"2,579,978,302 ","121,149,551 ",20.53 ,146.34 
,YONYU,,,,
1324,地球,"226,113,452 ","18,284,653 ",11.82 ,24.33 
,Globe,,,,
1325,恒大,"724,271,745 ","40,199,074 ",17.17 ,39.93 
,UK,,,,
1326,台灣化纖,"113,634,191,304 ","1,445,680,969 ",78.53 ,25.40 
,FCFC,,,,
1337,F-再生,"16,175,582,966 ","182,944,793 ",85.64 ,115.02 
,Asia Plastic,,,,
1339,昭輝,"858,754,179 ","29,555,778 ",27.50 ,44.83 
,Y.C.C.,,,,
1715,亞洲化學,"2,364,440,113 ","160,128,276 ",14.32 ,52.64 
,ACHEM,,,,
4306,炎洲,"8,623,001,819 ","335,286,151 ",25.20 ,104.33 
,YEMCHIO,,,,
04,紡織纖維類,,,,
,Textiles,,,,
1402,遠東新,"72,506,661,068 ","2,167,311,336 ",33.08 ,43.64 
,FENC,,,,
1409,新光合纖,"17,923,315,803 ","1,830,128,807 ",9.39 ,101.33 
,SSFC,,,,
1410,南洋染整,"5,547,119,472 ","236,130,699 ",18.66 ,262.39 
,NYDF,,,,
1413,宏洲化工,"141,012,158 ","28,441,151 ",4.58 ,16.70 
,H.C.,,,,
1414,東和紡織,"5,125,782,757 ","435,437,000 ",10.05 ,197.92 
,TUNG HO,,,,
1416,廣豐實業,"6,616,057,276 ","422,480,765 ",14.54 ,109.77 
,KFIC,,,,
1417,嘉裕,"6,969,637,277 ","675,016,715 ",9.98 ,177.68 
,Carnival,,,,
1418,東華合纖,"220,992,922 ","30,822,155 ",6.87 ,23.35 
,TONG-HWA,,,,
1419,新光紡織,"8,898,156,809 ","219,671,527 ",39.67 ,73.21 
,SHINKO.SPIN.,,,,
1423,利華羊毛,"365,819,034 ","49,380,168 ",7.27 ,28.24 
,Reward Wool,,,,
1432,大魯閣,"1,034,636,139 ","87,109,617 ",10.86 ,161.70 
,TAROKO,,,,
1434,福懋,"6,401,854,400 ","232,608,535 ",27.52 ,13.82 
,Formosa Taffeta,,,,
1439,中和羊毛,"1,092,856,336 ","61,968,937 ",16.92 ,67.38 
,Chuwa Wool,,,,
1440,台南紡織,"11,742,833,437 ","881,601,655 ",12.91 ,56.19 
,Tainan Spinning,,,,
1441,大東紡織,"1,934,969,313 ","177,416,766 ",10.11 ,202.25 
,Tah Tong,,,,
1443,立益紡織,"222,727,043 ","42,461,984 ",5.03 ,31.39 
,LILYTEXTILE,,,,
1444,力麗,"11,245,469,778 ","963,249,066 ",11.20 ,107.59 
,LEALEA,,,,
1445,大宇紡織,"277,126,223 ","37,038,284 ",7.30 ,26.71 
,Universal,,,,
1446,宏和紡織,"695,814,293 ","46,338,005 ",14.71 ,33.43 
,Hong Ho,,,,
1447,力鵬,"8,727,463,221 ","830,111,555 ",9.42 ,114.07 
,LP,,,,
1451,年興紡織,"2,129,750,392 ","103,352,259 ",20.35 ,21.99 
,NIEN HSING,,,,
1452,宏益纖維,"484,671,040 ","50,723,802 ",9.27 ,38.23 
,HONG YI,,,,
1453,大將,"346,117,440 ","33,624,478 ",9.14 ,43.74 
,TA JIANG,,,,
1454,臺灣富綢,"399,517,959 ","52,058,405 ",7.32 ,37.10 
,TTF,,,,
1455,集盛,"10,185,805,780 ","905,964,013 ",10.63 ,158.99 
,ZIG SHENG,,,,
1457,宜進,"1,812,914,601 ","240,925,155 ",7.06 ,75.22 
,YI JINN,,,,
1459,聯發紡織,"844,398,860 ","85,003,861 ",9.35 ,23.71 
,Lan Fa Textile,,,,
1460,宏遠,"2,177,541,482 ","262,092,890 ",7.92 ,55.62 
,Everest Textile,,,,
1463,強盛染整,"2,551,990,573 ","231,252,510 ",10.30 ,122.74 
,CS,,,,
1464,得力,"462,946,192 ","48,922,238 ",8.96 ,22.01 
,DE LICACY,,,,
1465,偉全,"403,394,520 ","28,945,974 ",13.55 ,33.54 
,WISHER,,,,
1466,聚隆纖維,"2,894,432,595 ","146,159,533 ",18.15 ,153.44 
,Acelon,,,,
1467,南緯,"572,179,210 ","62,671,719 ",8.95 ,37.51 
,TEX-RAY,,,,
1468,昶和纖維,"125,556,798 ","10,855,502 ",10.59 ,6.77 
,CHANG HO,,,,
1469,理隆纖維,"20,918,821 ","2,348,884 ",8.87 ,1.88 
,Lilontex,,,,
1470,大統染,"48,854,462 ","3,977,871 ",12.47 ,4.63 
,EVERTEX,,,,
1472,三洋紡織,"861,743,753 ","67,233,782 ",11.83 ,113.00 
,Tri Ocean,,,,
1473,台南企業,"1,852,968,156 ","55,982,187 ",32.07 ,38.13 
,Tainan,,,,
1474,弘裕,"196,583,441 ","26,319,455 ",7.33 ,19.08 
,HONMYUE,,,,
1475,本盟光電,"21,335,543 ","2,692,058 ",7.72 ,8.27 
,SUMAGH,,,,
1476,儒鴻企業,"22,265,861,601 ","294,764,616 ",74.33 ,129.88 
,ECLAT,,,,
1477,聚陽,"13,881,963,789 ","163,780,778 ",84.31 ,100.10 
,Makalot,,,,
4414,如興,"590,397,020 ","65,248,726 ",8.36 ,111.28 
,ROO HSING,,,,
4426,利勤實業,"1,407,693,444 ","69,667,735 ",20.09 ,112.41 
,LI CHENG,,,,
05,電機機械類,,,,
,Electric Machinery,,,,
1503,士林電機,"2,292,126,647 ","66,594,303 ",34.51 ,12.78 
,SEEC,,,,
1504,東元電機,"24,943,294,073 ","1,238,091,698 ",20.08 ,67.20 
,TECO,,,,
1506,正道,"2,431,102,957 ","94,812,339 ",24.97 ,120.26 
,R.W.,,,,
1507,永大機電,"10,238,621,008 ","202,599,791 ",50.85 ,49.31 
,YUNGTAY,,,,
1512,瑞利,"715,520,051 ","88,413,780 ",7.81 ,48.61 
,JL,,,,
1513,中興電工,"5,609,365,866 ","339,438,768 ",16.26 ,70.72 
,CHEM,,,,
1514,亞力電機,"870,233,090 ","103,790,345 ",8.34 ,51.62 
,AEC,,,,
1515,力山工業,"390,382,617 ","69,055,938 ",5.46 ,30.87 
,REXON,,,,
1517,利奇機械,"4,813,473,512 ","352,532,329 ",12.62 ,154.75 
,Lee Chi,,,,
1519,華城電機,"1,245,774,495 ","84,626,406 ",13.72 ,32.43 
,FE,,,,
1521,大億,"2,318,551,161 ","42,652,677 ",52.78 ,55.96 
,DAIOKU,,,,
1522,堤維西,"1,031,040,302 ","80,852,948 ",12.05 ,25.83 
,TYC,,,,
1524,耿鼎,"601,883,298 ","88,009,554 ",6.37 ,54.18 
,GORDON,,,,
1525,江申,"1,944,115,315 ","40,990,012 ",46.12 ,59.20 
,KSC,,,,
1526,日馳,"152,772,823 ","17,222,639 ",7.87 ,34.45 
,SUNRACE,,,,
1527,鑽全,"1,564,960,078 ","72,850,853 ",20.68 ,46.49 
,BASSO,,,,
1528,恩德科技,"940,999,096 ","72,200,544 ",12.12 ,50.75 
,Anderson,,,,
1530,亞崴電機,"1,484,979,482 ","44,152,771 ",31.11 ,46.51 
,Awea,,,,
1531,高林股,"4,464,681,119 ","201,476,652 ",20.77 ,104.32 
,Kaulin,,,,
1533,車王電,"456,072,965 ","24,683,512 ",17.48 ,25.61 
,MORE,,,,
1535,中宇,"2,092,818,829 ","33,013,084 ",63.17 ,29.17 
,CEC,,,,
1536,和大,"3,077,829,949 ","185,896,310 ",16.06 ,117.42 
,HOTA,,,,
1537,廣隆光電,"9,005,348,491 ","168,776,656 ",51.56 ,206.87 
,KUNG LONG,,,,
1538,正峰新,"3,103,660,291 ","197,144,781 ",13.31 ,121.68 
,JF,,,,
1539,巨庭機械,"58,491,067 ","9,175,898 ",5.93 ,14.04 
,GEETECH,,,,
1540,喬福機械,"665,472,123 ","32,342,677 ",20.31 ,37.84 
,JOHNFORD,,,,
1541,錩泰,"180,780,266 ","14,257,810 ",11.27 ,18.10 
,Chang Type,,,,
1560,中砂,"10,441,550,217 ","235,548,315 ",42.14 ,167.06 
,KINIK,,,,
1583,程泰,"1,254,526,448 ","25,537,013 ",45.39 ,26.19 
,GOODWAY,,,,
1589,F-永冠,"2,763,970,844 ","54,442,545 ",44.91 ,59.36 
,YGG,,,,
1590,F-亞德,"17,948,208,942 ","113,818,396 ",155.20 ,75.89 
,AIRTAC,,,,
2049,上銀科技,"253,695,542,349 ","981,730,877 ",258.22 ,409.91 
,HIWIN,,,,
2231,為升,"816,433,447 ","15,076,887 ",51.23 ,25.02 
,CUB,,,,
4526,東台,"6,792,410,252 ","240,028,945 ",25.55 ,107.64 
,TOPPER,,,,
4532,瑞智,"14,139,939,204 ","539,013,006 ",25.19 ,124.91 
,RECHI,,,,
6605,帝寶,"2,442,427,884 ","38,020,978 ",63.76 ,22.93 
,DEPO,,,,
8374,羅昇,"7,376,205,894 ","155,795,561 ",42.51 ,195.64 
,ACE PILLAR,,,,
06,電器電纜類,,,,
,Electrical and Cable,,,,
1603,中華電纜,"1,552,631,560 ","158,652,315 ",9.00 ,46.34 
,CWCO,,,,
1604,聲寶,"6,404,754,036 ","676,331,833 ",9.25 ,114.67 
,Sampo,,,,
1605,華新麗華,"21,571,663,798 ","2,280,303,621 ",9.20 ,63.07 
,WALSIN,,,,
1608,華榮,"2,598,300,452 ","271,501,543 ",8.97 ,42.89 
,HE,,,,
1609,大亞電纜,"1,640,402,677 ","210,214,337 ",7.51 ,36.24 
,TA YA,,,,
1611,中國電器,"4,932,952,561 ","241,945,676 ",19.48 ,60.74 
,CE,,,,
1612,宏泰電工,"1,289,915,073 ","125,866,606 ",9.87 ,38.84 
,Hong Tai,,,,
1613,台一,"520,037,000 ","97,582,856 ",5.01 ,48.79 
,Tai-I,,,,
1614,三洋電機,"1,528,873,457 ","50,623,131 ",29.18 ,15.98 
,SANYO,,,,
1615,大山電纜,"139,239,989 ","11,856,797 ",11.29 ,10.58 
,Dah San,,,,
1616,億泰電纜,"359,218,712 ","71,619,489 ",4.59 ,36.89 
,Evertop,,,,
1617,榮星電線,"188,079,919 ","17,235,454 ",10.44 ,12.11 
,JSW,,,,
1618,合機電纜,"1,605,990,381 ","145,397,250 ",10.62 ,60.37 
,Hold-Key,,,,
4930,燦星網,"5,419,025,712 ","326,471,180 ",14.97 ,146.77 
,Star Comgistic,,,,
08,玻璃陶瓷類,,,,
,Glass and Ceramics,,,,
1802,臺灣玻璃,"18,026,365,100 ","602,385,745 ",29.58 ,25.99 
,Taiwan Glass,,,,
1806,冠軍,"4,753,619,421 ","360,791,181 ",12.17 ,82.82 
,CHAMPION,,,,
1809,中國製釉,"3,086,805,085 ","189,717,147 ",14.97 ,99.94 
,China Glaze,,,,
1810,和成欣業,"1,800,793,020 ","197,684,079 ",8.66 ,53.45 
,HCG,,,,
09,造紙工業類,,,,
,Paper and Pulp,,,,
1902,台灣紙業,"2,190,670,297 ","213,098,972 ",9.68 ,53.01 
,TPPC,,,,
1903,士林紙業,"2,806,042,601 ","57,712,407 ",45.62 ,22.18 
,Shihlin Paper,,,,
1904,正隆,"2,994,652,674 ","254,922,295 ",11.62 ,23.74 
,Cheng Loong,,,,
1905,中華紙漿,"4,683,790,113 ","443,045,496 ",9.94 ,62.00 
,CHP,,,,
1906,寶隆,"103,428,637 ","14,889,625 ",6.48 ,9.86 
,P.L,,,,
1907,永豐餘,"9,592,391,369 ","726,952,597 ",12.62 ,43.77 
,YFY,,,,
1909,榮成紙業,"1,009,198,152 ","118,343,885 ",8.24 ,17.22 
,LCP,,,,
10,鋼鐵工業類,,,,
,Iron and Steel,,,,
1532,勤美,"6,654,575,086 ","275,472,261 ",21.82 ,73.55 
,CMP,,,,
2002,中國鋼鐵,"125,790,207,313 ","4,559,499,644 ",27.59 ,30.06 
,China Steel,,,,
2002A,中鋼特,"128,136,500 ","3,267,000 ",39.26 ,8.53 
,China Steel  (A Preferred),,,,
2006,東和鋼鐵,"13,911,718,964 ","480,709,604 ",28.58 ,48.96 
,Tung Ho Steel,,,,
2007,燁興,"471,901,448 ","86,604,591 ",5.13 ,13.74 
,YH,,,,
2009,第一伸銅,"981,344,103 ","106,925,121 ",8.64 ,29.71 
,FCC,,,,
2010,春源鋼鐵,"1,411,602,204 ","118,168,733 ",11.80 ,18.48 
,Chun Yuan Steel,,,,
2012,春雨工廠,"883,358,768 ","87,778,895 ",9.81 ,30.50 
,Chun Yu,,,,
2013,中鋼構,"2,541,433,635 ","85,839,351 ",29.38 ,53.24 
,CSSC,,,,
2014,中鴻,"5,366,829,425 ","556,437,423 ",8.72 ,38.77 
,CHUNG HUNG,,,,
2015,豐興鋼鐵,"7,519,295,437 ","151,226,184 ",49.44 ,25.99 
,FH,,,,
2017,官田鋼,"4,368,715,546 ","506,888,974 ",7.44 ,141.58 
,Quintain Steel,,,,
2020,美亞,"1,490,996,020 ","117,191,874 ",12.25 ,42.88 
,MAYER PIPE,,,,
2022,聚亨,"2,931,846,325 ","507,480,634 ",5.41 ,104.90 
,TYCOONS,,,,
2023,燁輝,"7,214,989,704 ","685,364,431 ",9.50 ,42.57 
,YP,,,,
2024,志聯工業,"329,435,562 ","45,905,237 ",6.36 ,46.94 
,CHIH LIEN,,,,
2025,千興,"572,844,896 ","145,652,276 ",3.66 ,45.13 
,CSSSC,,,,
2027,大成鋼,"3,391,743,389 ","214,521,938 ",15.33 ,30.30 
,TC,,,,
2028,威致,"428,265,312 ","75,905,072 ",5.12 ,28.65 
,WEI CHIH,,,,
2029,盛餘,"532,494,198 ","27,659,728 ",18.95 ,8.62 
,Sheng Yu Steel,,,,
2030,彰源,"1,189,607,631 ","110,307,936 ",10.66 ,40.43 
,FROCH,,,,
2031,新光鋼鐵,"3,414,549,335 ","163,025,097 ",19.70 ,58.81 
,Hsin Kuang Steel,,,,
2032,新鋼工業,"778,736,712 ","66,977,276 ",10.79 ,51.46 
,Sinkang,,,,
2033,佳大世界,"601,515,696 ","50,841,733 ",10.96 ,62.99 
,Chia Ta,,,,
2034,允強,"2,217,623,947 ","127,683,350 ",16.76 ,34.50 
,YC,,,,
2038,海光企業,"1,475,856,264 ","116,410,850 ",12.12 ,51.24 
,HAIKWANG,,,,
3004,豐達科技,"2,985,657,185 ","69,287,548 ",42.94 ,290.29 
,NAFCO,,,,
5007,三星科技,"2,085,688,201 ","48,676,050 ",42.76 ,22.14 
,SAN SHING,,,,
9958,世紀鋼,"685,055,574 ","63,587,024 ",9.45 ,46.02 
,CIAS,,,,
11,橡膠工業類,,,,
,Rubber,,,,
2101,南港輪胎,"27,958,916,903 ","637,656,789 ",42.25 ,81.91 
,Nan Kang Rubber Tire,,,,
2102,泰豐輪胎,"10,285,369,534 ","514,601,487 ",17.65 ,129.09 
,FEDERAL CORP,,,,
2103,台橡,"48,337,209,383 ","690,665,041 ",68.70 ,92.64 
,TSRC,,,,
2104,中國橡膠,"11,244,896,173 ","370,057,788 ",29.49 ,67.37 
,China Synthetic Rubber,,,,
2105,正新橡膠,"113,414,228,024 ","1,556,187,912 ",72.70 ,59.64 
,CST,,,,
2106,建大工業,"18,765,737,175 ","526,216,492 ",35.03 ,73.60 
,Kenda Rubber Ind.,,,,
2107,厚生,"7,722,152,088 ","382,275,987 ",19.94 ,76.72 
,Formosan Rubber Group,,,,
2108,南帝化工,"3,746,308,498 ","155,855,254 ",23.58 ,42.47 
,Nantex,,,,
2109,華豐橡膠,"946,448,292 ","143,617,336 ",6.37 ,44.55 
,Hwa Fong,,,,
2114,鑫永銓,"4,599,718,680 ","65,764,127 ",66.80 ,107.12 
,HYC,,,,
12,汽車工業類,,,,
,Automobile,,,,
1338,F-廣華,"281,676,716 ","3,615,723 ",76.69 ,5.09 
,Hiroca,,,,
2201,裕隆汽車,"101,751,835,639 ","1,851,293,145 ",53.86 ,117.70 
,Yulon Motor,,,,
2204,中華汽車,"37,048,570,501 ","1,300,700,093 ",27.54 ,93.99 
,China-Motor,,,,
2206,三陽工業,"19,070,054,698 ","987,654,527 ",18.70 ,110.18 
,Sanyang Industry,,,,
2207,和泰汽車,"43,257,824,691 ","216,569,607 ",197.70 ,39.64 
,Hotai Motor,,,,
2227,裕日車,"18,791,128,312 ","86,263,569 ",222.58 ,28.77 
,YNM,,,,
14,建材營造類,,,,
,Building Material and Construction,,,,
1436,福益,"1,128,370,646 ","68,076,561 ",29.82 ,25.95 
,FUI,,,,
1442,名軒,"3,178,536,967 ","119,206,265 ",25.96 ,57.79 
,ADVANCETEK,,,,
1805,寶徠建設,"153,474,123 ","9,830,047 ",15.54 ,18.46 
,KPT,,,,
1808,潤隆,"8,749,100,984 ","213,220,874 ",37.83 ,151.68 
,RUN LONG,,,,
2501,國建,"13,939,196,608 ","1,046,469,446 ",13.03 ,63.16 
,Cathay Const.,,,,
2504,國產,"10,004,311,537 ","875,620,544 ",11.11 ,57.64 
,CATHAYRED GDC,,,,
2505,國揚,"10,967,971,895 ","794,370,801 ",13.05 ,191.71 
,Ky,,,,
2506,太設,"1,021,072,090 ","112,213,103 ",8.74 ,27.89 
,PCC,,,,
2509,全坤建,"1,593,315,842 ","79,405,123 ",19.80 ,52.31 
,CHAINQUI,,,,
2511,太子,"29,082,375,477 ","1,393,051,881 ",20.64 ,124.45 
,PHD,,,,
2515,中工,"16,745,945,095 ","2,130,295,877 ",7.60 ,139.69 
,BES,,,,
2516,新建,"1,645,462,538 ","189,046,343 ",8.62 ,83.70 
,New Asia,,,,
2520,冠德,"17,857,274,928 ","936,021,917 ",18.82 ,189.12 
,Kindom,,,,
2524,京城,"5,576,360,564 ","195,808,471 ",26.77 ,53.30 
,KTC,,,,
2527,宏璟,"2,046,239,982 ","157,245,025 ",12.55 ,58.18 
,Hung Ching,,,,
2528,皇普,"38,599,104 ","4,003,082 ",9.52 ,4.00 
,CROWELL,,,,
2530,華建,"976,768,650 ","99,616,022 ",9.43 ,37.26 
,Delpha Construction,,,,
2534,宏盛,"4,584,946,880 ","292,380,531 ",15.21 ,49.52 
,HSC,,,,
2535,達欣工,"2,386,561,846 ","126,124,376 ",18.57 ,47.31 
,DA CIN,,,,
2536,宏普,"10,328,272,880 ","380,169,805 ",26.74 ,119.13 
,Hung Poo,,,,
2537,聯上開發,"442,293,648 ","29,770,327 ",14.82 ,52.66 
,WE &WIN,,,,
2538,基泰,"10,768,785,476 ","631,648,733 ",16.54 ,159.26 
,Kee Tai,,,,
2539,櫻花建,"167,697,140 ","8,526,956 ",19.54 ,5.51 
,SAKURAD,,,,
2542,興富發,"28,586,600,039 ","565,338,514 ",49.52 ,78.94 
,Highwealth,,,,
2543,皇昌,"226,433,702 ","37,464,620 ",5.79 ,20.93 
,Hwang Chang,,,,
2545,皇翔,"33,419,036,776 ","510,522,887 ",63.54 ,155.76 
,Huang Hsiang,,,,
2546,根基,"521,514,879 ","36,861,285 ",13.68 ,34.21 
,Kedge,,,,
2547,日勝生,"27,622,268,226 ","1,222,744,091 ",21.28 ,158.63 
,Radium,,,,
2548,華固,"24,678,727,304 ","356,752,481 ",68.49 ,130.02 
,HUAKU,,,,
2597,潤弘精密,"896,631,253 ","25,722,528 ",35.38 ,19.05 
,REC,,,,
2841,台開,"5,745,830,890 ","470,048,799 ",11.87 ,75.38 
,TDC,,,,
2923,F-鼎固,"891,288,208 ","33,733,352 ",26.01 ,1.96 
,Sino Horizon,,,,
3056,總太地產,"6,344,487,040 ","232,563,651 ",25.70 ,200.28 
,ZongTai,,,,
3703,欣陸,"3,206,930,570 ","291,941,226 ",10.97 ,34.70 
,CONTINENTAL,,,,
5515,建國,"3,825,834,047 ","262,368,135 ",14.13 ,72.86 
,CHIEN KUO,,,,
5521,工信,"235,992,580 ","24,644,319 ",9.46 ,7.09 
,KSECO,,,,
5522,遠雄建設,"18,093,657,086 ","342,173,607 ",53.08 ,44.34 
,Farglory,,,,
5525,順天,"733,543,046 ","45,697,702 ",15.84 ,19.54 
,SWEETEN,,,,
5531,鄉林建設,"6,270,281,954 ","243,642,982 ",24.51 ,49.53 
,SHINING,,,,
5533,皇鼎建設,"1,800,865,138 ","98,378,159 ",18.19 ,44.66 
,FOUNDING,,,,
5534,長虹,"35,347,377,248 ","508,671,312 ",67.44 ,206.35 
,CHONG HONG,,,,
15,航運業類,,,,
,Shipping and Transportation,,,,
2208,台船公司,"5,049,379,170 ","228,521,952 ",21.70 ,31.24 
,CSBC,,,,
2601,益航,"26,999,198,407 ","733,070,583 ",34.66 ,257.84 
,FSC,,,,
2603,長榮,"47,817,078,970 ","2,777,744,962 ",17.00 ,79.95 
,EMC,,,,
2605,新興,"5,034,924,059 ","183,543,662 ",26.99 ,32.30 
,SNC,,,,
2606,裕民,"10,838,614,758 ","227,947,851 ",46.93 ,26.57 
,U-Ming,,,,
2607,榮運,"24,944,120,099 ","1,373,706,689 ",16.86 ,128.73 
,EITC,,,,
2608,嘉里大榮,"6,666,464,537 ","167,794,972 ",37.39 ,34.69 
,Kerry TJ,,,,
2609,陽明,"39,328,724,955 ","2,851,946,883 ",13.24 ,101.18 
,YMTC,,,,
2610,華航,"40,057,497,951 ","3,141,189,234 ",12.41 ,60.40 
,CAL,,,,
2611,志信,"4,076,113,212 ","268,601,166 ",14.32 ,138.70 
,TSI,,,,
2612,中航,"2,441,258,920 ","61,786,660 ",38.57 ,24.10 
,CMT,,,,
2613,中櫃,"3,972,451,537 ","206,891,944 ",16.26 ,232.47 
,CCTC,,,,
2614,東森,"2,521,207,884 ","653,065,594 ",3.66 ,46.03 
,EMIC,,,,
2615,萬海,"4,907,101,398 ","318,444,382 ",15.39 ,14.36 
,WANHAI,,,,
2617,台航,"1,901,672,501 ","66,690,611 ",28.25 ,15.97 
,TAIWANLINE,,,,
2618,長榮航,"49,776,323,540 ","2,703,872,530 ",17.93 ,82.96 
,EVAAIR,,,,
2637,F-慧洋,"4,855,253,836 ","117,413,592 ",40.86 ,31.74 
,WISDOM,,,,
5607,遠雄港,"8,369,215,982 ","401,669,763 ",18.71 ,236.30 
,Farglory FTZ,,,,
5608,四維航,"2,808,684,678 ","107,862,413 ",25.77 ,29.43 
,S. W.,,,,
6702,復興航空,"5,669,001,762 ","307,365,898 ",16.56 ,61.11 
,TNA,,,,
16,觀光事業類,,,,
,Tourism,,,,
2701,萬企,"369,743,867 ","26,225,255 ",13.87 ,7.63 
,WANHWA,,,,
2702,華園,"872,093,568 ","42,440,024 ",20.19 ,52.67 
,HG,,,,
2704,國賓,"10,527,564,891 ","321,740,459 ",32.54 ,87.70 
,AMBH,,,,
2705,六福,"10,098,427,205 ","557,167,238 ",17.04 ,168.73 
,LEOFOO,,,,
2706,第一店,"1,224,239,957 ","61,841,609 ",19.63 ,18.24 
,First Hotel,,,,
2707,晶華酒店,"27,298,435,897 ","77,012,678 ",363.49 ,84.93 
,GFRT,,,,
2722,夏都,"3,177,753,183 ","69,964,456 ",39.39 ,89.60 
,Chateau,,,,
2723,F-美食,"10,099,837,403 ","46,825,527 ",218.69 ,33.75 
,Gourmet,,,,
2727,王品,"26,969,362,287 ","58,412,701 ",439.00 ,85.96 
,WOWPRIME,,,,
5706,鳳凰旅遊,"8,037,269,761 ","125,163,545 ",61.51 ,204.89 
,PHX TOUR,,,,
8940,新天地,"1,890,999,594 ","70,172,581 ",25.78 ,103.96 
,New Palace,,,,
17,金融保險類,,,,
,Finance and Insurance,,,,
2801,彰銀,"48,729,974,372 ","2,960,216,576 ",16.04 ,42.82 
,C.H.B,,,,
2809,京城銀,"17,576,470,335 ","901,156,898 ",19.25 ,85.73 
,KTB,,,,
2812,台中商銀,"9,468,059,049 ","979,878,465 ",9.46 ,43.20 
,TCCB,,,,
2816,旺旺保險,"1,371,378,668 ","110,248,287 ",12.38 ,45.12 
,UNION INS.,,,,
2820,華票,"16,567,708,740 ","1,397,037,656 ",11.33 ,104.02 
,CBF,,,,
2823,中國人壽,"127,242,460,194 ","4,665,629,551 ",26.97 ,205.46 
,CHINA LIFE,,,,
2832,台灣產物,"1,534,208,960 ","72,682,235 ",20.84 ,19.98 
,TFMI,,,,
2833,台灣人壽,"10,324,533,231 ","540,698,928 ",18.44 ,63.10 
,Taiwan Life,,,,
2833A,台壽甲,"60,117,575 ","1,718,429 ",35.10 ,2.96 
,TLI-PSA,,,,
2834,台灣企銀,"21,501,336,887 ","2,364,104,732 ",8.79 ,49.41 
,TBB,,,,
2836,高雄銀行,"1,702,315,472 ","186,776,785 ",8.87 ,26.42 
,B.O.K,,,,
2837,萬泰銀行,"2,482,950,508 ","306,197,176 ",7.92 ,18.87 
,CSMB,,,,
2838,聯邦銀行,"2,473,200,024 ","237,517,503 ",10.24 ,14.22 
,UBOT,,,,
2845,遠東商銀,"8,686,593,204 ","742,244,114 ",11.49 ,34.49 
,FEIB,,,,
2847,大眾商銀,"21,685,562,864 ","2,074,631,423 ",9.86 ,94.39 
,TC Bank,,,,
2849,安泰商銀,"2,116,248,120 ","145,611,480 ",13.90 ,9.69 
,ETB,,,,
2850,新光產險,"2,049,796,334 ","107,615,389 ",18.92 ,34.08 
,SK Insurance,,,,
2851,中再保,"536,432,293 ","42,594,376 ",12.61 ,7.71 
,C.R.C.,,,,
2852,第一保,"756,676,032 ","55,255,639 ",13.58 ,18.35 
,First Ins.,,,,
2855,統一證券,"3,438,512,693 ","220,691,463 ",15.52 ,17.01 
,PSC,,,,
2856,元富證券,"2,374,372,084 ","247,532,453 ",9.35 ,16.19 
,ML,,,,
2867,三商壽,"1,029,840,604 ","56,062,513 ",18.14 ,4.84 
,Mercuries Life,,,,
2880,華南金,"36,099,915,296 ","2,171,730,938 ",16.41 ,26.04 
,HNFHC,,,,
2881,富邦金,"138,359,963,567 ","4,330,661,928 ",31.61 ,47.04 
,Fubon Financial,,,,
2882,國泰金,"138,457,535,869 ","4,398,032,628 ",30.96 ,41.54 
,Cathay Holdings,,,,
2883,開發金,"75,805,908,605 ","9,963,568,656 ",7.69 ,76.49 
,CDIBH,,,,
2884,玉山金,"46,468,534,035 ","2,965,666,437 ",15.59 ,62.80 
,E.SUN FHC,,,,
2885,元大金,"80,756,740,838 ","5,445,525,818 ",14.59 ,54.36 
,Yuanta Group,,,,
2886,兆豐金,"150,535,255,538 ","6,869,672,375 ",21.92 ,60.59 
,MEGA FHC,,,,
2887,台新金,"70,361,537,078 ","6,223,335,190 ",11.27 ,94.97 
,TSFHC,,,,
2887C,新丙特,"36,416,100 ","1,102,000 ",33.02 ,0.23 
,TSFHC (C Preferred),,,,
2888,新光金,"50,120,483,266 ","5,850,270,536 ",8.60 ,69.35 
,SKFHC,,,,
2889,國票金,"5,606,655,754 ","578,178,917 ",9.61 ,23.16 
,Waterland Holdings,,,,
2890,永豐金控,"47,049,511,414 ","4,194,684,941 ",11.10 ,56.65 
,SINOPACHOLDINGS,,,,
2891,中信金,"142,929,110,427 ","7,989,553,635 ",17.80 ,68.57 
,Chinatrust Group,,,,
2892,第一金,"66,745,398,970 ","3,744,308,106 ",17.62 ,47.91 
,FFHC,,,,
5880,合庫金控,"29,409,039,110 ","1,724,379,701 ",17.22 ,23.35 
,TCFHC,,,,
6005,群益證,"6,766,677,737 ","624,687,812 ",10.67 ,26.36 
,CSC,,,,
18,貿易百貨類,,,,
,Trading and Consumers' Goods,,,,
2901,欣欣大眾,"1,746,578,873 ","46,675,959 ",30.42 ,63.89 
,Shin Shin,,,,
2903,遠東百貨,"67,301,151,051 ","2,025,644,184 ",31.90 ,151.84 
,FEDS,,,,
2905,三 商 行,"12,023,365,740 ","436,077,193 ",26.95 ,70.46 
,Mercuries,,,,
2906,高林實業,"903,396,355 ","65,940,155 ",13.10 ,27.20 
,Collins,,,,
2908,特力,"5,415,827,357 ","259,063,411 ",20.84 ,50.62 
,Test Rite,,,,
2910,統領百貨,"125,710,857 ","4,687,954 ",25.46 ,2.26 
,TONLIN,,,,
2911,麗嬰房,"9,898,408,315 ","333,302,740 ",27.59 ,161.63 
,LES,,,,
2912,統一超商,"78,922,921,884 ","502,129,094 ",157.11 ,48.30 
,PCSC,,,,
2913,臺灣農林,"12,813,047,367 ","825,436,483 ",15.08 ,133.90 
,TTC,,,,
2915,潤泰全球,"81,267,754,897 ","1,354,576,959 ",58.99 ,160.99 
,RUENTEX IND. LTD,,,,
5906,F-台南,"244,570,589 ","12,468,834 ",16.58 ,18.79 
,TAINAN CAYMAN,,,,
5907,F-大洋,"5,490,140,780 ","55,093,290 ",91.55 ,27.28 
,GORG,,,,
8429,F-金麗,"740,792,241 ","10,629,701 ",68.96 ,8.79 
,Jinli,,,,
21,化學工業類,,,,
,Chemical,,,,
1704,榮化,"27,023,592,712 ","576,390,632 ",43.36 ,70.91 
,LCYCIC,,,,
1708,東?,"7,563,333,542 ","220,565,885 ",33.43 ,139.75 
,Sesoda,,,,
1709,和益化工,"3,044,820,793 ","149,184,494 ",19.47 ,37.16 
,FUCC,,,,
1710,東聯化學,"40,186,678,177 ","1,069,487,369 ",36.30 ,127.64 
,OUCC,,,,
1711,永光化學,"5,601,299,778 ","277,033,370 ",19.00 ,63.00 
,EVERLIGHT,,,,
1712,興農,"4,644,796,749 ","341,152,586 ",13.31 ,102.10 
,Sinon,,,,
1713,國泰化工,"505,855,722 ","42,102,775 ",11.58 ,27.89 
,Cathay Chemical,,,,
1714,和桐化學,"10,277,250,276 ","611,147,413 ",16.43 ,76.38 
,HO TUNG,,,,
1717,長興化學,"4,695,710,312 ","194,282,328 ",24.09 ,19.57 
,ETERNAL,,,,
1718,中國人纖,"12,498,338,706 ","1,089,193,618 ",10.59 ,77.19 
,CMFC,,,,
1721,三晃,"338,765,756 ","42,204,293 ",7.51 ,57.29 
,Sunko Ink,,,,
1722,台灣肥料,"72,236,278,021 ","974,082,735 ",73.18 ,99.39 
,Taiwan Fertilizer,,,,
1723,中鋼碳素,"18,768,742,532 ","142,394,095 ",131.34 ,60.10 
,CSCC,,,,
1724,台硝,"3,335,776,475 ","127,971,077 ",24.08 ,100.13 
,T.N.C.,,,,
1725,元禎,"125,462,829 ","8,163,174 ",15.26 ,4.48 
,YJE,,,,
1726,永記造漆,"2,613,164,686 ","47,964,899 ",51.87 ,29.60 
,YCP,,,,
1727,中華化,"2,383,983,447 ","117,495,104 ",19.22 ,131.29 
,CHCIW,,,,
1730,花仙子,"973,103,621 ","54,150,087 ",17.65 ,101.25 
,FARCENT,,,,
1732,毛寶,"230,940,075 ","15,411,722 ",14.19 ,36.30 
,Mao Bao,,,,
1735,日勝化工,"209,441,745 ","18,400,654 ",10.98 ,20.03 
,EMC,,,,
1737,臺鹽,"5,721,758,803 ","251,734,286 ",21.69 ,90.53 
,TAIYEN,,,,
1773,勝一化工,"926,857,177 ","24,114,589 ",38.40 ,18.07 
,SHINY,,,,
4722,國精化學,"430,459,742 ","18,152,283 ",23.65 ,23.66 
,QPC,,,,
4725,信昌化工,"39,771,266,820 ","627,276,847 ",60.58 ,214.84 
,TPCC,,,,
4733,上緯,"3,378,662,651 ","78,761,773 ",41.56 ,108.95 
,SWANCOR,,,,
22,生技醫療類,,,,
,Biotechnology & Medical Care,,,,
1701,中國化學,"9,692,480,025 ","478,554,010 ",19.47 ,160.56 
,CCPC,,,,
1707,葡萄王,"17,522,609,993 ","301,274,609 ",57.36 ,231.34 
,Grape King,,,,
1720,生達化學,"3,552,679,970 ","137,002,549 ",25.02 ,81.35 
,S.C.P.C,,,,
1729,必翔,"7,335,078,711 ","204,390,603 ",35.74 ,109.04 
,Pihsiang,,,,
1731,美吾華,"3,462,202,429 ","232,616,159 ",13.56 ,175.23 
,Maywufa,,,,
1733,五鼎,"15,953,833,881 ","210,536,333 ",75.16 ,218.29 
,ApexBio,,,,
1734,杏輝藥品,"16,474,728,069 ","555,025,632 ",26.62 ,371.76 
,SINPHAR,,,,
1736,喬山,"7,069,204,257 ","95,024,320 ",73.60 ,47.62 
,JHT,,,,
1762,中化合成,"11,138,378,453 ","207,882,460 ",51.75 ,268.02 
,CCSB,,,,
1789,台灣神隆,"47,122,570,242 ","795,700,372 ",56.10 ,123.87 
,SPT,,,,
3164,景岳生技,"4,473,049,341 ","99,036,645 ",41.55 ,180.57 
,GenMont,,,,
3705,永信,"3,685,343,526 ","88,245,877 ",40.91 ,34.77 
,Y.S.H.,,,,
4104,佳醫,"9,216,176,877 ","145,115,175 ",61.02 ,136.90 
,EXCELSIOR,,,,
4106,雃博,"3,066,167,120 ","91,762,464 ",32.60 ,110.04 
,APEX,,,,
4108,懷特,"20,282,189,136 ","431,451,299 ",43.08 ,314.00 
,PhytoHealth,,,,
4119,旭富,"4,459,508,008 ","69,188,580 ",58.35 ,140.60 
,SCI,,,,
4133,亞諾法,"5,445,619,181 ","107,541,401 ",48.38 ,180.60 
,Abnova,,,,
4141,F-龍燈,"7,049,504,306 ","87,480,325 ",77.38 ,72.79 
,Rotam,,,,
4142,國光生技,"6,087,172,708 ","161,964,208 ",35.09 ,87.96 
,ADIM,,,,
4144,F-康聯,"13,736,946,980 ","168,819,542 ",77.99 ,241.18 
,Coland,,,,
4164,承業生醫,"21,285,109,125 ","163,554,556 ",128.46 ,136.30 
,CHC,,,,
4737,華廣,"1,070,094,321 ","14,265,941 ",77.39 ,32.44 
,BIONIME,,,,
4746,台耀化學,"5,727,437,789 ","86,839,566 ",63.17 ,129.50 
,FRMSL,,,,
23,油電燃氣類,,,,
,"Oil, Gas and Electricity",,,,
2616,山隆,"791,987,637 ","39,464,381 ",19.92 ,34.92 
,SLC,,,,
6505,台塑化,"44,761,937,186 ","511,771,175 ",86.93 ,5.37 
,FPCC,,,,
8926,台汽電,"5,883,571,304 ","272,149,613 ",20.45 ,46.18 
,TCC,,,,
9908,大台北瓦斯,"2,389,855,678 ","125,482,910 ",19.27 ,24.28 
,GTG,,,,
9918,欣天然,"314,603,630 ","10,736,589 ",29.26 ,5.95 
,S.S.N.G.,,,,
9926,新海瓦斯,"169,536,053 ","4,444,547 ",38.05 ,3.03 
,S.H.,,,,
9931,欣高,"75,429,154 ","3,111,051 ",24.28 ,3.29 
,Hsin Kao,,,,
9937,全國加油站,"1,679,791,573 ","51,567,811 ",31.84 ,16.68 
,NPC,,,,
24,半導體業類,,,,
,Semiconductor,,,,
1437,勤益,"2,132,977,347 ","137,510,766 ",14.25 ,67.42 
,GTM,,,,
2302,麗正,"235,242,485 ","52,611,644 ",4.21 ,32.88 
,Rectron,,,,
2303,聯電,"127,110,981,448 ","9,811,948,497 ",12.90 ,75.61 
,UMC,,,,
2311,日月光,"159,239,816,651 ","6,166,788,159 ",25.61 ,88.28 
,A. S. E.,,,,
2325,矽品,"68,440,902,600 ","2,133,704,784 ",32.03 ,68.47 
,Siliconware,,,,
2329,華泰,"667,532,450 ","148,528,847 ",4.35 ,18.41 
,OSE,,,,
2330,台積電,"844,105,649,462 ","10,106,805,880 ",84.08 ,38.97 
,TSMC,,,,
2337,旺宏,"50,679,460,826 ","5,104,742,949 ",9.54 ,147.92 
,MXIC,,,,
2338,光罩,"831,699,181 ","78,307,759 ",10.64 ,28.92 
,TMC,,,,
2342,茂矽,"3,876,274,456 ","754,148,303 ",4.06 ,152.18 
,MVI,,,,
2344,華邦電,"16,165,971,888 ","3,072,134,632 ",4.72 ,83.51 
,WEC,,,,
2351,順德,"3,117,599,853 ","127,384,335 ",21.83 ,73.39 
,SDI Corporation,,,,
2363,矽統,"5,910,717,606 ","509,957,429 ",10.99 ,80.00 
,SiS,,,,
2369,菱生,"14,465,776,609 ","814,181,196 ",16.48 ,214.46 
,LPI,,,,
2379,瑞昱,"59,254,720,590 ","1,033,673,000 ",56.86 ,209.13 
,RT,,,,
2388,威盛,"17,202,782,451 ","954,987,375 ",16.32 ,160.47 
,VIA,,,,
2401,凌陽,"4,511,606,916 ","439,389,276 ",9.64 ,73.62 
,Sunplus,,,,
2425,承啟,"2,918,496,119 ","103,475,031 ",33.38 ,163.42 
,CHAINTECH,,,,
2434,統懋,"380,928,029 ","50,381,512 ",6.60 ,61.02 
,Mospec,,,,
2436,偉詮電,"4,475,039,811 ","309,727,866 ",13.18 ,125.50 
,Weltrend,,,,
2441,超豐,"3,112,901,261 ","131,576,617 ",23.25 ,23.76 
,GTK,,,,
2449,京元電,"25,130,938,822 ","1,746,513,520 ",14.05 ,146.51 
,KYEC,,,,
2451,創見,"14,456,617,872 ","177,755,090 ",79.99 ,41.49 
,Transcend,,,,
2454,聯發科,"748,631,483,048 ","2,526,278,783 ",294.00 ,205.30 
,MediaTek,,,,
2458,義隆,"107,921,748,708 ","2,519,651,232 ",42.76 ,605.18 
,Elan,,,,
2473,思源,"26,242,483,059 ","584,553,356 ",46.28 ,286.66 
,Springsoft,,,,
2481,強茂,"8,153,489,853 ","540,025,804 ",13.02 ,145.20 
,Pan Jit,,,,
3006,晶豪科,"8,371,743,652 ","307,432,472 ",24.94 ,117.87 
,ESMT,,,,
3014,聯陽,"12,292,224,174 ","447,493,125 ",25.72 ,220.27 
,ITE,,,,
3016,嘉晶,"2,610,488,830 ","152,953,598 ",14.99 ,162.94 
,PRECISION,,,,
3034,聯詠,"99,606,237,619 ","1,032,680,426 ",95.70 ,171.49 
,NOVATEK,,,,
3035,智原,"92,440,901,105 ","2,179,358,091 ",41.11 ,544.30 
,Faraday,,,,
3041,揚智,"71,183,757,124 ","1,802,407,512 ",37.49 ,590.13 
,Ali,,,,
3054,萬國,"294,569,563 ","26,874,190 ",10.94 ,34.64 
,CARRY,,,,
3094,聯傑國際,"1,948,464,599 ","97,084,926 ",18.07 ,113.99 
,DAVICOM,,,,
3189,景碩,"101,904,889,053 ","1,136,470,208 ",88.09 ,254.82 
,KINSUS,,,,
3257,虹冠電,"4,494,312,449 ","150,395,996 ",27.36 ,388.36 
,CMC,,,,
3443,創意,"54,169,144,221 ","503,887,549 ",104.98 ,375.99 
,GUC,,,,
3519,綠能,"49,387,726,588 ","1,732,681,691 ",26.72 ,562.45 
,GET,,,,
3532,台勝科,"1,863,328,561 ","51,775,805 ",32.29 ,6.66 
,FST,,,,
3545,旭曜,"24,216,400,520 ","682,453,641 ",34.14 ,493.26 
,Orisetech,,,,
3559,全智科技,"9,051,967,649 ","446,350,502 ",18.69 ,392.28 
,GS,,,,
3579,尚志,"11,686,303,037 ","357,401,455 ",30.23 ,309.39 
,SCSC,,,,
3588,通嘉,"2,210,510,583 ","40,833,065 ",51.94 ,91.43 
,LD,,,,
3598,奕力科技,"56,880,076,320 ","640,394,511 ",86.16 ,982.36 
,ILITEK,,,,
3638,F-IML,"36,723,035,012 ","337,214,670 ",105.33 ,458.58 
,IML,,,,
3686,達能科技,"23,240,214,864 ","1,292,365,105 ",16.22 ,634.53 
,Danen,,,,
3697,F-晨星,"177,668,727,101 ","882,272,992 ",206.34 ,166.32 
,MStar,,,,
4919,新唐科技,"13,219,579,385 ","398,158,296 ",31.69 ,191.84 
,NTC,,,,
4952,凌通科技,"2,331,413,201 ","97,823,781 ",21.56 ,89.98 
,Generalplus,,,,
5269,祥碩科技,"1,249,504,478 ","16,485,542 ",72.54 ,29.24 
,Asmedia,,,,
5305,敦南,"7,036,310,611 ","427,313,516 ",15.14 ,95.49 
,LSC,,,,
5471,松翰,"10,680,524,021 ","231,045,654 ",43.58 ,137.63 
,SONIX,,,,
6145,勁永,"8,406,820,663 ","696,813,981 ",10.81 ,313.16 
,PQI,,,,
6202,盛群,"4,382,423,056 ","135,102,749 ",31.52 ,60.42 
,HOLTEK,,,,
6239,力成,"168,777,695,158 ","2,972,619,925 ",55.99 ,374.45 
,PTI,,,,
6243,迅杰,"2,470,435,229 ","130,023,877 ",16.64 ,172.68 
,ENE,,,,
6257,矽格,"16,384,852,192 ","694,562,814 ",23.16 ,191.73 
,SIGURD,,,,
6271,同欣電子,"45,244,274,228 ","462,429,716 ",97.73 ,284.12 
,THEIL,,,,
6286,立錡科技,"50,435,669,563 ","290,935,075 ",172.57 ,194.57 
,Richtek,,,,
8016,矽創,"12,143,663,570 ","300,358,345 ",38.58 ,254.23 
,Sitronix,,,,
8081,致新,"31,019,288,983 ","302,636,285 ",99.56 ,351.18 
,GMT,,,,
8110,華東科技,"4,018,929,961 ","408,765,850 ",9.17 ,81.33 
,WALTON,,,,
8131,福懋科技,"2,837,976,760 ","106,730,296 ",23.67 ,24.14 
,FATC,,,,
8261,富鼎先進,"1,457,965,768 ","120,295,730 ",11.24 ,83.82 
,APEC,,,,
8271,宇瞻,"24,681,721,273 ","1,068,875,993 ",22.96 ,825.87 
,Apacer,,,,
25,電腦及週邊設備業類,,,,
,Computer and Peripheral Equipment,,,,
2301,光寶科,"41,661,002,597 ","1,127,391,536 ",36.93 ,49.27 
,LTC,,,,
2305,全友,"123,736,145 ","39,295,252 ",3.09 ,19.10 
,MII,,,,
2315,神達,"18,439,639,092 ","1,708,458,412 ",10.15 ,111.67 
,MIC,,,,
2324,仁寶,"84,163,982,237 ","3,230,009,634 ",27.77 ,73.25 
,Compal,,,,
2331,精英,"19,557,271,359 ","1,913,054,885 ",9.18 ,161.69 
,Elitegroup,,,,
2352,佳世達,"15,525,643,193 ","2,117,854,292 ",6.99 ,107.67 
,Qisda,,,,
2353,宏碁,"152,344,673,898 ","4,856,901,952 ",31.58 ,171.39 
,ACER,,,,
2356,英業達,"12,403,297,847 ","1,133,142,109 ",10.99 ,32.14 
,Inventec,,,,
2357,華碩,"308,057,288,272 ","1,078,544,176 ",287.28 ,143.27 
,Asustek,,,,
2358,美格,"2,194,346,579 ","192,396,413 ",11.91 ,295.99 
,MAG,,,,
2362,藍天,"7,677,931,508 ","182,141,791 ",42.96 ,28.08 
,CLEVO,,,,
2364,倫飛,"629,356,287 ","204,843,439 ",2.86 ,82.89 
,Twinhead,,,,
2365,昆盈,"1,988,322,116 ","179,709,919 ",10.58 ,58.23 
,KYE,,,,
2376,技嘉,"9,965,855,364 ","393,168,628 ",25.48 ,62.29 
,GIGABYTE,,,,
2377,微星,"10,149,348,029 ","718,720,594 ",13.96 ,78.60 
,MSI,,,,
2380,虹光,"1,408,092,181 ","127,028,867 ",10.05 ,57.68 
,Avision,,,,
2382,廣達,"192,334,776,544 ","2,615,948,658 ",73.57 ,68.03 
,QCI,,,,
2385,群光,"37,650,076,767 ","625,107,578 ",60.15 ,94.84 
,Chicony,,,,
2387,精元,"2,647,465,731 ","155,405,705 ",15.30 ,41.93 
,Sunrex,,,,
2395,研華,"15,396,185,011 ","152,001,970 ",101.96 ,27.37 
,Advantech,,,,
2397,友通,"651,367,373 ","28,342,425 ",22.77 ,24.68 
,DFI,,,,
2399,映泰,"1,640,163,373 ","115,734,179 ",13.82 ,64.98 
,Biostar,,,,
2405,浩鑫,"3,168,682,113 ","301,621,669 ",9.83 ,158.35 
,Shuttle,,,,
2417,圓剛,"4,884,367,923 ","204,222,949 ",21.27 ,98.12 
,AVerMedia,,,,
2424,隴華,"245,147,555 ","11,413,948 ",18.37 ,38.04 
,Lung Hwa,,,,
2442,新美齊,"491,714,540 ","68,228,671 ",6.92 ,43.61 
,Jean,,,,
2465,麗臺,"255,885,752 ","44,996,394 ",5.29 ,42.00 
,Leadtek,,,,
2474,可成,"689,980,817,941 ","4,055,468,950 ",169.94 ,540.25 
,Catcher,,,,
3002,歐格,"251,972,260 ","22,851,327 ",10.83 ,22.40 
,Ahoku,,,,
3005,神基,"80,571,272,819 ","3,688,796,683 ",20.12 ,641.37 
,MTC,,,,
3013,晟銘電,"9,999,759,742 ","364,957,561 ",25.84 ,196.37 
,UNEEC,,,,
3017,奇鋐,"7,385,548,139 ","389,475,277 ",17.17 ,114.46 
,AVC,,,,
3022,威達電,"18,877,423,112 ","417,309,343 ",44.73 ,171.01 
,IEI,,,,
3046,建碁,"176,809,254 ","27,050,912 ",6.14 ,17.38 
,AOpen,,,,
3057,喬鼎,"5,926,090,562 ","336,528,466 ",15.90 ,222.95 
,Promise.,,,,
3060,銘異,"42,401,623,251 ","547,759,008 ",75.18 ,332.39 
,MIN AIK,,,,
3231,緯創,"109,692,183,835 ","2,826,255,487 ",37.43 ,132.53 
,Wistron,,,,
3494,誠研,"2,442,683,184 ","122,470,898 ",17.67 ,89.05 
,HiTi,,,,
3515,華擎,"3,553,995,816 ","31,189,701 ",108.74 ,27.10 
,ASROCK,,,,
3701,大眾控,"105,866,858 ","11,175,578 ",9.26 ,9.26 
,FICG,,,,
4915,致伸,"8,146,969,036 ","299,278,101 ",26.69 ,70.10 
,Primax,,,,
4938,和碩,"110,918,513,017 ","2,803,269,766 ",39.27 ,124.25 
,Pegatron,,,,
5215,F-科嘉,"6,971,790,314 ","122,427,571 ",52.42 ,259.10 
,KO JA,,,,
6117,迎廣,"134,517,359 ","9,670,827 ",13.05 ,10.92 
,IN WIN,,,,
6128,上福,"669,587,077 ","23,228,571 ",26.83 ,25.51 
,GPI,,,,
6166,凌華,"1,701,919,110 ","45,722,525 ",35.33 ,31.84 
,ADLINK,,,,
6206,飛捷,"3,813,483,623 ","56,220,761 ",66.80 ,59.12 
,FLYTECH,,,,
6230,超眾,"5,302,954,876 ","144,036,232 ",33.33 ,166.81 
,CCI,,,,
6235,華孚科技,"3,236,162,786 ","247,908,724 ",12.05 ,175.25 
,Waffer,,,,
6277,宏正,"1,755,049,123 ","32,374,114 ",52.47 ,27.09 
,ATEN,,,,
8008,建興電,"14,027,270,409 ","484,702,487 ",27.63 ,53.33 
,LITE-ON IT,,,,
8114,振樺電子,"108,077,530 ","1,837,727 ",58.75 ,2.92 
,POSIFLEX,,,,
8210,勤誠興業,"3,003,496,750 ","85,605,219 ",33.60 ,73.26 
,CHENBRO,,,,
9912,偉聯科技,"618,014,159 ","32,352,950 ",14.81 ,70.21 
,AIC,,,,
26,光電業類,,,,
,Optoelectronic,,,,
2323,中環,"14,828,914,788 ","2,879,568,327 ",4.92 ,103.54 
,CMC,,,,
2340,光磊,"11,248,349,209 ","840,434,645 ",12.58 ,159.31 
,OPTO,,,,
2349,錸德,"14,140,573,928 ","3,189,692,874 ",4.17 ,120.48 
,RITEK,,,,
2374,佳能,"9,440,921,926 ","334,308,213 ",27.80 ,74.89 
,Ability,,,,
2384,勝華,"175,156,298,186 ","9,397,133,059 ",17.73 ,534.34 
,Wintek Corp.,,,,
2393,億光,"59,323,484,070 ","1,284,520,111 ",49.76 ,306.41 
,Everlight,,,,
2406,國碩,"26,940,841,778 ","1,144,129,413 ",22.19 ,391.86 
,Gigastorage,,,,
2409,友達,"246,959,076,241 ","19,496,473,550 ",12.49 ,220.89 
,AUO,,,,
2426,鼎元,"3,842,940,331 ","342,851,443 ",10.10 ,98.23 
,Tyntek,,,,
2443,新利虹,"532,922,812 ","212,694,855 ",2.33 ,60.09 
,LEADDATA LTD,,,,
2448,晶電,"140,228,622,965 ","2,243,519,876 ",63.06 ,258.57 
,Epistar,,,,
2466,冠西電,"577,435,843 ","23,225,718 ",24.87 ,16.98 
,Cosmo,,,,
2486,一詮,"10,264,705,817 ","495,747,145 ",19.62 ,241.02 
,I-Chiun,,,,
2489,瑞軒,"28,868,339,651 ","1,269,848,615 ",22.80 ,154.61 
,Amtran,,,,
2499,東貝,"30,684,404,910 ","996,968,273 ",29.57 ,299.49 
,UNI,,,,
3008,大立光,"303,805,679,070 ","486,834,457 ",623.06 ,362.93 
,LARGAN,,,,
3019,亞洲光學,"27,672,568,124 ","901,754,381 ",29.17 ,320.85 
,ASIA,,,,
3024,憶聲,"999,410,593 ","116,028,370 ",7.94 ,39.10 
,ACN,,,,
3031,佰鴻,"6,022,596,490 ","269,317,638 ",19.18 ,136.93 
,BRIGHT,,,,
3038,全台,"851,512,983 ","137,709,713 ",5.72 ,60.91 
,EDT,,,,
3049,和鑫,"36,668,027,249 ","2,827,797,324 ",12.13 ,319.89 
,SINTEK,,,,
3050,鈺德,"1,034,458,129 ","161,873,068 ",5.97 ,78.04 
,U-Tech,,,,
3059,華晶科,"9,763,745,159 ","466,730,505 ",20.29 ,117.92 
,Altek,,,,
3061,璨圓,"42,740,657,079 ","1,805,952,874 ",22.32 ,461.83 
,FOREPI,,,,
3080,威力盟,"3,265,914,588 ","217,400,833 ",14.20 ,127.84 
,WELLYPOWER,,,,
3149,正達國際,"86,438,770,418 ","1,009,314,698 ",85.11 ,413.72 
,G-TECH,,,,
3356,奇偶科技,"13,367,541,673 ","108,765,725 ",118.49 ,192.32 
,GeoVision,,,,
3383,新世紀,"19,379,386,336 ","539,032,556 ",30.28 ,193.93 
,GPI,,,,
3406,玉晶光,"332,544,063,587 ","1,404,681,863 ",235.77 ,"1,576.52 "
,GENIUS,,,,
3454,晶睿,"27,742,934,946 ","292,148,197 ",94.23 ,436.29 
,VIVOTEK,,,,
3481,奇美電,"196,724,379,072 ","15,111,666,591 ",12.46 ,204.96 
,CMI,,,,
3504,揚明光,"43,957,720,864 ","430,191,150 ",94.26 ,377.16 
,Young Optics,,,,
3514,昱晶能源,"42,772,643,564 ","1,281,800,570 ",31.76 ,378.27 
,GINTECH,,,,
3535,晶彩科,"1,850,441,463 ","142,987,597 ",11.88 ,181.92 
,Favite,,,,
3536,誠創科技,"638,083,485 ","64,951,968 ",8.84 ,56.03 
,STI,,,,
3557,嘉威光電,"1,688,208,384 ","196,723,874 ",8.14 ,179.75 
,Gamma,,,,
3561,昇陽光電,"39,618,483,211 ","1,411,769,043 ",26.60 ,546.90 
,SEC,,,,
3573,穎台科技,"20,130,510,318 ","404,791,210 ",47.58 ,275.98 
,ENTIRE,,,,
3576,新日光,"61,562,420,031 ","2,725,291,097 ",20.82 ,630.97 
,NSP,,,,
3584,介面光電,"20,348,943,713 ","598,238,053 ",32.22 ,555.71 
,JTOUCH,,,,
3591,艾笛森,"20,978,114,397 ","348,614,615 ",51.38 ,322.29 
,EDISON OPTO,,,,
3593,力銘科技,"653,236,154 ","57,484,523 ",10.89 ,50.98 
,logah,,,,
3599,旺能光電,"2,322,047,234 ","151,943,320 ",13.23 ,97.77 
,DelSolar,,,,
3622,洋華,"36,970,046,400 ","539,536,367 ",67.06 ,358.20 
,YFO,,,,
3669,圓展科技,"768,792,376 ","33,357,539 ",23.78 ,33.95 
,AVI,,,,
3673,F-TPK,"596,972,413,919 ","1,425,768,933 ",417.87 ,506.50 
,"TPK Holding Co., Ltd.",,,,
3698,隆達電子,"23,055,161,489 ","787,711,274 ",28.75 ,199.31 
,Lextar,,,,
4934,太極能源,"3,684,268,691 ","283,147,413 ",12.18 ,144.75 
,Tainergy,,,,
4935,F-茂林,"23,773,782,552 ","507,249,077 ",43.88 ,365.63 
,GLT,,,,
4942,嘉彰,"10,861,355,560 ","261,692,258 ",37.33 ,171.59 
,Chia Chang,,,,
4956,光鋐科技,"8,012,556,512 ","239,475,435 ",29.88 ,238.51 
,Epileds,,,,
4960,奇美材料,"47,050,647,812 ","1,502,243,537 ",30.73 ,321.26 
,CMMT,,,,
4976,佳凌科技,"610,374,993 ","15,601,721 ",38.09 ,15.60 
,CALIN,,,,
5234,達興材料,"4,511,343,940 ","98,555,243 ",47.12 ,110.83 
,DAXIN,,,,
5484,慧友,"432,265,416 ","40,132,535 ",10.25 ,33.87 
,EverFocus,,,,
6120,輔祥,"10,925,722,495 ","602,637,038 ",16.72 ,168.44 
,FORHOUSE,,,,
6131,悠克,"442,972,466 ","35,295,202 ",12.16 ,35.29 
,YOKO,,,,
6164,華興電子,"2,418,085,996 ","163,827,776 ",13.16 ,127.70 
,LEDTECH,,,,
6168,宏齊,"4,476,367,592 ","246,048,960 ",16.05 ,120.90 
,HARVATEK CORPOR,,,,
6176,瑞儀,"196,987,093,084 ","1,552,628,352 ",126.86 ,350.36 
,ROEC,,,,
6209,今國光學,"24,697,912,541 ","595,000,738 ",41.13 ,365.99 
,KINKO,,,,
6226,光鼎電子,"768,847,925 ","96,564,303 ",7.32 ,106.12 
,Para Light,,,,
6278,台表科,"36,892,181,855 ","607,126,326 ",56.89 ,246.09 
,TSMT,,,,
6289,華上,"1,906,870,488 ","314,465,340 ",5.19 ,116.80 
,AOC,,,,
8072,陞泰科技,"4,341,272,229 ","45,406,208 ",92.58 ,45.39 
,AV TECH,,,,
8105,凌巨,"4,621,915,162 ","466,903,579 ",9.31 ,105.75 
,GiantPlus,,,,
8199,廣鎵光電,"3,152,620,347 ","222,862,391 ",13.04 ,43.06 
,HUGA,,,,
8215,明基材料,"7,637,418,281 ","462,129,987 ",13.48 ,144.11 
,BMC,,,,
27,通信網路業類,,,,
,Communications and Internet,,,,
2314,台揚,"13,367,165,967 ","1,111,230,962 ",11.14 ,269.03 
,MTI,,,,
2332,友訊,"11,336,943,286 ","551,729,859 ",19.67 ,85.19 
,D-Link,,,,
2345,智邦,"12,101,836,150 ","719,233,448 ",16.29 ,138.00 
,Accton,,,,
2402,毅嘉,"24,750,718,984 ","1,380,639,420 ",15.94 ,410.71 
,ICHIA,,,,
2412,中華電信,"273,761,967,218 ","2,956,415,887 ",92.22 ,38.12 
,CHT,,,,
2419,仲琦,"8,004,166,693 ","483,362,451 ",15.95 ,268.75 
,Hitron,,,,
2439,美律,"29,262,644,096 ","668,646,486 ",42.51 ,413.06 
,Merry,,,,
2444,友旺,"748,696,883 ","97,211,268 ",7.23 ,77.79 
,Abo-Com,,,,
2450,神腦,"64,213,552,253 ","557,539,703 ",109.71 ,217.53 
,Senao,,,,
2455,全新,"48,498,543,429 ","1,068,415,478 ",43.50 ,461.15 
,VPEC,,,,
2485,兆赫,"15,026,059,472 ","435,850,620 ",30.69 ,137.19 
,Zinwell,,,,
2498,宏達電,"1,205,833,939,556 ","3,523,656,153 ",381.41 ,413.35 
,HTC,,,,
3025,星通,"292,610,093 ","35,740,539 ",8.02 ,49.67 
,Loop,,,,
3027,盛達,"1,445,871,432 ","112,335,036 ",11.34 ,118.50 
,BILLION,,,,
3045,台灣大哥大,"148,787,090,358 ","1,546,087,181 ",98.26 ,45.19 
,TWM,,,,
3047,訊舟,"7,312,745,083 ","570,743,600 ",11.85 ,358.61 
,EDIMAX,,,,
3062,建漢,"11,772,212,618 ","448,523,959 ",24.73 ,137.75 
,CyberTAN,,,,
3311,閎暉,"32,052,595,467 ","475,400,494 ",62.18 ,261.22 
,Silitech,,,,
3380,明泰,"13,132,250,137 ","546,745,207 ",22.16 ,112.51 
,Alpha,,,,
3419,譁裕,"3,346,339,615 ","199,881,848 ",14.57 ,196.25 
,WHAYU,,,,
3596,智易科技,"12,373,732,733 ","321,432,512 ",33.89 ,229.13 
,Arcadyan,,,,
3694,海華,"5,885,364,260 ","202,838,012 ",25.96 ,156.21 
,AzureWave,,,,
3704,合勤控,"7,023,145,441 ","407,347,565 ",15.47 ,81.18 
,Unizyx,,,,
4904,遠傳,"127,000,295,027 ","1,944,795,753 ",66.56 ,59.68 
,Far EasTone,,,,
4906,正文,"17,410,871,096 ","597,322,142 ",28.30 ,194.38 
,Gemtek,,,,
4984,F-科納,"3,675,904,200 ","54,185,368 ",57.43 ,125.15 
,CoAdna,,,,
5388,中磊,"45,913,953,022 ","1,095,043,259 ",41.78 ,582.42 
,SERCOMM,,,,
6136,富爾特,"1,239,545,699 ","44,914,079 ",26.84 ,38.89 
,FTC,,,,
6142,友勁,"1,570,907,984 ","175,796,241 ",7.93 ,64.49 
,CAMEO,,,,
6152,百一,"7,233,358,776 ","275,300,923 ",25.63 ,174.66 
,PRIME,,,,
6216,居易,"2,037,436,732 ","93,239,372 ",19.43 ,125.15 
,Draytek Corp.,,,,
6283,淳安電子,"1,245,369,355 ","131,980,698 ",8.78 ,146.48 
,SOE,,,,
6285,啟碁,"47,219,497,995 ","803,055,364 ",55.77 ,276.29 
,WNC,,,,
8011,台通光電,"13,085,894,727 ","318,637,767 ",37.82 ,457.61 
,TTCC,,,,
8078,華寶通訊,"165,723,647,667 ","4,168,430,382 ",39.44 ,685.91 
,CCI,,,,
8101,華冠,"26,583,317,418 ","1,325,585,508 ",17.68 ,354.22 
,Arima Comm.,,,,
28,電子零組件業類,,,,
,Electronic Parts & Components,,,,
1471,首利,"2,800,197,925 ","226,168,897 ",11.02 ,112.26 
,SL,,,,
1582,信錦,"11,899,184,921 ","253,973,697 ",45.27 ,185.64 
,SYNCMOLD,,,,
2059,川湖,"31,525,384,593 ","189,297,648 ",168.15 ,205.24 
,king slide,,,,
2308,台達電,"163,475,871,099 ","1,776,640,765 ",94.37 ,73.78 
,Delta Electronics,,,,
2313,華通,"39,541,765,493 ","3,123,242,100 ",12.29 ,262.05 
,COMPEQ MFG.,,,,
2316,楠梓電,"3,399,179,309 ","254,939,183 ",13.09 ,74.79 
,WUS,,,,
2327,國巨,"11,856,081,573 ","1,323,498,697 ",8.81 ,60.01 
,Yageo,,,,
2328,廣宇,"23,094,898,706 ","804,460,828 ",27.91 ,157.92 
,Pan-International,,,,
2355,敬鵬,"20,682,777,582 ","688,351,123 ",29.21 ,173.17 
,Chin-Poon,,,,
2367,燿華,"10,303,050,726 ","821,644,659 ",11.16 ,147.97 
,Unitech,,,,
2368,金像,"3,724,476,251 ","515,155,355 ",6.82 ,91.19 
,GCE,,,,
2375,智寶,"403,466,374 ","85,682,929 ",4.27 ,44.56 
,Teapo,,,,
2383,台光電,"22,384,959,515 ","823,525,203 ",27.05 ,273.80 
,EMC,,,,
2392,正崴,"85,531,277,454 ","1,306,563,567 ",64.05 ,269.81 
,FOXLINK,,,,
2413,環科,"357,571,526 ","43,137,728 ",7.94 ,33.86 
,UMEC,,,,
2415,錩新,"949,956,183 ","73,003,120 ",12.34 ,88.81 
,Cx Tech,,,,
2420,新巨,"3,177,203,581 ","135,893,777 ",22.39 ,88.87 
,Zippy,,,,
2421,建準,"4,153,150,221 ","188,482,833 ",20.34 ,73.25 
,Sunon,,,,
2428,興勤,"3,075,912,526 ","105,024,177 ",28.71 ,82.63 
,TKS,,,,
2431,聯昌,"605,102,673 ","70,788,078 ",7.48 ,63.81 
,Lien Chang,,,,
2437,旺詮,"560,768,997 ","17,133,273 ",31.10 ,28.19 
,Ralec,,,,
2440,太空梭,"216,586,449 ","36,352,274 ",5.64 ,26.14 
,Space Shuttle,,,,
2456,奇力新,"3,842,982,647 ","236,284,752 ",15.66 ,154.10 
,Chilisin,,,,
2457,飛宏,"20,657,291,085 ","613,868,365 ",30.71 ,222.34 
,Phihong,,,,
2460,建通,"427,336,807 ","31,292,351 ",13.28 ,18.22 
,Gem,,,,
2462,良得電,"3,291,549,449 ","103,177,893 ",31.31 ,122.68 
,LINETEK,,,,
2467,志聖,"3,305,244,775 ","157,910,368 ",20.11 ,100.66 
,C Sun,,,,
2472,立隆電,"2,236,683,594 ","144,957,905 ",13.90 ,97.28 
,LEION,,,,
2476,鉅祥,"2,133,089,986 ","123,499,696 ",16.47 ,50.54 
,GS,,,,
2478,大毅,"1,014,839,607 ","53,576,119 ",18.38 ,22.42 
,Ta-I,,,,
2483,百容,"202,834,940 ","17,187,090 ",11.34 ,15.16 
,ECE,,,,
2484,希華,"2,289,851,613 ","207,378,502 ",9.75 ,131.70 
,Siward,,,,
2492,華新科,"3,672,253,074 ","437,964,040 ",7.74 ,63.47 
,WTC,,,,
2493,揚博,"10,774,393,110 ","409,966,423 ",25.68 ,358.25 
,AMPOC,,,,
3003,健和興,"2,904,158,522 ","115,764,421 ",24.10 ,82.61 
,KST,,,,
3011,今皓,"2,183,088,933 ","239,523,156 ",8.50 ,212.50 
,JH,,,,
3015,全漢,"2,761,729,143 ","99,134,728 ",26.94 ,43.27 
,SPI,,,,
3023,信邦,"6,936,861,120 ","283,283,666 ",24.08 ,154.92 
,SINBON,,,,
3026,禾伸堂,"2,975,259,941 ","109,024,279 ",26.47 ,34.04 
,HOLY  STONE,,,,
3032,偉訓,"189,740,073 ","22,422,988 ",8.15 ,21.71 
,COMPUCASE,,,,
3037,欣興,"69,539,818,579 ","2,022,786,172 ",33.78 ,131.47 
,Unimicron,,,,
3042,晶技,"26,414,639,394 ","566,611,748 ",45.81 ,187.46 
,TXC,,,,
3044,健鼎,"60,321,316,238 ","810,515,639 ",76.91 ,154.21 
,Tripod,,,,
3058,立德,"2,551,015,539 ","183,314,545 ",13.06 ,121.57 
,Leader,,,,
3090,日電貿,"971,986,563 ","36,762,928 ",24.98 ,34.17 
,NDB,,,,
3229,晟鈦,"250,134,663 ","30,483,527 ",7.79 ,51.08 
,CHEER TIME,,,,
3296,勝德,"4,920,603,199 ","209,245,182 ",22.25 ,186.63 
,POWERTECH,,,,
3308,聯德電子,"105,262,531 ","13,626,076 ",7.21 ,13.65 
,BESTEC,,,,
3376,新日興,"50,102,438,604 ","560,245,394 ",87.78 ,350.96 
,SZS,,,,
3432,台端,"467,063,129 ","40,230,265 ",10.49 ,61.30 
,TAI TWUN,,,,
3501,維熹科技,"2,580,023,323 ","59,967,038 ",41.02 ,53.91 
,Well Shin,,,,
3533,嘉澤,"19,212,420,555 ","225,549,197 ",81.43 ,241.28 
,LOTES,,,,
3550,聯穎,"340,873,128 ","25,105,058 ",12.83 ,29.53 
,CTC,,,,
3605,宏致電子,"8,158,057,590 ","158,654,174 ",46.78 ,127.71 
,ACES,,,,
3607,谷崧精密,"9,521,582,704 ","189,246,766 ",48.30 ,169.39 
,Coxon,,,,
3645,達邁科技,"10,611,714,983 ","250,380,838 ",38.98 ,220.02 
,TMT,,,,
3653,健策,"22,550,525,138 ","254,466,173 ",82.45 ,245.38 
,JENTECH,,,,
3679,新至陞科技,"5,264,055,600 ","74,033,710 ",63.63 ,91.22 
,Nishoku,,,,
4958,F-臻鼎,"67,138,016,736 ","772,883,836 ",88.22 ,112.02 
,ZDT,,,,
5469,瀚宇博德,"5,327,215,161 ","356,866,259 ",14.54 ,74.69 
,Board,,,,
6108,競國實業,"3,746,956,630 ","173,422,507 ",21.05 ,108.47 
,APCB INC.,,,,
6115,鎰勝,"2,043,182,625 ","46,919,962 ",41.71 ,28.61 
,I-SHENG,,,,
6133,金橋,"187,640,354 ","23,481,874 ",7.89 ,22.54 
,Golden Bridge,,,,
6141,柏承科技,"543,872,895 ","38,608,099 ",13.24 ,28.11 
,Plotech,,,,
6153,嘉聯益,"72,370,123,745 ","1,565,790,660 ",45.07 ,482.26 
,Career Tech.,,,,
6155,鈞寶電子,"186,695,308 ","9,627,338 ",18.98 ,11.91 
,KC,,,,
6165,捷泰,"160,244,140 ","35,116,212 ",4.25 ,36.98 
,JTT,,,,
6191,精成科技,"4,192,840,810 ","294,762,810 ",12.80 ,58.02 
,GBM,,,,
6205,詮欣,"361,004,459 ","22,429,442 ",16.03 ,30.93 
,COXOC,,,,
6213,聯茂,"9,634,821,947 ","297,000,481 ",31.47 ,95.53 
,ITEQ,,,,
6224,聚鼎科技,"6,547,228,000 ","116,102,375 ",54.50 ,145.94 
,PTTC.,,,,
6251,定穎電子,"2,711,318,661 ","232,299,117 ",10.51 ,80.71 
,DYNAMIC,,,,
6269,台郡,"166,631,201,299 ","1,465,475,912 ",115.96 ,807.51 
,FLEXIUM,,,,
6282,康舒,"20,287,153,108 ","1,084,007,659 ",18.49 ,212.30 
,AcBel,,,,
8039,台虹,"27,891,038,002 ","697,614,186 ",39.02 ,344.93 
,TAIFLEX,,,,
8046,南電,"24,092,532,616 ","456,784,985 ",51.47 ,70.70 
,N.P.C.,,,,
8103,瀚荃,"6,603,608,804 ","155,511,032 ",41.86 ,219.29 
,CviLux,,,,
8163,達方電子,"10,798,235,519 ","497,576,137 ",20.57 ,156.02 
,DARFON,,,,
8213,志超,"40,837,482,696 ","1,064,406,725 ",37.39 ,430.76 
,tpt,,,,
8249,菱光科技,"1,779,394,837 ","106,797,604 ",15.76 ,84.05 
,CSI,,,,
29,電子通路業類,,,,
,Electronic Products Distribution,,,,
2347,聯強,"78,486,648,781 ","1,183,885,344 ",67.13 ,75.21 
,Synnex,,,,
2359,所羅門,"686,942,227 ","60,505,287 ",10.73 ,32.18 
,Solomon,,,,
2414,精技,"693,730,213 ","45,828,929 ",14.85 ,28.33 
,UTE,,,,
2430,燦坤,"6,067,597,606 ","91,918,998 ",63.84 ,54.89 
,TKE,,,,
2459,敦吉,"1,549,656,532 ","57,191,280 ",25.87 ,39.44 
,Audix,,,,
3010,華立,"4,345,283,243 ","108,755,914 ",39.20 ,47.01 
,Wahlee,,,,
3028,增你強,"4,288,863,709 ","200,376,708 ",20.16 ,93.96 
,Zenitron,,,,
3033,威健,"2,587,112,454 ","109,766,509 ",22.77 ,44.99 
,WEIKENG,,,,
3036,文曄,"17,638,259,221 ","429,657,174 ",38.73 ,132.51 
,Wintech,,,,
3040,遠見,"1,082,767,192 ","69,706,668 ",14.52 ,67.11 
,GV,,,,
3048,益登,"353,674,144 ","35,007,884 ",9.70 ,21.72 
,EDOM,,,,
3055,蔚華科,"359,827,075 ","28,314,229 ",12.33 ,21.65 
,SPIROX,,,,
3209,全科科技,"2,895,299,495 ","115,019,724 ",23.56 ,129.04 
,ALLTEK,,,,
3312,弘憶股,"937,644,059 ","75,958,006 ",11.06 ,87.14 
,G.M.I,,,,
3315,宣昶,"2,043,634,304 ","78,266,579 ",22.82 ,111.34 
,MAXTEK,,,,
3702,大聯大,"50,714,375,698 ","1,341,751,070 ",37.42 ,82.02 
,WPG,,,,
5434,崇越,"9,643,093,813 ","189,586,994 ",49.05 ,127.35 
,TOPCO,,,,
6119,大傳,"363,381,180 ","20,278,288 ",17.34 ,12.84 
,TECO_ENT,,,,
6189,豐藝,"2,437,247,216 ","104,525,098 ",23.19 ,58.00 
,Promate,,,,
6281,全國電,"2,650,703,806 ","41,519,580 ",63.64 ,41.86 
,E-LIFE MALL,,,,
8070,長華電材,"3,990,508,942 ","48,047,912 ",77.51 ,71.75 
,CHANG WAH,,,,
8112,至上,"8,933,762,104 ","508,269,744 ",14.96 ,290.24 
,Supreme,,,,
30,資訊服務業類,,,,
,Information Service,,,,
2427,三商電,"2,906,984,881 ","252,976,218 ",10.26 ,132.94 
,MDS,,,,
2453,凌群,"1,461,157,739 ","122,417,309 ",11.07 ,122.43 
,SYSCOM,,,,
2468,華經,"296,406,289 ","25,523,987 ",10.61 ,36.39 
,FIS,,,,
2471,資通,"1,836,079,200 ","100,930,890 ",17.27 ,213.59 
,ARES,,,,
2480,敦陽科,"6,739,067,966 ","249,513,736 ",26.06 ,187.67 
,Stark,,,,
3021,衛展資訊,"332,365,168 ","23,161,767 ",13.26 ,60.75 
,WELLTEND,,,,
3029,零壹,"3,228,334,940 ","176,042,558 ",16.50 ,185.81 
,ZERO ONE,,,,
3130,一零四,"622,719,700 ","8,115,263 ",76.06 ,23.87 
,104 CORPORATION,,,,
5203,訊連,"10,640,381,457 ","111,576,850 ",91.96 ,118.25 
,CyberLink,,,,
6112,聚碩,"4,459,252,304 ","157,694,585 ",27.26 ,209.58 
,SYSAGE,,,,
6183,關貿網路,"2,483,275,021 ","120,753,863 ",19.83 ,80.50 
,TRADE-VAN,,,,
6214,精誠,"1,643,144,950 ","51,532,450 ",31.36 ,19.87 
,SYSTEX,,,,
31,其他電子業類,,,,
,Other Electronic,,,,
2312,金寶,"2,819,008,769 ","397,050,654 ",6.76 ,27.22 
,Kinpo Electronics,,,,
2317,鴻海,"963,562,343,360 ","10,423,266,047 ",92.08 ,93.36 
,Hon Hai,,,,
2354,鴻準,"342,845,557,862 ","3,077,231,844 ",109.34 ,256.88 
,FoxconnTechnology,,,,
2360,致茂,"11,638,175,969 ","179,941,677 ",65.47 ,47.77 
,Chroma,,,,
2371,大同,"24,034,505,642 ","3,210,571,929 ",7.43 ,137.25 
,Tatung,,,,
2373,震旦行,"2,202,345,209 ","46,841,599 ",46.32 ,13.87 
,Aurora,,,,
2390,云辰,"5,255,952,922 ","446,909,948 ",9.22 ,207.56 
,Everspring,,,,
2404,漢唐,"7,007,396,849 ","245,704,973 ",26.91 ,103.13 
,UIS,,,,
2423,固緯,"436,498,409 ","20,903,734 ",19.22 ,18.62 
,GW,,,,
2433,互盛電,"1,681,724,899 ","47,320,694 ",33.12 ,32.74 
,ASC,,,,
2461,光群雷,"1,855,574,496 ","163,397,059 ",10.83 ,120.30 
,K Laser,,,,
2464,盟立,"1,338,484,608 ","62,213,478 ",21.17 ,34.64 
,Mirle,,,,
2477,美隆電,"398,108,340 ","37,502,519 ",10.34 ,14.47 
,Meiloon,,,,
2482,連宇,"444,643,654 ","39,723,914 ",10.65 ,64.01 
,UIC,,,,
2488,漢平,"253,506,475 ","24,881,956 ",9.88 ,31.10 
,Hanpin,,,,
2495,普安,"2,371,445,571 ","101,023,378 ",21.27 ,35.53 
,Infortrend,,,,
2497,怡利電,"9,812,596,686 ","285,317,752 ",32.09 ,256.31 
,E-LEAD,,,,
3018,同開,"453,126,286 ","30,899,148 ",13.44 ,70.25 
,TUNG KAI,,,,
3030,德律,"19,455,247,468 ","432,672,620 ",44.05 ,196.76 
,TRI,,,,
3043,科風,"12,839,059,219 ","770,520,763 ",14.37 ,395.23 
,PCM,,,,
3052,夆典,"2,183,842,871 ","202,796,581 ",10.25 ,104.55 
,APEX,,,,
3305,昇貿科技,"3,284,832,589 ","84,736,357 ",35.96 ,71.28 
,SHENMAO,,,,
3450,聯鈞,"20,382,439,995 ","441,097,147 ",42.67 ,575.53 
,ELASER,,,,
3518,柏騰,"2,373,298,700 ","66,159,443 ",32.93 ,80.51 
,PT TECH.,,,,
3617,碩天,"2,871,324,613 ","50,889,367 ",53.14 ,64.45 
,CyberPower,,,,
3665,F-貿聯,"2,171,849,518 ","66,613,084 ",30.11 ,98.20 
,BHI,,,,
5225,東科控股,"1,433,375,597 ","22,541,041 ",64.51 ,37.11 
,KYET,,,,
6139,亞翔,"1,691,563,190 ","54,640,984 ",29.63 ,29.02 
,L & K,,,,
6192,巨路,"11,570,823,667 ","184,415,270 ",61.79 ,167.52 
,LUMAX,,,,
6196,帆宣,"5,714,958,061 ","273,804,445 ",18.90 ,166.79 
,MIC,,,,
6197,佳必琪,"7,107,080,112 ","237,475,932 ",27.75 ,136.91 
,JPC,,,,
6201,亞弘電,"307,916,946 ","11,153,510 ",27.36 ,12.52 
,YAHORNG,,,,
6215,和椿,"413,605,998 ","30,652,019 ",12.59 ,37.04 
,Aurotek,,,,
8021,尖點,"2,287,721,919 ","121,921,847 ",18.24 ,78.66 
,Topoint,,,,
8201,無敵科技,"3,188,479,715 ","154,116,556 ",17.23 ,172.97 
,BESTA,,,,
20,其他類,,,,
,Others,,,,
1435,中福國際,"1,430,698,045 ","228,506,233 ",4.63 ,163.47 
,C.F.CORP.,,,,
2062,橋椿金屬,"427,244,290 ","14,321,001 ",29.99 ,8.77 
,SSM,,,,
2514,龍邦國際,"10,034,313,738 ","541,449,598 ",15.88 ,105.25 
,LONG BON,,,,
2904,匯僑,"3,843,105,742 ","139,721,818 ",26.76 ,202.39 
,POC,,,,
5871,F-中租,"75,219,715,394 ","1,567,664,155 ",47.11 ,190.76 
,Chailease,,,,
6184,大豐電,"2,003,234,925 ","34,640,514 ",57.36 ,46.65 
,DAH FUNG CATV,,,,
8033,雷虎,"356,309,443 ","41,002,328 ",8.22 ,47.40 
,TT,,,,
8404,F-百和,"1,005,564,714 ","59,082,879 ",14.76 ,27.44 
,PAIHO SHIH,,,,
8411,F-福貞,"884,284,529 ","15,169,880 ",55.61 ,21.83 
,KINGCAN,,,,
8422,可寧衛,"28,096,932,613 ","136,735,656 ",202.87 ,125.57 
,Cleanaway,,,,
8427,F-基勝,"3,115,319,530 ","40,297,175 ",72.22 ,42.49 
,KEYSHEEN,,,,
9802,F-鈺齊,"875,708,082 ","33,025,788 ",26.23 ,27.83 
,Fulgent Sun,,,,
9902,台火開發,"579,147,104 ","54,855,119 ",9.79 ,55.93 
,Tidehold,,,,
9904,寶成工業,"42,295,922,526 ","1,507,752,299 ",27.24 ,51.33 
,Pou Chen,,,,
9905,大華金屬,"4,987,519,377 ","141,042,194 ",34.79 ,46.26 
,GCM,,,,
9906,興達,"2,370,501,013 ","61,729,766 ",31.18 ,313.50 
,Corner,,,,
9907,統一實業,"12,790,714,774 ","777,144,249 ",16.13 ,49.21 
,Ton Yi,,,,
9910,豐泰企業,"2,652,906,653 ","86,757,870 ",29.65 ,16.36 
,FT,,,,
9911,台灣櫻花,"4,795,417,983 ","281,692,265 ",16.13 ,101.91 
,Taiwan Sakura,,,,
9914,美利達,"60,319,574,228 ","566,699,964 ",105.46 ,215.17 
,MIC,,,,
9917,中保,"5,266,576,254 ","86,484,624 ",61.64 ,19.45 
,Taiwan Secom,,,,
9919,康那香,"1,426,448,617 ","98,458,318 ",13.67 ,49.96 
,KNH,,,,
9921,巨大機械,"25,345,453,085 ","176,612,548 ",143.90 ,47.08 
,Giant Mfg.,,,,
9924,臺灣福興,"2,758,713,584 ","132,429,237 ",20.96 ,70.27 
,Taiwan Fu Hsing,,,,
9925,新保,"5,063,521,516 ","168,513,558 ",30.67 ,44.38 
,SKS,,,,
9927,泰銘,"1,239,913,959 ","43,046,693 ",28.24 ,21.10 
,TMI,,,,
9928,中國電視,"1,570,280,720 ","83,851,491 ",16.81 ,63.19 
,CTV,,,,
9929,秋雨創新,"251,716,050 ","60,288,664 ",3.40 ,40.42 
,CHOICE,,,,
9930,中聯資源,"1,896,323,867 ","41,986,636 ",45.62 ,18.58 
,CHC,,,,
9933,中鼎,"29,192,905,684 ","531,628,717 ",54.23 ,74.23 
,CTCI Corp.,,,,
9934,成霖,"3,901,407,560 ","196,607,859 ",18.90 ,65.09 
,Globo,,,,
9935,慶豐富,"449,774,751 ","66,783,614 ",6.50 ,56.10 
,Ching Feng,,,,
9938,百和,"2,194,174,440 ","101,261,112 ",20.35 ,34.78 
,Taiwan Paiho,,,,
9939,宏全,"20,110,116,800 ","307,157,848 ",65.11 ,118.21 
,Hon Chuan,,,,
9940,信義,"3,688,806,524 ","88,087,543 ",41.56 ,19.53 
,Sinyi Realty,,,,
9941,裕融,"22,090,949,164 ","337,924,600 ",64.59 ,143.31 
,TAC,,,,
9942,茂順,"1,470,135,134 ","29,092,491 ",49.78 ,34.97 
,MAO SHUN,,,,
9943,好樂迪,"5,563,828,245 ","115,676,890 ",46.63 ,78.54 
,Holiday,,,,
9944,新麗,"504,104,775 ","24,738,538 ",19.85 ,25.48 
,Shinih,,,,
9945,潤泰新,"92,233,155,923 ","2,039,124,700 ",46.93 ,208.16 
,RUENTEX DEVELOP,,,,
9955,佳龍,"1,057,251,340 ","37,680,399 ",27.26 ,35.30 
,SDTI,,,,
,全額交割股票,"45,056,162,984 ","14,035,074,508 ",-,-
,Stocks Requiring Full Delivery,,,,
1438,裕豐,"17,810,516 ","7,112,530 ",2.38 ,6.95 
,Yu Foung,,,,
1449,佳和實業,"21,249,225 ","10,408,134 ",2.08 ,5.57 
,CHIA HER,,,,
1456,怡華,"146,101,251 ","91,828,308 ",1.76 ,19.01 
,I-HWA,,,,
1516,川飛,"25,915,239 ","4,868,393 ",5.69 ,17.84 
,FALCON,,,,
1529,樂士,"37,894,661 ","17,009,690 ",2.26 ,10.64 
,LUXE,,,,
2008,高興昌,"1,145,269,633 ","167,371,698 ",5.63 ,6.89 
,KHC,,,,
2321,東訊,"62,359,099 ","23,319,032 ",2.33 ,7.84 
,Tecom,,,,
2348,力廣,"14,169,149 ","5,384,513 ",2.26 ,15.65 
,Veutron,,,,
2361,鴻友,"8,702,815 ","4,133,632 ",1.99 ,5.71 
,Mustek,,,,
2408,南科,"1,833,266,193 ","802,622,774 ",2.34 ,19.91 
,NTC,,,,
2429,銘旺科,"1,027,259 ","145,427 ",6.48 ,0.72 
,PWT,,,,
2438,英誌,"23,511,159 ","12,095,223 ",1.99 ,15.26 
,Enlight,,,,
2475,華映,"6,033,230,097 ","3,521,296,622 ",1.23 ,54.34 
,CPT,,,,
2491,吉祥全,"91,643,123 ","23,686,478 ",3.18 ,37.62 
,Infodisc,,,,
2496,卓越成功,"135,898,433 ","18,724,560 ",9.08 ,35.64 
,SPC,,,,
2540,金尚昌,"369,917 ","61,305 ",6.16 ,0.87 
,Jin Shang Chang,,,,
3051,力特,"71,177,046 ","31,830,361 ",2.02 ,11.90 
,Optimax,,,,
3474,華亞科,"18,577,015,371 ","3,017,759,981 ",5.84 ,65.01 
,Inotera,,,,
6116,彩晶,"16,714,708,367 ","6,249,726,575 ",2.53 ,127.41 
,HannStar,,,,
6172,互億,"34,824,278 ","8,099,098 ",4.24 ,17.37 
,Billionton,,,,
6225,天瀚,"60,020,153 ","17,590,174 ",3.56 ,19.58 
,AIPTEK,,,,
