櫃檯買賣股票成交資料彙總表  The Trading Summary of Listed Stocks,,,,,,,,,,,,,,
"101年9月 Sep., 12",,,,,,,,,,,,,,
"1. 櫃檯買賣股票月總成交值： 220,082,180,630元",,,,,,"3. 櫃檯買賣月總成交筆數： 2,622,381筆",,,,,,,,
     Total Trading Value of Listed Stocks（NTD）,,,,,,     Number of Transactions,,,,,,,,
"2. 櫃檯買賣股票月總成交量： 5,948,460,931股",,,,,,4. 成交量週轉率： 9.18%（以上櫃股數計算）,,,,,,,,
     Total Trading Volume of Listed Stocks（Share）,,,,,,     Turnover Rate,,,,,,,,
"代 號
 Code",股 票 名 稱Name of　　　 Stock,總  成  交  值　　　　（ 元 ）　　　　Total Trading Value　　　　　　　（NTD）,"總  成  交  量
（ 股 ）　　　Total Trading Volume　　　　　（Share）","總 成 交 筆 數
（ 筆 ）　　
Total Transactions",       成　　交　　價　　（元 / 股）　　　　  　　Average Price （NTD / Share）,,,,月底收盤價    .End of       Month," 本益比      P/E 　　
Ratio",平均殖利率（%）　　Average Yield, 週轉率（%）　 　Turnover Rate, 淨值比（%）　　PBR,
,,,,,平　均Average,最　高Highest,最　低   Lowest,"收市平均Cls. Avg. 
Price",,,,,,
1256,F-鮮活  ,656512072,8063781,6101,81.41,95,69.6,82.59,76.8,16.1,1.45,45.71,4.1,
1258,F-其祥  ,16825110,565130,326,29.77,31.05,27.35,29.57,27.85,9.88,7.89,1.66,1.56,
4205,恆義食品,22077980,626124,426,35.26,36,34.5,35.37,35.7,16.76,5.6,0.95,2.25,
4207,環泰企業,140315145,11194113,3023,12.53,13.15,12.2,12.53,12.55,13.21,2.07,8.39,1,
4712,南璋    ,91567887,2333502,1557,39.24,41.3,37.8,39.16,39.3,6.72,4.42,3.41,2.41,
4303,信立    ,72332574,8257390,2472,8.75,10.05,7.51,8.38,7.7,N/A,0,11.8,0.85,
4304,勝昱科技,6559717,763826,338,8.58,9.4,8.09,8.53,8.33,N/A,0,1.28,0.81,
4305,世坤塑膠,19129618,829823,503,23.05,23.95,21.75,22.87,22.2,12.07,4.95,1.51,1.61,
6508,惠光    ,171216389,5579670,2938,30.68,32.1,29.15,30.34,29.55,12.36,5.07,7.52,1.36
8354,冠郝企業,82434868,6473201,2166,12.73,13.6,11.6,12.4,11.6,2.72,6.89,11.71,0.61
9950,萬國通路,5805010,305151,200,19.02,19.8,18.2,18.98,19.75,15.43,6.02,0.69,1.3
4401,東隆興業,122573602,4815804,1674,25.45,26.5,24.55,25.35,25.05,10.27,8.78,4,1.59
4402,福大材料,4844762,640348,218,7.56,8,7.2,7.59,7.56,N/A,0,0.93,1.08
4406,新昕纖維,5889031,873539,331,6.74,7.35,6.21,6.5,6.96,N/A,7.18,1.68,0.59
4413,飛寶動能,53248,16731,19,3.18,3.76,2.56,3,3.28,N/A,0,0.04,16.4
4417,金洲製網,55638713,3143489,1367,17.69,18.55,17.05,17.57,17.8,11.13,5.05,4.42,1.06
4419,松懋工業,34324157,3234054,1561,10.61,11.85,8.9,9.8,9.68,N/A,0,8.23,1.28
4420,光明    ,5782556,305155,158,18.94,19.45,18.8,19.03,19,25.68,7.1,1.02,1.09
4429,聚紡    ,15111769,459542,306,32.88,34,32,32.92,32.85,15.5,9.74,1.34,1.09
1558,伸興工業,175668011,1760168,1598,99.8,101.5,98.3,99.68,99.3,7.89,8.05,3.41,2.3
1566,捷邦國際,200615220,5858639,3200,34.24,35.7,32,33.58,35.45,48.56,2.25,13.95,2.81
1570,力肯實業,8023917,1152599,443,6.96,7.35,6.58,6.93,6.94,N/A,0,2.24,0.97
1580,新麥企業,527219467,4287306,3104,122.97,129.5,114,121.9,125,12.07,6,10.03,4.79
1586,和勤    ,85047581,4201016,1545,20.24,21.65,19.25,20.11,19.8,56.57,2.52,9.01,0.91
1591,F-駿吉  ,31569091,928911,505,33.98,36.5,31.8,33.62,33.4,10.95,2.99,4.56,2.46
2233,宇隆    ,247146863,3634663,2590,67.99,70.9,65,67.65,65.6,13.33,6.09,9.7,2.52
3162,精確    ,34304358,3122476,719,10.98,11.45,10.2,10.89,11.1,N/A,1.44,5.52,1.03
3379,彬台    ,99275550,2041554,1668,48.62,50.5,46.5,48.59,46.55,7.1,8.59,6.21,2.41
4502,源恆工業,5197683,891443,323,5.83,6.2,5.25,5.9,5.86,N/A,0,1.51,0.69
4503,金雨企業,4826532,793473,249,6.08,6.81,5.3,6.06,6.6,N/A,0,2.16,1.02
4506,崇友實業,188533768,10687871,3399,17.63,18.6,16.7,17.58,17.4,11.37,5.74,5.43,1.06
4510,高鋒工業,13587699,1386806,737,9.79,9.97,9.66,9.79,9.8,17.19,8.16,1.6,0.74
4513,福裕事業,45305575,4070745,1580,11.12,11.35,10.9,11.11,10.9,8.2,0,5.29,0.96
4523,永彰機電,273538767,8214510,5051,33.29,35.35,30,33.35,34.7,33.05,2.01,12.84,1.19
4527,方土霖  ,47573741,2700188,980,17.61,18.35,16.9,17.6,17.95,7.84,6.07,4.74,1.29
4528,江興鍛壓,78455480,3837098,1708,20.44,21.15,19.9,20.29,19.95,7.5,7.51,5.48,1.16
4529,雷風    ,6062833,445822,238,13.59,13.95,13.3,13.72,13.4,N/A,0,0.85,1.22
4530,宏易精密,8960982,2646316,702,3.38,3.77,2.4,3.14,3.38,N/A,0,2.65,0.56
4533,協易機械,108989612,9539859,3165,11.42,11.85,11.05,11.36,11.15,8.71,7.71,6.65,0.77
4534,慶騰精密,1876185,233500,130,8.03,8.82,7.6,8.24,7.85,N/A,6.36,0.35,0.79
4535,至興精機,49807786,1171751,782,42.5,43.2,41.9,42.49,42.4,9.3,7.07,1.55,1.58
6122,擎邦國際,30260772,2227472,997,13.58,13.9,13.4,13.59,13.65,22.38,7.32,3.24,0.84
6603,富強鑫  ,124088960,7834701,3459,15.83,17.1,14.8,15.53,15.1,16.78,6.62,7,0.94
6609,瀧澤科技,41943242,2140202,970,19.59,20.05,19.25,19.54,19.35,6.6,7.75,3.01,0.92
8083,瑞穎    ,98706739,1556176,973,63.42,67.3,58.8,63.2,63.9,12.22,4.69,5.16,3.91
8255,朋程    ,226532807,3121199,2418,72.57,75.4,70.5,72.9,72.6,13.6,6.19,4.17,2.36
8996,高力    ,245681074,6742818,4143,36.43,38.4,32,35.45,35.2,17.6,4.26,9.65,1.81
9951,皇田工業,254400180,6278059,3404,40.52,42.5,36.4,40.76,41,9.56,6.09,8.38,2.88
2061,風青    ,28603145,944566,402,30.28,31.5,29,30.22,29,N/A,3.44,2.33,2.32
4609,唐鋒實業,182747412,10744148,5334,17,19,14.1,16,14.1,N/A,6.8,22.41,1.22
2035,唐榮公司,230838485,7293925,3664,31.64,34.9,27.1,30,31.85,35.39,0,2.08,1.47
2063,世鎧精密,17859648,747743,532,23.88,25.5,22.05,23.87,24,12.37,12.5,1.81,1.5
5009,榮剛材料,2430661239,86899781,32629,27.97,29.05,26.95,27.95,28.3,10.48,5.19,20.6,1.45
5011,久陽精密,181941165,6641383,214,27.39,30.2,26.8,28.02,26.9,6.58,0,20.36,2.07
5013,強新工業,60293150,5063924,1566,11.9,12.65,11.1,11.67,12.2,10.8,5.73,5.09,0.8
5014,建錩實業,17707916,2447608,844,7.23,7.76,6.85,7.18,7.66,N/A,3.91,1.46,0.61
5015,華祺工業,14576975,1105779,499,13.18,13.7,12.6,13.1,13.45,49.81,11.15,1.82,0.94
5016,松和工業,24512975,970432,388,25.25,26.25,23.75,24.93,24,9.16,10.41,1.96,1.21
8349,友信    ,17041859,615601,447,27.68,29.1,25.15,27.65,26.85,11.38,6.66,0.89,1.72
8930,青鋼金屬,15925971,1385694,401,11.49,12.05,10.4,11.3,11.9,62.63,8.15,2.43,0.93
9962,有益鋼鐵,21546587,1940708,691,11.1,11.85,10.15,10.96,11.35,N/A,7.04,2.15,1.1
5102,富強輪胎,47436665,2691395,819,17.62,19.05,16,16.86,16.85,17.37,7.12,4.2,1.22
2596,綠意開發,12517857,716205,424,17.47,18.2,16.55,17.42,17.35,13.45,5.76,1,1.23
3266,昇陽開發,286312360,14246380,5195,20.09,22.85,15.4,18.92,22.1,92.08,3.61,11.57,1.69
4113,聯上實業,230941133,10688236,4365,21.6,22.8,20.8,21.45,21.35,11.42,6.46,16.2,1.39
4416,三圓建設,634369977,4556576,3524,139.22,153,109.5,133.67,127,6.33,3.54,7.59,3.13
5213,亞昕    ,1044341547,40210654,12008,25.97,27.45,23.5,25.76,25.25,12.69,9.86,14.73,1.34
5324,士林開發,21190916,642437,550,32.98,34.6,31.6,32.75,31.8,5.52,12.57,1.01,1.71
5505,和旺建設,332654675,12221754,5063,27.21,29.65,24,27.16,25.6,N/A,5.03,9.41,1.41
5506,長鴻營造,44135473,5439072,1638,8.11,8.69,7.67,8.01,8,200,0,3.45,0.68
5508,永信建設,1925724631,35981688,14605,53.51,57.4,47.5,51.7,49.2,5.21,3.37,19.86,2.03
5511,德昌營造,456453437,14363940,5704,31.77,32.95,30,31.85,31.9,4.44,9.4,12.13,1.34
5512,力麒建設,2325877959,152213462,34719,15.28,16.15,13.9,15.01,14.7,10.14,6.8,23.92,0.82
5514,三豐建設,36804603,1683509,837,21.86,23.5,20.9,21.68,20.95,9.31,8.11,1.26,1.34
5516,雙喜    ,20718749,1391267,766,14.89,15.6,14.2,14.88,14.85,4.07,3.36,3.63,0.95
5519,隆大營建,568216746,16322957,8157,34.81,40.8,29.05,34.25,29.3,6.96,16.1,13.6,1.6
5520,力泰建設,2838963,130060,111,21.82,22.7,21.4,21.79,21.8,13.63,6.19,0.18,0.86
5521,工信    ,506167534,55517641,10874,9.11,9.84,8.1,9,9.5,13.01,5.26,15.98,0.79
5523,宏都建設,16554014,1851605,662,8.94,9.25,8.3,8.84,9.05,N/A,0,1.05,1.02
5529,志嘉建設,21827815,1242094,540,17.57,18.6,16.45,17.71,18.6,N/A,5.37,2.33,1.98
6177,達麗建設,123664874,4189918,1565,29.51,30.1,27.4,29.24,28.4,11.74,5.28,3.32,1.81
6212,理銘科技,9730649,858987,90,11.32,11.7,11.1,11.43,11.5,30.26,0,0.84,1.23
6219,富旺    ,25196551,1652457,1081,15.24,16.3,13.8,15.01,15,N/A,0,1.06,1.71
6264,德士通  ,104845663,9081095,3324,11.54,12.85,9.11,11.34,11.1,N/A,0,6.6,1.5
9946,三發地產,501888916,28470776,8485,17.62,18.4,16.45,17.47,17.95,8.93,0,14.24,1.23
2636,台驊國際,69378985,3433890,1748,20.2,21.7,17.3,19.93,18.5,17.29,10.59,4.73,0.99
5601,台聯貨櫃,10910501,554513,464,19.67,20.5,18.4,19.41,18.9,35.66,1.37,0.77,0.95
5603,陸海交通,76922448,6139484,1671,12.52,13.8,10.35,12.5,12.25,N/A,5.14,9.76,0.91
5604,中連貨運,47672930,1849984,489,25.76,26.85,25.2,25.8,26.45,21.86,5.29,1.7,1.11
5609,中菲行  ,183499580,8006312,3712,22.91,23.9,21.35,22.84,21.4,20.58,4.76,5.93,1.64
1259,安心    ,73251889,641608,717,114.16,124,110,114.12,113,26.22,2.65,1.98,2.24
2718,桃園店  ,3300325,70273,52,46.97,49.5,43.15,46.68,47.85,34.93,3.13,0.31,1.93
2719,燦星旅  ,66013140,2662708,1872,24.79,27.1,22.6,24.26,25.2,52.5,2.57,7.34,1.8
2724,F-富驛  ,329165998,4042798,1690,81.42,88,74,81.95,80.3,47.8,0.9,12.78,2.91
2729,瓦城    ,1586367563,6431271,5976,246.66,277,223,236.85,228.5,23.36,3.5,27.64,10.46
5701,劍湖山  ,119110230,22564822,5675,5.27,5.61,5.01,5.2,5.32,N/A,0,5.43,0.8
5703,亞都麗緻,84858059,3113394,1411,27.25,29.25,20.7,22.8,27.85,40.36,0.89,4.43,2.3
5704,老爺知  ,2091084,100576,88,20.79,22.1,19.7,20.86,21,24.14,3.33,0.26,1.67
5820,日盛金控,365110423,43503115,8569,8.39,8.94,8,8.32,8.39,N/A,8.82,1.6,0.74
6008,凱基證券,289018976,21380589,5351,13.51,13.85,13.15,13.42,13.55,36.62,2.95,0.65,0.93
6015,宏遠證券,278522604,38173316,5322,7.29,7.69,6.94,7.27,7.2,N/A,0,8.36,0.87
6016,康和證券,165065417,24114600,5049,6.84,7.28,6.23,6.7,6.83,N/A,2.19,3.49,0.61
6020,大展證券,6781543,488045,290,13.89,14.6,12.7,13.68,14,N/A,4.57,0.21,1
6021,大慶證券,87788620,7734748,2547,11.34,12.2,10.15,10.91,11,N/A,12.72,2.52,0.81
6022,大眾證  ,135124025,15382634,3754,8.78,9.48,8.05,8.52,8.55,N/A,3.97,4.07,0.72
6023,元大期貨,30677134,925447,534,33.14,33.95,32.9,33.17,33.1,13.85,7.25,0.4,1.31
6024,群益期  ,43014124,1702349,822,25.26,25.7,24.75,25.29,25.35,10.39,9.07,1.85,1.33
2916,滿心企業,24311381,1376089,578,17.66,18.1,17.35,17.72,17.5,17.16,8.57,2.52,1.08
2924,F-東凌  ,21609140,357400,240,60.46,61.8,59.9,60.72,60.5,16.22,4.62,1.18,2.99
5902,德記洋行,35311292,2562473,909,13.78,14.3,13.15,13.73,13.6,N/A,0,2.71,2.25
5903,全家    ,426910514,2962064,2174,144.12,148,140,144.37,146.5,35.64,2.45,1.33,8.28
5904,寶雅國際,239059479,3698185,3336,64.64,69,61.9,64.29,64.9,13.69,5.2,4.04,3.58
5905,南仁湖  ,482409502,38844341,9161,12.41,13.05,11.35,11.99,13.05,N/A,0,18.37,1.09
6195,詩肯    ,125201225,2514728,1840,49.78,51.7,47.9,49.64,48.8,8.36,10.24,6.31,3.07
8941,關中    ,3309351,707648,229,4.67,6.3,3.51,5.26,4.31,N/A,0,0.54,1.63
9960,邁達康  ,10395209,571450,320,18.19,18.65,17.7,18.14,18,11.25,7.77,1.7,1.33
1584,精剛精密,128433613,7169064,2797,17.91,18.95,17.2,17.96,17.25,52.27,2.89,8.59,0.92
2221,大甲    ,46095535,2434369,1480,18.93,19.95,17.1,18.68,17.35,13.14,7.49,5.74,1.34
3284,太普高  ,100743122,8229155,2054,12.24,12.65,11.9,12.19,12.4,33.51,8.87,16.35,0.94
4430,耀億    ,465780011,11803888,6227,39.45,41.25,36.1,38.87,37,17.45,3.51,23.58,1.26
5304,鼎創達  ,5335354,1092176,747,4.88,5.31,4.68,4.92,4.89,10.63,0,0.59,0.91
5312,寶島科  ,377498623,4725346,3210,79.88,82.5,77.6,79.6,78,17.57,3.33,7.87,3.91
5530,龍巖    ,2243030755,22408657,13404,100.09,106.5,95,97.94,101,18.46,2.97,5.62,5.54
6186,新潤興業,9383644,573643,240,16.35,16.7,16,16.47,16.7,128.46,0,1,1.44
6294,智基科技,5778556,123095,100,46.94,49.9,45.25,47,48,16.44,0,0.8,5.1
6803,崑鼎投控,108638957,780850,595,139.12,142,136,139.1,140,15.44,5.88,1.3,3.33
8390,金益鼎  ,213345396,6454509,3448,33.05,34.9,31.6,32.68,33.45,15.34,6.42,8.87,1.51
8401,白紗科技,49493316,2815196,1610,17.58,18.45,16.55,17.27,17.05,8.16,7.56,6.32,1.04
8418,F-必勝  ,149266501,4408411,2098,33.85,35.8,32,33.85,35.1,23.56,8.54,7.23,1.09
8423,F-保綠  ,8534890,260546,159,32.75,34.4,31.5,32.75,32.9,25.7,1.61,1.54,2.12
8426,F-紅木  ,29882835,684552,427,43.65,45.1,41.5,43.09,42.2,11.25,8.29,1.63,2.74
8705,東隆五金,8407145,209034,218,40.21,40.8,39.9,40.25,40.25,16.63,4.47,0.26,2.73
8905,裕國    ,156296109,7759838,2870,20.14,21.5,17.9,20.12,20.9,26.13,2.87,6.5,1.48
8906,花王企業,5054913,591355,199,8.54,9.46,8.27,8.72,8.56,N/A,0,1.15,1.01
8913,華夏資融,94616434,6708137,2136,14.1,15,13.1,14.02,14.15,9.9,2.82,13.5,0.94
8916,光隆    ,48239884,2262789,1112,21.31,22.9,19.9,21.06,22,8.66,4.54,2.53,1.06
8921,沈氏印刷,1363699,83177,43,16.39,16.65,15.45,16.42,16.5,14.47,4.84,0.18,0.96
8923,時報出版,843270,51483,76,16.37,17.1,15.5,16.53,16.2,16.04,6.17,0.17,1.16
8924,大田精密,34379873,1793178,971,19.17,20.5,18.65,19.24,18.85,23.86,3.18,1.48,1.11
8925,偉盟工業,838661488,54697988,6542,15.33,15.65,15.1,15.34,15.6,N/A,1.28,19.11,1.26
8928,鉅明    ,38520243,5480223,1373,7.02,8.42,6.6,7,6.84,N/A,0,8.62,0.87
8929,富堡工業,27685415,847656,628,32.66,33.9,31.05,32.55,31.3,9.21,5.75,3.1,1.55
8932,宏大    ,8688225,1111859,276,7.81,8.3,7.2,7.84,8,38.1,0,2.28,0.91
8933,愛地雅  ,138574151,12408231,4116,11.16,11.7,10.55,11.12,10.9,11.72,4.58,9.18,0.78
8934,衡平    ,803394,19878,27,40.41,41.3,37.7,40.1,41.3,9.1,3.8,0.33,2.27
8935,邦泰    ,34752626,7496206,1989,4.63,4.83,4.3,4.55,4.83,N/A,0,3.71,0.65
8936,國統國際,226555466,10594872,6491,21.38,22.3,20,21.36,20,19.23,19.95,6.1,0.78
8937,合騏    ,13949055,1346653,576,10.35,11.4,9.3,10.17,10.45,N/A,0,1.86,0.98
8938,明安國際,539801626,12109435,7124,44.57,46.85,42,44.35,44.75,16.82,2.45,9.01,1.63
8942,森鉅科技,1110967920,19575666,9901,56.75,59.4,53.7,56.28,54,11.95,3.79,13.53,2.21
9949,琉園    ,13728946,674269,521,20.36,21.45,19.4,20.31,19.4,20.86,5.05,1.38,1.17
1742,台蠟    ,59634958,3809457,1960,15.65,16.95,14.1,15.48,15.8,N/A,18.98,5.89,1.14
1787,福盈科技,104282819,8059194,3025,12.93,13.65,11.95,12.82,12.9,28.67,3.41,11.55,0.87
4702,中美聯合,117143731,5508650,2412,21.26,24.7,17.7,19.92,24.7,N/A,0,7.21,3.35
4703,揚華科技,236063401,16026487,5993,14.72,16.1,12.5,14.31,14.7,8.5,0,23.43,1.94
4706,大恭化學,27962111,1841363,613,15.18,16.05,14,14.59,15.5,12.7,6.45,2.33,0.96
4707,磐亞    ,65013626,7339886,2493,8.85,9.48,8.23,8.87,8.96,47.16,0,3.26,0.52
4711,永純    ,5670735,345715,202,16.4,16.8,16.25,16.43,16.35,36.33,6.11,0.57,0.89
4714,永捷    ,17989017,1411182,517,12.74,13.25,12.5,12.77,12.8,17.78,3.9,3.32,0.88
4716,大立    ,261703406,11958372,5813,21.88,23.05,20.15,21.51,20.7,18.65,4.97,18.53,1.56
4720,德淵企業,49145273,3338199,1521,14.72,15.2,14.3,14.65,14.9,13.42,5.03,4.56,1.1
4721,美琪瑪  ,54495471,2170683,1342,25.1,26.45,23.4,24.82,23.6,17.61,6.77,2.89,1.79
4739,康普    ,10996585,527282,339,20.85,21.9,20,20.8,20,19.23,6,1.08,1.06
6506,雙邦實業,8760754,707838,339,12.37,12.8,11.8,12.35,12.35,53.7,4.85,1.1,0.99
6509,聚和國際,236310632,17111021,6317,13.81,14.6,13,13.67,14.05,22.3,2.13,10,0.87
1565,精華光學,1247955056,3429184,3066,363.92,382.5,350.5,364.37,377,17.64,4.11,6.8,7.39
1593,祺驊    ,83581600,2883599,1735,28.98,30.5,27.85,28.69,28.8,15.65,6.25,11.72,1.15
1752,南光    ,570966162,15780189,8707,36.18,38,34,35.97,36.6,50.14,0.54,25.05,2.75
1777,生泰合成,28319603,615412,529,46.01,48.45,44.1,45.17,48.2,22.01,3.11,2.47,2.34
1781,合世生醫,32864658,1165326,598,28.2,29.2,26.9,28.09,28.6,81.71,0,2.77,2.9
1784,訊聯    ,412084441,8868442,5737,46.46,48.65,44.1,45.49,47,65.28,0,17.66,2.08
1788,杏昌生技,178291630,2375617,1932,75.05,77.6,72,74.33,75.8,18.49,4.61,6.79,2.09
1795,美時化學,145000699,5633545,2867,25.73,27.15,22.7,23.82,26.5,N/A,1.13,12.64,2.5
1799,紅電醫  ,20907057,2150400,942,9.72,10.2,8.7,9.18,9.86,N/A,0,6.76,1.22
1813,寶利徠  ,103097403,2618005,1633,39.38,40.85,37.85,39.17,39.6,16.03,3.03,6.37,2.37
3118,進階    ,101296425,3182248,2248,31.83,33.5,30.4,31.17,32.55,20.34,6.14,9.81,2.32
3176,基亞    ,2989486869,36040284,22251,82.94,103,65.3,79.37,103,N/A,0,28.01,8.23
3205,佰研生化,6196131,362145,252,17.1,18.15,15,16.28,18.1,N/A,0,1.47,1.73
3218,大學光學,322282323,13766084,6673,23.41,24.4,22.2,23.04,24,N/A,1.37,20.68,1.47
4102,永日化工,272453194,7239756,4739,37.63,39.65,34.8,36.18,38.15,37.77,4.71,17.09,2.18
4103,百略    ,64013898,1283881,1027,49.85,51.5,48.25,49.68,50.9,12.09,5.89,1.05,2.41
4105,東洋藥品,6238263893,54843100,32693,113.74,122,106,111.97,119.5,35.15,2.25,25.63,6.49
4107,邦特生技,310146710,9575131,5479,32.39,33.8,31.15,32.12,33.1,18.09,4.53,12.23,2.17
4109,加捷    ,88884332,5015350,2578,17.72,18.5,16.7,17.7,17.55,41.79,4.55,9.15,1.33
4111,濟生    ,531848730,17658058,9632,30.11,31.15,29.1,29.83,30.1,26.4,1.16,35.19,1.8
4114,健喬信元,167015268,5569553,3111,29.98,31.5,28.5,29.6,31,60.78,1.87,6.16,2.3
4120,友華生技,139142620,3317166,2241,41.94,43.7,40.5,41.65,43.15,23.97,2.78,3.82,1.67
4121,優盛醫學,101246202,8100364,3480,12.49,13.9,11,11.55,13.55,96.79,5.9,11.05,0.9
4123,晟德    ,356115226,9581961,5594,37.16,39.9,32.2,34.42,39.9,N/A,3.75,8.29,2.3
4126,太平洋醫,399034356,4690313,3687,85.07,87.5,82.6,84.66,87.3,17.85,4.58,7.1,3.54
4127,天良    ,643871013,27451876,14154,23.45,25.7,21.1,23.18,24.6,19.52,0,59.99,1.5
4128,中天生技,1539646149,43990208,21868,34.99,37,33.2,34.56,36.1,N/A,5.54,13.49,1.95
4129,聯合骨科,348417005,8246450,5376,42.25,43.8,40.55,41.98,42.95,33.04,2.32,17.79,3.11
4130,健亞    ,1154481751,35328187,18965,32.67,36.9,28,30.39,36.4,77.45,0,36.44,3.59
4131,晶宇生技,30991249,2307326,1286,13.43,14.85,12.2,12.71,13.8,N/A,0,4.78,2.52
4138,曜亞國際,474127400,4273111,3206,110.95,118,103.5,109.32,105.5,16.03,4.73,16.12,2.99
4139,F-馬光  ,22056281,281408,177,78.37,83,73.7,78.48,80,54.05,1.9,1.25,2.96
4154,F-康樂  ,230700379,5532066,3631,41.7,46.8,38,41.11,39.2,12.48,4.03,25.38,2.58
4160,創源    ,1156822663,24849149,14414,46.55,50.5,40.3,46.52,48.55,57.12,0.72,109.14,3.1
4162,智擎    ,5405461153,36380036,24647,148.58,179,111,159.27,179,88.18,0,39.51,19.19
4728,雙美    ,675943365,21402159,11441,31.58,33.5,29.5,30.71,32.65,45.99,1.83,39.3,2.85
4735,豪展    ,40438904,3333190,1584,12.13,12.85,10.3,11.5,12.45,N/A,4.01,11.61,1.09
4736,泰博    ,85422616,1759039,1266,48.56,50.3,46.8,48.5,50,13.93,8,2.78,1.8
4743,合一    ,381005324,16631231,7744,22.9,24.8,20.35,21.8,24.1,401.67,4.56,12.99,2.07
4911,德英    ,279615224,5238808,3755,53.37,58.4,50.9,52.99,57.7,824.29,0,9.53,3.81
6130,基因科技,51895157,647180,720,80.18,96.3,60.2,69.66,96.3,19.22,0,2.42,8.22
8403,盛弘    ,377041891,11531715,7170,32.69,34.05,30.8,32.45,32.3,31.06,2.75,22.48,1.65
8406,F-金可  ,1579223859,4417083,4106,357.52,374,341,356.47,346,32.19,0.66,4.91,5.73
8432,東生華  ,665212384,6282480,4827,105.88,113,96.3,100.99,111,23.62,3.78,18,3.68
8908,欣雄    ,6185599,252169,199,24.52,26,22.5,24.45,23.7,20.43,3.37,0.26,1.92
8917,欣泰    ,9389056,217413,70,43.18,43.9,42.8,43.32,43.8,21.9,4.1,0.18,2.87
8927,北基國際,96762733,7106107,705,13.61,14.15,13.2,13.7,13.9,14.63,5.68,6.06,1.23
8931,大園汽電,39130737,2793748,1201,14,14.9,13,13.83,13.6,16.79,4.41,2.62,1.02
3073,普格    ,169781492,9787508,4157,17.34,18.45,16.4,17.16,16.5,N/A,0,17.06,1.18
3087,翔準    ,34361140,2749152,645,12.49,13.2,12.1,12.39,12.95,28.15,0,1.13,0.83
3105,穩懋    ,6022052551,155962339,63175,38.61,40.75,35.9,37.97,36.8,13.83,2.17,24.04,2.28
3169,亞信電子,214974125,5928225,3873,36.26,38.15,34.55,35.89,35.5,14.61,5.63,11.1,2.46
3188,安茂    ,24103423,2919429,778,8.25,8.7,7.76,8.29,8.2,N/A,0,6.48,1.03
3219,倚強科技,3653966,1148742,56,3.18,4.05,2.91,3.4,3.77,N/A,0,2.06,1.3
3227,原相科技,4615581782,51572162,34698,89.49,92.8,82.8,88.71,83.1,26.63,3.61,38.88,1.95
3228,金麗科  ,32818556,1618013,1153,20.28,21.4,19.55,20.2,19.95,N/A,0,2.74,2.2
3252,海灣科技,37211915,1957786,1020,19,20.75,13.4,17.9,17.45,34.9,0,5.59,2.74
3259,鑫創科技,22367202,1688684,757,13.24,13.8,12.8,13.25,12.95,N/A,0,2.7,1.12
3260,威剛科技,754389878,21918863,11078,34.41,35.45,33.25,34.28,34.5,14.38,0.86,9.71,1.06
3264,欣銓科技,683663505,32956350,13954,20.74,21.45,20,20.64,20.25,12.13,6.41,7.15,1.17
3265,台星科  ,1031210895,29787269,14180,34.61,36.5,32.1,34.46,34.1,8.81,6.89,21.86,1.57
3268,海德威  ,6283245,725450,381,8.66,8.99,8.33,8.67,8.48,N/A,0,2.37,1
3291,遠翔科技,140425450,4371440,2339,32.12,33.5,30.45,31.88,31.45,10.81,5.72,12.54,2.05
3317,尼克森  ,50650977,3821436,1965,13.25,14.4,11.9,12.99,13.65,N/A,2.93,6.24,0.59
3372,典範    ,394490824,69409140,14629,5.68,6.2,4.94,5.64,5.56,N/A,0,22.95,0.55
3438,類比科  ,236516524,6300107,4034,37.54,40.2,34.8,36.63,35,14.89,3.42,16.32,1.33
3527,聚積    ,1114039894,8434645,6836,132.07,138,127,130.47,130,12.52,6.38,25.44,2.87
3529,力旺電子,1697238545,25180487,15644,67.4,73.2,61.2,66,62,28.18,4.03,32.83,3.15
3553,力積電子,139525384,8258423,4387,16.89,18.2,15.9,16.58,16.7,N/A,13.17,12.88,1.32
3555,擎泰    ,556654802,18745836,10791,29.69,31.7,27.25,28.76,30.75,N/A,13.65,29.37,1.21
3556,禾瑞亞  ,1633065999,26617681,18200,61.35,66,55,61.41,60.6,22.61,7.42,55.18,3.27
3567,逸昌    ,8529584,934932,405,9.12,9.5,8.74,9.16,9.29,N/A,1.93,2.34,0.74
3582,凌耀    ,3206632226,19504807,14614,164.4,173.5,153,163.67,161,14.07,3.72,54.34,4.88
3658,漢微科  ,1860228886,4451692,4034,417.87,439.5,392,416.02,433,26.68,0.92,6.74,9.18
3675,德微    ,144011778,4843047,3411,29.73,36.3,26.7,28.52,27.05,N/A,1.33,10.94,1.4
3680,家登    ,831300627,13657950,9473,60.86,65,57.3,59.34,62.1,24.35,3.22,25.15,3.49
4947,F-昂寶  ,235538292,2270730,1961,103.72,112.5,94.4,103.21,95,11.66,4.21,5.34,2.6
4966,F-譜瑞  ,8651033216,24252580,19029,356.7,392,328,353.85,363.5,19.78,0.95,47.01,6.88
4973,廣穎    ,213764250,5687270,3271,37.58,39.2,35.3,37.36,36.15,8.29,5.53,9.45,1.75
5302,太欣半導,4761705,663948,359,7.17,7.51,6.93,7.16,7,N/A,0,0.41,1.03
5314,世紀民生,136756552,10069869,4174,13.58,14.4,12.9,13.4,13.35,N/A,0,16.78,1.31
5326,漢磊科技,374504855,38390746,10606,9.75,10.15,9.17,9.7,9.65,35.74,5.18,11.75,0.89
5344,立衛科技,25820231,1934933,945,13.34,13.65,13,13.3,13.15,10.19,2.96,2.44,1.13
5346,力晶    ,31789345,77755681,5449,0.4,0.84,0.36,0.44,0.84,N/A,0,3.51,3
5347,世界先進,2513729430,148687514,39235,16.9,19.5,15.1,16.42,18.1,31.75,3.48,9.18,1.45
5351,鈺創科技,297560175,30270430,9459,9.83,10.15,9.3,9.72,9.71,N/A,3.29,6.89,0.93
5425,台半    ,192985620,13711728,4973,14.07,14.9,13.55,13.92,14.4,16.74,6.94,5.62,0.75
5455,訊利電業,194591,94469,52,2.06,2.44,1.86,2.1,2.22,N/A,0,0.26,0.55
5466,泰林科技,421559866,37341549,10123,11.28,12.2,10.25,10.94,10.95,N/A,9.13,15.29,0.6
5468,凱鈺科技,3030742,350516,261,8.64,9.32,8.09,8.84,8.59,N/A,0,0.78,1.1
5483,中美晶  ,3697593548,94765372,48999,39.01,41.45,35.35,38.81,39.7,N/A,2.14,18.12,0.97
5487,通泰    ,21498355,1422506,546,15.11,15.9,14.4,14.81,14.7,14.7,5.71,3.21,0.92
6103,合邦電子,289783,143102,117,2.02,2.43,1.86,2.06,1.93,N/A,0,0.26,2.12
6104,創惟科技,347936273,14355754,7056,24.23,25.8,22.5,23.86,22.7,N/A,0,16.59,1.49
6129,普誠科技,162546572,16689459,5007,9.73,10.15,9.3,9.54,9.53,50.16,5.24,9.22,0.79
6138,茂達電子,835944174,36738803,15975,22.75,23.6,21.1,22.43,21.15,14.29,7.23,28.22,1.43
6147,頎邦科技,5644130876,123352664,52001,45.75,48,43.65,45.73,46.5,13.1,4.3,20.93,1.69
6182,合晶科技,631203797,35470900,17283,17.79,19.2,15.85,17.6,16.8,N/A,1.19,12.37,0.7
6198,凌泰科技,3887695,759143,233,5.12,5.45,4.87,5.1,5.13,N/A,0,2.18,0.79
6223,旺矽科技,639048840,9927226,6612,64.37,67.5,60.8,63.6,62.6,13.94,7.18,12.63,1.67
6229,研通科技,13500383,1275158,477,10.58,11.15,10.25,10.65,10.75,1075,4.65,3.57,0.9
6233,旺玖科技,95902169,6762037,2996,14.18,14.8,13.4,14.01,13.4,N/A,0,7.73,0.9
6236,凌越科技,2965,168,1,-,-,-,-,18.7,N/A,0,0,4.99
6237,驊訊電子,66003660,3178180,1852,20.76,21.8,19.4,20.53,19.65,N/A,1.27,4.13,1.02
6261,久元電子,864450466,12069533,7904,71.62,73.2,69.9,71.39,71,12.43,7.52,10.69,1.64
6287,元隆電子,7091601,1632801,630,4.34,4.57,4.16,4.33,4.29,N/A,0,1.17,0.76
6291,沛亨半導,891504,421790,94,2.11,2.58,1.9,2.16,2.41,N/A,0,0.86,0.59
8024,佑華微電,23228767,1698005,708,13.68,14.3,13.2,13.7,13.6,N/A,1.69,3.06,0.89
8040,九暘    ,28467344,2731887,1138,10.42,11,9.85,10.37,10.05,N/A,10.34,3.12,0.88
8054,安國國際,424391183,9716143,6220,43.67,46.55,42.05,43.53,42.15,9.65,7.82,11.76,1.63
8066,政德光電,6989509,210158,208,33.4,42.8,24.25,33.77,37.55,N/A,0,1.07,101.49
8079,誠遠科技,29198350,2063051,1098,14.15,14.7,13.9,14.06,13.95,11.43,10.75,2.57,0.95
8084,巨虹電子,2764802,353108,248,7.82,8.29,7.41,7.82,7.7,6.7,0,0.87,0.9
8086,宏捷科技,2131995096,74459207,36744,28.63,30.9,25.6,28.66,26.1,90,1.83,54.95,1.83
8088,品安科技,163474190,9123584,3894,17.91,19.55,16.45,17.5,18.15,16.06,3.3,20.23,1.34
8277,商丞科技,94631963,5708093,2809,16.57,17.1,16.1,16.52,16.4,N/A,0,8.77,1.23
1569,濱川企業,1756991670,35656784,20394,49.27,53,44.3,47.91,51,11.81,3.52,48.16,1.98
3071,協禧電機,21428706,3047670,1016,7.03,7.25,6.83,7.04,7.05,88.13,2.83,1.67,0.66
3088,艾訊    ,160778343,6737625,3148,23.86,25.8,20.8,23.72,24.25,12.9,6.18,8.71,1.6
3126,信億科技,17200815,1008542,630,17.05,18.8,15.6,17.05,15.9,N/A,0,2.09,2.95
3171,新洲全球,12630599,849160,415,14.87,15.6,13.6,14.72,14.85,N/A,0,1.73,1.55
3211,順達科技,4380400125,30932030,21245,141.61,150,135,141.52,136,11.56,4.77,20.38,3.12
3213,茂訊電腦,94643003,2437929,2213,38.82,40.4,36.35,38.85,38.05,7.88,11.82,4.15,2.05
3287,廣寰科  ,34583062,3191989,1459,10.83,11.7,8.8,10.27,10.65,N/A,12.2,7.26,0.95
3323,加百裕  ,347183111,13710525,7314,25.32,26.3,23.95,25,24.5,N/A,4.08,13.85,0.97
3325,旭品    ,124136150,8254120,3660,15.03,16.4,12.5,14.51,15.45,N/A,3.17,12.3,1.03
3416,融程電  ,69666728,1588512,990,43.85,45,42.4,44.04,44.7,12.11,7.15,3.43,1.91
3479,安勤    ,303364187,7913262,4854,38.33,41.5,35.65,38.16,36.95,11.51,6.25,17.1,1.8
3483,力致科技,284828763,8338774,4910,34.15,35.2,32.8,33.91,32.9,10.72,1.51,17.03,0.81
3489,筌寶    ,112540013,9941423,2972,11.32,12.7,9.77,10.98,10.05,N/A,0,18.82,0.91
3521,鴻翊    ,10984097,536340,197,20.47,21.4,19.05,20.59,20.5,N/A,0,1.69,1.64
3540,曜越    ,44997168,2843625,1380,15.82,17.2,15.1,15.62,15.6,19.75,7.69,4.66,0.71
3577,泓格科技,112182320,3615338,2109,31.02,32.5,27.4,30.25,30.3,16.47,5.61,8.28,1.81
3611,鼎翰科技,161509512,1748147,1346,92.38,95.6,90.2,91.68,91,10.21,7.69,5.13,3.24
3625,西勝    ,38447131,3579775,1269,10.74,11.7,9.95,10.6,10.35,N/A,0,6.38,0.85
3652,精聯電子,5429592,300243,213,18.08,18.45,17.4,18.05,18.2,N/A,5.1,0.63,0.77
4924,F-欣厚  ,277071881,8300151,3464,33.38,36,31.5,33.32,31.95,43.77,4.75,23.86,2.11
4987,科誠    ,73540047,1767096,1137,41.61,44.35,39.4,40.77,39.55,9.33,5.81,7.36,1.61
5356,協益電子,334491178,9627320,5164,34.74,35.7,34,34.72,34.3,7.27,13.11,7.27,1.22
5371,中強光電,3654825466,126358401,44552,28.92,30.9,27.45,28.57,28,18.3,5.71,17.45,1.02
5384,捷元    ,74620376,5568316,1891,13.4,14.45,12.05,12.7,12.7,39.69,0,6.3,0.95
5386,青雲國際,35712,3716,12,9.7,10.05,9.41,9.41,9.41,4.78,0,0.04,2.17
5426,振發實業,114059822,8954443,2615,12.73,13.55,11.65,12.67,13.25,14.4,4.83,6.23,0.93
5438,東友    ,15046352,1167687,509,12.88,13.25,12.5,12.89,12.7,57.73,4.72,1.04,1
5450,寶聯通  ,16786128,1230780,666,13.63,14.2,13,13.59,13.25,441.67,0,2.44,1.06
5465,富驊企業,8156819,1121463,504,7.27,7.61,6.91,7.2,6.94,694,0,0.72,0.77
5474,聰泰科技,137249195,9589280,4130,14.31,16.45,11.4,13.98,14.9,99.33,0,28.43,1.19
5490,同亨科技,58994935,2161261,1204,27.29,28.6,26.5,27.2,26.5,11.37,9.43,2.29,1.72
6105,瑞傳科技,360669772,11238306,5138,32.09,33,30.8,32.01,31,7.77,6.45,11.02,1.2
6121,新普科技,5010729373,27732815,19845,180.67,186,175,180.77,175.5,13,3.98,9,3.09
6123,上奇科技,62238380,1707604,1012,36.44,37.7,35.3,36.26,35.3,10.23,7.64,3.54,2.35
6150,撼訊科技,115135808,6832623,3387,16.85,17.5,16.25,16.71,16.55,63.65,3.02,9.74,1.43
6160,欣技資訊,40810860,1413964,873,28.86,29.3,28.4,28.85,28.6,11.44,8.04,1.99,1.98
6161,捷波資訊,90438513,7321916,2827,12.35,12.75,12,12.3,12.3,7.99,13.65,6.11,0.74
6188,廣明光電,491603720,23076142,8553,21.3,21.95,20.6,21.18,21.1,14.65,6.16,8.29,0.76
6199,精威科技,16432890,960254,259,17.11,18.5,15.95,16.87,17.05,N/A,0,1.52,2.62
6222,上揚科技,8811226,762379,464,11.55,12.85,10.4,11.12,10.9,10.58,0,1.36,1.23
6228,全譜科技,3473597,629500,295,5.51,6.04,5.3,5.63,5.46,N/A,0,1.53,0.58
6298,崴強科技,644528960,28947085,12581,22.26,23.25,20.95,22.04,21.7,14.97,2.76,17.15,1.44
8050,廣積    ,144967028,3690892,2510,39.27,40.2,38.2,39.23,38.6,9.23,7.74,4.57,1.68
8076,伍豐科技,513924480,12957404,7210,39.66,41.15,37.5,39.39,37.75,37.38,1.29,7.47,2.54
8114,振樺電  ,72283417,1285678,1277,56.22,56.8,55.3,56.24,56.7,10.02,8.11,2.05,3.11
8234,新漢    ,106035459,3911631,1989,27.1,28,25.95,27.11,27.25,11.8,9.17,3.52,1.58
8299,群聯電子,10017775664,43307590,32067,231.31,242,217,229.55,236.5,15.24,2.95,24.04,3.91
8410,森田印刷,646451761,12372250,6738,52.25,55,44,51.89,51.5,23.52,3.88,33.81,1.75
3066,李洲科技,3889051,656187,260,5.92,6.28,5.75,5.92,6,N/A,0,0.43,1
3128,昇銳電子,28738934,2895723,926,9.92,10.8,9.13,10.3,9.35,N/A,10.69,6.89,0.65
3230,錦明實業,13154743,2354785,667,5.58,5.84,5.22,5.56,5.62,N/A,0,2.13,0.36
3297,杭特電子,11026752,585002,424,18.84,19.6,17.7,18.87,18.4,12.87,3.26,1.67,0.82
3339,泰谷光電,111859787,7905826,3324,14.14,15.5,12.8,13.66,14.1,N/A,7.09,2.87,1
3362,先進光  ,75587537,2169797,1125,34.83,36.8,32.5,34.98,34.5,71.88,0,2.78,3.46
3428,光燿科  ,93943308,3353912,2283,28.01,30.3,26.3,27.98,27,20.77,4.44,4.63,1.89
3434,哲固資訊,1632439,175948,56,9.27,9.67,9,9.4,9.49,N/A,0,0.54,1.32
3441,聯一光學,363950291,7499203,5242,48.53,52.2,45.7,48.19,45.7,11.23,2.47,19.29,1.79
3452,益通光能,408927914,32319591,12214,12.65,13.5,11.6,12.48,12.15,N/A,0,6.74,0.71
3455,由田新技,152360965,7120282,4071,21.39,22.85,19.7,21.11,21.35,N/A,4.68,11.75,0.78
3490,單井    ,16314432,847120,241,19.25,20,18.8,19.27,19,14.5,7.89,2.42,0.93
3516,亞帝歐  ,30938762,3256184,873,9.5,9.93,8.96,9.43,9.7,N/A,0,4.28,0.34
3522,宏森    ,152172834,11236466,4083,13.54,14.55,11.95,13.48,13.4,29.13,3.73,23.76,0.62
3523,迎輝科技,107530914,3643662,1916,29.51,32.2,26.3,29.5,30.1,N/A,0,3.72,1.2
3531,先益電子,170901796,7218679,3182,23.67,24.9,22,23.17,22.4,11.14,5.35,11.8,0.79
3562,頂晶科技,7896023,928921,403,8.5,10,7.3,8.96,9.4,N/A,0,1.77,2.03
3615,安可光電,1517193699,26962360,17508,56.27,62,47.2,55.4,58.5,20.53,5.64,53.3,1.5
3623,富晶通  ,72809693,6080202,2773,11.97,12.8,11.2,11.72,11.35,N/A,0,10.63,1.09
3629,卓韋光電,18350103,1550714,839,11.83,12.45,11.05,11.7,12.25,N/A,4,5.87,1.29
3630,新鉅科  ,359226237,8314418,5407,43.2,44.8,41.5,42.89,41.9,N/A,2.41,9.6,1.8
3685,政翔    ,62981086,2970730,1538,21.2,22.7,19.25,20.89,20.1,12.41,9.95,7.38,1.27
3691,碩禾    ,3207229245,12102858,10661,264.99,283,240,261.52,270,14.97,7.4,27.43,4.18
4729,熒茂光學,63590053,4779629,2187,13.3,13.8,12.45,13.22,12.45,N/A,0,4.69,0.57
4933,友輝    ,2669571298,20917544,14781,127.62,134,120,126.52,125,15.51,3.18,34.61,2.89
4944,兆遠    ,1482184232,54239031,24325,27.32,29.6,22.8,27.26,29.1,N/A,7.56,58.52,1.61
4950,牧東    ,127459064,5130190,2691,24.84,26.7,22.65,24.84,24.85,N/A,1.56,6.67,1.06
4995,晶達    ,47251932,2478980,1596,19.06,20.05,18.05,18.75,18.3,22.59,5.84,7.31,1.52
5230,雷笛克  ,624995274,8598768,5410,72.68,75.8,69,72.29,75.5,25.25,3.28,24.11,2.36
5315,光聯科技,9514549,2949416,896,3.22,3.35,3.11,3.22,3.18,N/A,0,1.86,0.47
5392,應華精密,311712733,5994780,4229,51.99,54.5,49.1,51.37,49.2,16.13,5.08,7.7,1.18
5395,圓方創新,156043,12014,18,12.99,14.8,12.3,13.2,14.8,N/A,0,0.04,1.84
5432,達威光電,3420133,249628,193,13.7,14.2,13.1,13.7,14.1,12.59,0,1.21,1.51
5443,均豪精密,50812182,5966881,2323,8.51,8.84,8.2,8.5,8.41,N/A,3.56,3.34,0.64
6125,廣運機械,301067261,27646806,7368,10.88,11.75,9.9,10.62,10.7,N/A,1.86,10.97,0.48
6156,松上電子,2262263,347810,403,6.5,9.34,3.43,6.21,7.01,N/A,0,0.42,0.93
6167,久正光電,5362413,1853302,496,2.89,3.15,2.72,2.92,2.79,5.69,0,1.14,0.66
6234,高僑    ,20879838,1543451,652,13.52,13.8,13.35,13.54,13.45,N/A,1.48,2.16,0.4
6244,茂迪    ,2617660007,83066701,36975,31.51,34.55,29.05,31.17,30.9,N/A,22.65,18.99,0.86
6246,臺龍電子,219179476,20475448,6307,10.7,11.6,9.95,10.39,11.05,122.78,0,11.52,1.16
8049,晶采光電,53281477,9425954,2121,5.65,5.97,5.17,5.52,5.52,N/A,0,8.66,0.53
8053,巨擘科技,3329844,1572167,235,2.11,2.69,1.69,2.15,2.07,N/A,0,0.38,0.18
8064,東捷科技,23499585,3497643,1056,6.71,7.19,6.19,6.59,6.62,N/A,6.04,2.65,0.48
8069,元太科技,5405389550,166622364,69353,32.44,34.25,29.95,32.18,32,17.98,9.37,15.42,1.49
8071,能率豐  ,17065090,630932,341,27.04,28.6,25.1,27.1,26,17.81,5.76,1.87,2.13
8077,冠華科技,47290,20000,13,2.36,2.46,2.08,2.27,2.08,N/A,0,0.04,1.87
8087,華鎂鑫  ,10586139,1399328,580,7.56,8.03,6.82,7.16,7.07,N/A,0,4.07,0.6
8107,大億科技,57581821,6104251,2121,9.43,9.87,8.82,9.32,9.15,N/A,9.28,3.61,0.59
8111,立碁電子,54045941,7689476,2831,7.02,7.42,6.61,6.95,7.06,N/A,10.9,5.25,0.67
8240,華宏新技,297590036,6142839,4161,48.44,50.5,45.25,48.11,47.4,11.1,5.69,7.23,1.05
8266,中日新  ,927785,638192,242,1.45,1.63,1.27,1.48,1.6,N/A,0,0.55,0.58
3068,美磊科技,45029927,1054059,715,42.72,44.3,40.25,42.55,41,18.22,4.68,1.34,2.52
3095,及成    ,89201488,11185608,3337,7.97,8.35,7.65,7.89,7.78,N/A,0,5.14,0.56
3152,璟德電子,308376377,3495888,2683,88.21,92.5,84.8,87.84,85,17.82,5.18,5.07,2.43
3221,台灣嘉碩,7907346,832700,461,9.49,10.2,9.01,9.46,9.71,N/A,2.05,0.98,0.59
3234,光環    ,576150204,23945372,10453,24.06,25.1,22.5,23.73,23.8,11.78,6.26,25.58,1.74
3290,東浦    ,91999408,8427429,3007,10.91,11.35,10.55,10.81,10.6,N/A,4.71,11.34,0.82
3306,鼎天國際,68656450,2843203,1759,24.14,25.55,23.4,23.96,23.6,19.67,7.2,5.62,0.76
3363,上詮    ,311776500,11417653,6451,27.3,29.75,25.3,26.97,26.95,16.04,4.45,18.99,1.68
3431,長天科技,30246483,2447425,1125,12.35,13.45,11.55,12.01,11.8,107.27,0,5.17,2.03
3466,致振企業,9820700,509365,359,19.28,20.2,18.45,19.28,19.6,13.9,7.65,0.82,0.76
3491,昇達科技,668504916,14290334,8409,46.78,49.8,43,46.21,47.5,22.09,2.58,31.86,2.23
3499,環天科技,24236541,1900237,944,12.75,13.6,11.55,12.54,13,N/A,0,3.58,0.85
3632,研勤科技,96343402,2929016,2373,32.89,35.4,31.5,32.54,31.6,26.33,4.43,10.69,1.79
3664,F-安瑞  ,17977027,1104879,651,16.27,17.35,15.5,16.45,15.7,N/A,3.12,1.57,0.91
4903,聯光通信,140151056,15517914,5316,9.03,9.42,8.35,8.87,8.89,11.7,2.81,20.37,0.83
4905,台聯電訊,147973285,5687603,2152,26.01,27.35,25,25.79,25.7,12.42,1.94,11.19,1.3
4907,春雨開發,466639,209913,61,2.22,3.06,1.15,2.03,3.06,N/A,0,0.55,102
4908,前鼎光電,239551586,8366303,4661,28.63,29.8,27.5,28.2,27.65,9.31,7.23,11.19,1.95
4909,新復興  ,370740762,11314483,5184,32.76,34.3,29.5,30.8,33,12.45,6.06,12.23,1.52
4979,華星光  ,1651776885,28565037,13879,57.82,63.6,51.7,55.59,60.7,21.68,0.98,66.71,3.58
5306,桂盟國際,116849021,2344524,1521,49.83,52.6,47.8,49.35,48.95,181.3,0,2.28,5.64
5348,系通科技,23746880,1191730,633,19.92,21.15,18.5,19.45,19.2,9.55,0,4.59,1.83
5353,台林通信,9969888,1056036,619,9.44,9.67,9.15,9.42,9.35,49.21,5.98,1.09,0.7
6109,亞元科技,18344904,1793720,771,10.22,10.8,9.89,10.18,10.1,126.25,0,2.47,1
6143,振曜科技,1114486081,27391389,14072,40.68,44.7,35.35,40.67,44.35,16.01,4.5,33.95,2.13
6163,華電聯網,645951650,33885685,11163,19.06,21.25,17.65,18.64,18.35,6.2,2.67,36.8,1.25
6170,統振    ,90173610,5384832,2809,16.74,17.7,15.55,16.89,15.55,15.87,7.65,5.67,1.04
6190,萬泰科技,19052682,2808835,894,6.78,6.98,6.56,6.77,6.81,N/A,2.93,2.24,0.57
6218,豪勉科技,37167219,1624352,1148,22.88,23.5,22.4,22.91,22.9,13.96,10.91,2.53,1.39
6241,易通展  ,5088372,111687,109,45.55,48.8,43.6,44.96,44.85,17.25,0,0.47,3.62
6245,立端科技,193368014,5967582,3327,32.4,33.45,30,32.25,31.25,10.08,4.09,8.24,1.77
6263,普萊德  ,38602391,1459857,938,26.44,27.5,25.45,26.56,26.45,11.91,5.29,2.51,1.8
8034,榮群電訊,17439604,3333786,1102,5.23,5.57,4.76,5.18,5.53,N/A,0,5.3,0.71
8048,德勝科技,9729506,769330,395,12.64,13.2,12.3,12.66,12.45,19.76,3.29,1.53,1
8059,凱碩    ,8614484,1286082,489,6.69,7.18,6.35,6.69,6.59,N/A,0,1.39,0.74
8082,眾星國際,10291079,2269517,606,4.53,5.12,4.13,4.52,4.22,N/A,0,4.01,0.82
8097,鴻松精密,2002969,394706,200,5.07,5.5,4.62,5.12,4.93,N/A,0,0.98,1.37
8171,天宇    ,53628865,2974323,1566,18.03,19.5,16.5,17.35,16.9,40.24,7.1,7.25,0.97
1333,恩得利  ,13230567,2607067,982,5.07,5.68,4.3,4.86,4.74,N/A,0,2.54,0.79
1336,台翰    ,24602007,2178684,664,11.29,12.1,10.75,11.18,10.8,N/A,2.77,3.39,0.44
1595,川寶    ,159618568,2367213,1976,67.42,69.3,65.2,66.83,67.1,7.92,7.45,6.12,1.73
1815,富喬    ,1184037423,71029042,22094,16.66,17.3,15.5,16.46,16.5,19.41,1.09,21.7,0.86
3078,僑威科技,76612800,7132904,2458,10.74,11.25,10.3,10.69,10.5,10.19,3.33,3.14,0.75
3089,展成科技,18939803,1624345,573,11.65,12.2,11.15,11.59,11.5,N/A,2.6,3.11,1.09
3092,鴻碩精密,38819859,3211537,1477,12.08,12.9,11.3,12.06,11.75,33.57,4.25,5.03,0.65
3114,好德科技,6357661,591211,303,10.75,11.1,10.4,10.77,10.95,15,3.65,1.18,0.75
3115,寶島極光,2551376,232085,129,10.99,11.5,10.2,11.01,11.1,N/A,0,0.53,1.39
3144,新揚科  ,101828120,4498385,1495,22.63,23.75,20.7,21.75,21.05,21.05,0,10.21,1.95
3191,和進電子,31278562,3764645,1174,8.3,9.03,6.82,7.95,8.56,N/A,2.33,6.88,0.62
3202,樺晟電子,14729416,1871464,680,7.87,8.09,7.61,7.9,7.85,N/A,2.54,2.51,0.48
3206,志豐電子,28518401,1643229,1036,17.35,17.9,16.8,17.25,17.1,9.83,11.63,4.03,1.07
3207,耀勝電子,25025910,2533290,895,9.87,10.65,9.02,9.49,9.86,N/A,2.02,6.62,0.74
3217,優群科技,46879790,4222582,1612,11.1,11.7,10.6,11.15,11.4,14.43,6.57,5.02,0.79
3226,至寶電腦,7101742,288529,131,24.61,25.95,24,24.67,24,N/A,0,0.45,2.79
3236,千如電機,140553367,12543755,3635,11.2,12.35,8.85,10.72,12.05,46.35,2.48,23.01,0.9
3276,宇環科技,36445805,3124314,965,11.66,12.65,10.7,11.69,12.35,N/A,0,4.48,1.26
3288,點晶科技,13489036,772886,499,17.45,18.7,16.8,17.5,17.9,N/A,0,1.55,2.01
3294,英濟    ,81263543,7088621,2529,11.46,12.35,10.75,11.14,11.7,27.86,8.54,5.2,0.57
3299,帛漢    ,82063088,2641372,1481,31.06,31.9,30.35,31.03,30.45,9.09,11.46,5.24,1.4
3310,佳穎精密,28241368,3658147,1169,7.72,8.63,6.5,7.46,7.88,N/A,0,5.48,1.34
3313,斐成企業,59957237,5128650,1837,11.69,12.2,11.2,11.66,11.8,7.38,0,6.13,0.63
3322,建舜電子,15838335,1799509,992,8.8,9.38,8.38,8.8,9.07,N/A,0,2.16,0.79
3332,幸康電子,3301910,73857,44,44.7,46.6,44.05,44.67,44.85,13.43,7.13,0.15,1.79
3354,律勝    ,9030327,775267,444,11.64,13.1,11.15,11.59,11.5,20.54,8.26,0.95,0.7
3388,崇越電通,72485734,1147518,860,63.16,64.2,62.2,63.07,62.3,12.05,9.63,1.85,1.47
3390,旭軟電子,773230251,17404591,8527,44.42,45.9,42.7,44.13,43.1,9.31,8.12,32.66,2.59
3465,祥業科技,455500,81000,30,5.62,6.05,5.31,5.83,5.8,N/A,0,0.29,1.23
3484,崧騰    ,11864783,612979,513,19.35,20.2,18.85,19.28,19,13.01,9.42,1.03,0.86
3511,矽瑪科技,37093923,1727502,1052,21.47,22.9,19.8,21.42,21,N/A,7.14,4.45,1.04
3512,能緹    ,17256155,1665558,776,10.36,11.15,8.8,10,10.3,N/A,0,3.79,0.82
3520,振維    ,44640053,3735971,389,11.94,12.7,11.3,11.88,11.55,N/A,0,7.29,0.97
3526,凡甲科技,110330029,2840766,1842,38.83,40.5,37.4,38.66,37.9,16.13,5.85,4.66,1.98
3537,堡達    ,44755489,1812809,780,24.68,25.85,23.3,24.56,24.7,12.29,6.07,3.91,1.58
3548,兆利科技,1020991640,29505436,17030,34.6,37,31.6,34.28,33.5,14.44,0.59,58.37,0.78
3609,東林科技,6672056,371330,218,17.96,19.2,17.05,17.9,17.4,N/A,3.44,1.18,0.75
3624,光頡科技,549137094,19623258,9389,27.98,29.3,26.6,27.5,27.65,16.86,3.61,22.64,1.33
3631,晟楠    ,41056480,1168315,575,35.14,36.9,31.1,34.4,32.15,15.92,9.82,1.58,2.27
3646,艾恩特  ,398609261,12549616,4369,31.76,33.8,29.35,32.16,32.8,99.39,6.09,32.64,2.14
4912,F-聯德  ,435562923,6771100,4616,64.32,69.6,58,63.23,60.2,8.6,3.32,24.36,2.27
4927,F-泰鼎  ,901160822,18700135,8787,48.19,50.4,44.9,47.71,45.25,7.7,5.52,20.12,1.98
4939,亞電    ,299472013,13595164,5030,22.02,22.95,20.6,21.41,20.6,15.26,10.19,16.18,1.52
4974,亞泰    ,866321955,23129949,10758,37.45,39.3,35.95,37.02,36.2,8.94,7.18,45.06,2.05
5301,祥裕電子,16270143,1360239,663,11.96,18.85,5.36,10.7,16.45,N/A,0,5.92,7.18
5309,系統電子,95564971,12223163,3547,7.81,8.85,6.66,7.59,7.95,N/A,0,8.01,0.95
5317,凱美電機,12053174,2006754,781,6,6.25,5.82,6.02,6.23,N/A,1.6,1.47,0.54
5321,友銓電子,1104011,524964,170,2.1,2.46,1.61,2,2.39,N/A,0,0.29,1.04
5328,華容    ,32239802,4507779,1294,7.15,7.51,6.9,7.14,7.51,N/A,3.46,2.51,0.72
5340,建榮工業,15718248,2727113,739,5.76,6.18,5.5,5.69,5.59,N/A,0,1.64,0.64
5345,天揚    ,9842066,2150611,787,4.57,4.83,4.16,4.57,4.56,N/A,0,4.3,0.7
5349,先豐通訊,531210058,28063307,10881,18.92,19.5,18.2,18.7,18.25,10.43,10.13,12.52,1.26
5355,佳總興業,55147090,6833264,2214,8.07,8.96,7.35,7.79,8.58,71.5,0,4.4,1.04
5364,浩騰    ,2139618,1937331,496,1.1,1.3,1,1.12,1.09,N/A,0,0.95,2.1
5381,合正科技,23010159,11535992,2009,1.99,2.13,1.93,1.98,1.94,N/A,0,3.82,0.32
5398,力瑋實業,32379098,1633394,662,19.82,20.6,19.45,19.83,19.7,N/A,1.01,3.91,1.88
5439,高技企業,43172169,2095432,1166,20.6,21.5,20.3,20.61,20.3,7.69,12.31,2.69,1.32
5457,宣德    ,121794050,16119057,3341,7.55,8.29,6.6,7.19,7.46,N/A,0,6.9,1.39
5460,同協電子,87873396,7287815,2565,12.05,12.6,11.05,12.11,12.05,11.93,5.8,10.12,0.96
5464,霖宏科技,36174346,1562973,931,23.14,24.8,20.3,22.05,20.7,8.15,9.66,2.6,1.32
5475,德宏工業,187847519,20079024,6069,9.35,9.76,8.6,9.26,9.53,28.03,5.35,9.35,0.8
5480,統盟電子,1005934537,47956136,18357,20.97,22,19.6,20.84,19.75,9.32,0,24.09,1.17
5481,華韡電子,5818912,598033,215,9.73,10.45,9.17,9.59,9.31,N/A,0,0.61,0.55
5488,松普科技,11637152,1785049,539,6.51,6.79,6.22,6.53,6.62,N/A,0,1.95,0.47
5491,連展科技,66205894,8528696,3417,7.76,8.1,7.5,7.7,7.84,N/A,3.18,4.37,0.47
5498,凱崴    ,80043363,7783726,1909,10.28,10.75,9.9,10.27,10.1,N/A,0,4.84,1.01
6101,弘捷    ,4876879,406222,243,12,12.7,11.15,11.84,11.7,195,0,0.71,1.17
6107,華美電子,59416606,1020752,305,58.2,67.6,51.1,57.69,59.5,N/A,0,1.85,6.38
6114,翔昇電子,19361,6006,9,3.22,3.88,2.6,3.33,3.8,7.31,0,0.01,5.07
6124,業強科技,11626969,553424,253,21,23,19.6,21.4,20.2,N/A,0,0.3,1.4
6126,信音企業,228154266,9123684,4270,25,26.1,23,24.78,24,11.16,10.41,8.02,1.52
6127,九豪精密,162637433,16894560,5614,9.62,10.8,8.2,8.98,10.1,N/A,2.97,19.87,0.72
6134,萬旭電業,23963569,2353589,1069,10.18,10.7,9.64,10.11,9.85,N/A,5.07,2.85,0.68
6158,禾昌興業,89809332,4868106,2402,18.44,19.1,17.5,18.33,17.7,17.7,5.64,4.25,0.62
6173,信昌電陶,306951244,27128498,9538,11.31,13.3,8.74,10.06,11.75,N/A,11.82,14.58,0.88
6174,安碁科技,90328031,12138898,4385,7.44,8.57,7.01,7.38,7.95,61.15,1.25,24.28,0.77
6175,立敦科技,91955633,7581924,2925,12.12,12.8,11.6,12.16,12.55,20.57,11.15,6.62,0.85
6185,幃翔精密,36225545,2400561,980,15.09,15.9,14,15.13,15.25,15.1,6.55,2.43,0.9
6194,育富電子,28086450,1403855,772,20,20.25,19.8,19.99,20,9.01,10.2,1.28,0.8
6203,海韻電子,73924956,2055720,1403,35.96,40,33.4,34.55,34.05,7.12,7.92,2.7,2.14
6204,台灣艾華,71382350,2853146,652,25.01,26,22.6,23.94,22.6,10.61,7.07,7.9,1.09
6207,雷科    ,153719044,6296296,3081,24.41,25.5,22.95,23.98,24.15,19.32,6.12,7.58,1.44
6208,日揚科技,70313428,6713672,2157,10.47,10.95,10.15,10.41,10.6,12.47,14.15,5.83,0.79
6210,慶生電子,550189013,10482821,4145,52.48,55,49.7,52.28,53,12.56,5.66,29.91,3.25
6211,福登    ,134246417,5707766,3493,23.51,26.5,20.75,23.08,23.8,N/A,0,13.71,0.88
6217,中國探針,841579393,18025085,9457,46.68,48.8,44.65,46.15,45.6,28.15,1.31,38,3.04
6220,岳豐科技,29374707,2628066,982,11.17,11.95,10.85,11.09,11.95,N/A,2.09,2.31,0.74
6242,亨豐科技,548383,38895,41,14.11,14.9,13.05,14.25,14.55,N/A,0,0.21,2.59
6248,沛波國際,10437463,1968433,531,5.3,6.29,4.19,5.13,4.9,N/A,0,4.15,1.06
6250,宇加科技,1217972,79205,77,15.38,16.8,13.95,15.31,14.6,N/A,0,0.43,2.78
6266,泰詠電子,26596326,2664069,1053,9.98,10.2,9.43,9.87,9.86,11.74,6.28,3.45,0.63
6274,台燿科技,847605992,53936854,12892,15.71,16.15,15.3,15.65,15.55,11.6,3.85,22.9,0.8
6279,胡連精密,109200825,2173433,1526,50.24,51.9,49,50,50.4,10.57,6.15,2.46,1.96
6284,佳邦科技,200867042,10520018,3823,19.09,21.4,16.25,18.69,20.75,345.83,2.4,10.59,0.76
6290,良維科技,1021833847,30236484,14139,33.79,35.7,31.5,33.46,35.2,16.37,2.98,24.01,1.53
6292,迅德興業,23744698,980234,518,24.22,25,23.6,24.18,23.8,9.56,6.3,2.09,1.3
8042,金山電子,310710228,8349181,4034,37.21,38.3,35.5,36.99,36.5,7.87,6.84,9.03,1.39
8043,蜜望實  ,26294134,1770017,769,14.85,15.1,14.6,14.83,14.7,7.7,6.8,1.93,0.68
8074,鉅橡    ,27065127,1722415,732,15.71,15.95,15.35,15.72,15.7,10.06,6.36,3.23,1.14
8080,奧斯特  ,25034360,2793052,1239,8.96,9.49,8.25,8.94,9.07,N/A,0,5.59,0.79
8091,翔名科技,310272562,4630827,2788,67,69.9,64.1,66.91,67.2,10.15,4.41,10.32,2.66
8093,保銳科技,4142173,756119,330,5.47,5.77,5.2,5.41,5.6,N/A,0,1.18,0.55
8109,博大科技,29839407,819971,511,36.39,37.4,35.25,36.38,36,12.12,8.33,1.37,2.63
8121,越峰電子,3185593660,71625174,41002,44.47,48.6,37.3,42.96,46.7,155.67,3.42,39.47,2.76
8182,加高電子,29813374,2422060,888,12.3,12.85,11.75,12.33,12.65,27.5,5.53,2.26,0.54
8287,英格爾  ,1783322217,48576382,28282,36.71,42.4,32.65,36.48,35.65,11.65,12,36.43,1.32
8289,泰藝電子,18680129,1698890,560,10.99,11.5,10.5,10.92,10.8,56.84,7.87,2.19,0.59
8291,尚茂    ,2502369,459285,184,5.44,5.6,5.35,5.49,5.44,N/A,12.31,0.6,0.56
8358,金居    ,39498802,3794676,1443,10.4,10.85,9.93,10.37,10.4,N/A,13.46,1.79,0.93
3224,三顧    ,2403659,492091,263,4.88,5.2,4.57,4.91,4.95,N/A,0,1.17,0.68
3232,昱捷    ,53639653,3751576,2281,14.29,15.55,13,14.18,13.1,N/A,0,9.03,1.28
3360,尚立    ,26771021,2921700,1155,9.16,9.55,8.67,8.99,8.79,879,5.68,5.53,0.6
3444,利機企業,22400989,1293111,684,17.32,18.55,16.8,17.42,16.8,9.6,11.9,3.31,1.14
3528,安馳    ,20524075,762908,561,26.9,27.55,26.1,26.94,27,10.59,9.59,1.5,1.38
5467,聯福生  ,693875,204051,133,3.4,3.68,3.15,3.39,3.46,N/A,0,0.18,1.16
6113,亞矽科技,11372042,1020110,401,11.14,11.85,10.75,11.2,10.9,N/A,0,1.83,0.79
6118,建達國際,43868622,3734205,1664,11.74,12.85,11,11.5,11,73.33,1.81,4.11,0.99
6135,佳營電子,38415501,3319882,1046,11.57,12,10.2,11.59,11.5,N/A,0,4.36,1.24,,
6154,順發電腦,22124713,912162,539,24.25,24.5,24.05,24.29,24.2,12.28,8.26,1.14,1.62,,
6171,亞銳士  ,24776341,1360867,572,18.2,19.45,16.1,17.72,17.5,N/A,1.14,4.98,1.6,,
6227,茂綸    ,48374404,3841227,1500,12.59,13.25,11.95,12.59,12.65,13.46,3.95,5.05,0.79,,
6259,百徽    ,1684566,283136,149,5.94,6.44,5.62,6.19,5.92,N/A,0,0.4,0.88,,
6265,方土昶  ,69995801,8740285,3063,8,8.65,7.08,8.01,8.06,201.5,0.99,7.18,0.63,,
6270,倍微科技,28922601,2186953,987,13.22,13.9,12.85,13.23,13.3,N/A,7.51,2.91,0.55,,
8032,光菱電子,3945821,162272,123,24.31,25.3,23.5,24.38,24.3,9.92,5.34,0.31,1.12,,
8067,志旭國際,1480855,235546,167,6.28,6.69,6,6.37,6.16,N/A,0,0.53,0.87,,
8068,全達國際,1530178,140021,111,10.92,12.35,10,11.19,10.35,N/A,0,0.46,2.41,,
8096,擎亞國際,1851601549,62627901,32244,29.56,31.8,27.15,29.2,29.2,7.85,8.9,53.92,1.28,,
3083,中華網龍,280554382,4111575,3354,68.23,70.6,65.5,67.88,66.1,44.66,4.99,4.7,3.18,,
3085,久大資訊,34829497,4472843,1523,7.78,8.91,6.07,7.56,7.76,N/A,0,6.28,0.88,,
3086,華義國際,119432663,7612843,3755,15.68,16.25,15.05,15.45,15.2,37.07,7.56,10.32,1.39,,
3293,鈊象電子,574990385,5086571,4278,113.04,119.5,105,113.4,110.5,9.84,9.95,7.32,2.71,,
3546,宇峻奧汀,231308663,3783499,2860,61.13,63.4,58.6,61.07,60.2,34.2,0.81,11,2.09,,
3570,大塚資訊,12020645,323567,245,37.15,38.2,36.1,37.18,37.45,12,6.67,1.89,1.52
3662,樂陞    ,160824280,2547182,1665,63.13,70,56,61.37,68.9,N/A,1.74,9.86,3.12
3687,歐買尬  ,2740018916,17942960,13602,152.7,190,123,153.45,123,10.43,8.17,59.69,3.43
4946,紅心辣椒,79269030,1336212,1106,59.32,61.7,56.6,59.06,59.1,227.31,1.69,6.48,1.83
4965,商店街  ,14714158,153029,143,96.15,99.5,94,95.79,94.1,20.37,4.25,1.08,3.64
4994,傳奇    ,687480710,3359255,3288,204.65,229,183,201.85,184,13.79,6.25,7.14,4.07
5201,凱衛資訊,8294309,937570,373,8.84,9.71,8.18,8.71,9.69,46.14,0,3.06,1.01
5202,力新國際,28630166,5641956,1489,5.07,5.65,4.78,5.01,5,N/A,0,9.3,0.49
5206,坤悅開發,4499188,264657,156,17,18.3,15.65,17.36,16.65,8.12,0,0.35,2.5
5209,新鼎系統,25084616,391021,305,64.15,65.4,60.7,64.31,64.4,12.68,8.35,1.75,3.26
5210,寶碩    ,7795058,1048947,399,7.43,7.65,7.22,7.41,7.5,N/A,1.33,1.52,0.67
5211,蒙恬科技,45688862,1260311,905,36.25,37.9,34.5,36.05,35.1,16.25,6.09,3.94,2.05
5212,凌網科技,19399393,1320764,221,14.68,15.65,14,14.46,14.45,N/A,2.42,3.81,1.5
5310,天剛資訊,33507316,887937,586,37.74,42.35,33.55,36.46,42.3,423,4.72,3.31,1.98
5403,中菲    ,30545557,1494317,735,20.44,20.85,20,20.43,20.6,9.24,4.9,2.66,1.64
5410,國眾電腦,310638336,26000497,7862,11.94,12.7,11,11.9,11.05,12.42,5.79,28.98,0.99
5478,智冠    ,800701960,13461425,9970,59.48,62.2,55.4,58.91,60.6,42.98,10.8,10.56,1.7
6111,大宇資訊,1389571,101381,50,13.7,17.65,12.95,15.07,14.8,N/A,0,0.27,6.43
6140,訊達電腦,3366095,310045,229,10.85,11.3,10.15,10.73,10.7,44.58,4.11,0.81,0.87
6148,驊宏資通,54247299,8416713,2374,6.44,6.97,5.87,6.37,6.45,18.97,0,9.56,0.68
6169,昱泉國際,31597098,1533063,1100,20.61,21.7,19.2,20.41,21,N/A,4.76,5.4,0.97
6180,橘子    ,156556752,6240767,3288,25.08,26.65,23.4,25.07,26.55,189.64,3.01,3.98,1.56
6221,晉泰科技,200680727,9428172,4914,21.28,22.5,20.15,21.35,20.95,8.91,9.06,26.22,1.36
6231,系微    ,526023319,4426682,3626,118.83,126,107,117.72,120,18.26,6.25,11.7,6.45
6240,松崗    ,71291,5312,3,13.6,13.6,13.6,13.6,15.55,N/A,0,0.01,9.66
8044,網路家庭,1061816688,6271612,4969,169.3,178.5,165,167.95,166,30.24,3.14,7.66,9.21
8099,大世科  ,19804358,1146560,613,17.27,17.9,16.85,17.21,17.2,13.76,8.72,1.71,1.21
8416,實威    ,375523844,5744143,4262,65.37,69.9,59,64.23,64.3,11.54,7.77,22.4,3.48
1785,光洋科技,1735612877,44653659,24064,38.86,41.2,36.55,38.46,38.2,20.11,5.23,10.92,1.53
3064,泰偉電子,125663965,3266260,2491,38.47,39.4,37.3,38.23,37.7,16.11,2.65,4.5,2.36
3067,全域    ,1404750,79140,49,17.75,18.25,16.45,17.86,17.8,890,3.37,0.27,1.43
3093,台灣港建,6051557,132100,104,45.8,46.85,45,45.81,45.35,15.22,5.51,0.36,2.1
3131,弘塑科技,53593431,712135,596,75.25,76.6,73.9,75.24,75,9.45,9.33,3.24,3.37
3285,微端    ,473653600,21830017,11335,21.69,24,18.7,21.13,19.45,19.45,5.14,49.49,1.46
3289,宜特科技,57051695,2984522,1491,19.11,19.85,18.55,19.08,19.8,24.75,1.51,4.26,1
3303,岱稜    ,269890083,16671569,5693,16.18,16.9,15,16.25,16.45,N/A,0,18.48,0.95
3324,雙鴻科技,1144879813,30850089,16648,37.11,39,34.7,36.75,36.9,12.55,2.68,49.42,2.26
3373,熱映光電,386017256,7885265,5607,48.95,52.6,41.6,48.47,52.6,89.15,2.01,24.57,3.56
3402,漢科    ,34099978,2551775,1179,13.36,13.9,12.45,13.29,13.35,31.05,6.21,3.46,0.83
3498,陽程    ,175753861,9348610,3830,18.79,21.85,16.2,17.85,21.85,N/A,0,13.77,1.06
3508,位速    ,4223170598,55290410,37063,76.38,81.9,69.8,75.64,77.6,8.52,0.94,59.56,2.15
3541,西柏科技,29585538,947013,649,31.24,32.4,30.3,31.04,31,8.73,8.06,2.49,2
3551,世禾科技,63018981,1746396,1029,36.08,36.6,35.7,36.12,35.9,9.94,5.65,3.07,0.92
3552,同致電子,334568652,4655224,3078,71.86,74.5,65.8,71.42,70.8,16.86,3.1,6.49,2.57
3563,牧德科技,177191737,3868247,3113,45.8,47.8,44.3,45.57,44.7,8.36,9.5,11.47,2.49
3580,友威科  ,49613045,4497959,1457,11.03,11.8,9.22,10.33,10.5,N/A,2.85,10.06,0.56
3587,閎康科技,215674447,6237520,3093,34.57,36.5,32.3,34.21,33.95,9.93,7.36,14.47,1.76
3628,盈正    ,114376715,2196991,1577,52.06,54,48.3,50.91,50.7,12.97,9.86,4.88,1.51
3642,駿熠電  ,137151615,5498179,3056,24.94,27.9,22.7,24.33,22.85,7.64,13.12,16.29,0.8
5205,漢康科技,13373078,1507210,727,8.87,9.7,8.46,8.93,8.8,N/A,3.06,6.21,1.14
5383,金利    ,19520062,1790884,535,10.89,11.2,10.55,10.95,11.05,N/A,1.8,2.51,0.87
5452,佶優科技,130898023,8364476,3024,15.64,16.45,14.95,15.5,15.45,30.29,6.47,6.06,1.11
5489,彩富電子,273891253,6765185,3591,40.48,42.5,37.4,40.41,41,15.59,2.95,6.49,2.88
5493,三聯科技,20686617,936622,452,22.08,23.2,21.4,22.03,21.75,14.12,9.19,2.45,1.12
5536,聖暉    ,461987482,4014141,3170,115.08,119,111.5,114.27,114,9.97,8.77,8.7,2.3
6144,得利影視,2953510,278925,186,10.58,11.85,9.82,10.46,11,N/A,0,0.38,1.74
6146,耕興    ,93534610,1390700,1125,67.25,69.4,65.1,67.17,65.7,12.03,7.61,1.71,3.04
6151,晉倫科技,100419359,5230728,2604,19.19,20.3,18.15,18.82,18.35,16.68,8.71,10.13,1.09
6179,世仰科技,5322257,700666,263,7.59,8.3,7.4,7.59,7.48,N/A,0,1.25,1.05
6187,萬潤    ,33704316,2155873,1028,15.63,16.35,15.15,15.57,15.4,38.5,0,2.69,0.85
6238,勝麗國際,16685,4462,5,3.77,3.9,3.41,3.41,3.89,N/A,0,0.02,1.41
6247,淇譽電子,18823500,1562100,758,12.05,12.4,11.85,12.07,12,N/A,1.66,2.59,0.88
6275,元山科技,24959273,1743824,695,14.31,15.5,13.85,14.3,14.4,102.86,3.47,3.66,1.19
6276,安鈦克  ,247048878,5531485,3630,44.66,48.3,39,42.88,40,N/A,0,13.97,3.48
8047,星雲電腦,23155719,2323100,990,9.96,10.75,8.7,9.6,9.98,47.52,1.5,4.57,0.92
8085,福華電子,30493342,6861816,2182,4.44,4.69,4.22,4.44,4.46,N/A,0,4.36,0.4
8092,建暐精密,14083042,1430136,611,9.84,10.1,9.75,9.86,9.77,195.4,0,4.74,0.82
8183,台灣精星,31109253,5780472,1416,5.38,5.66,5.22,5.34,5.42,N/A,0,4.98,0.42
8383,千附實業,122657860,6854846,3264,17.89,19,16.05,17.18,17.8,28.25,4.6,5.63,0.87
2341,英群    ,958427,1072227,464,0.89,1.1,0.76,0.91,0.96,N/A,0,0.52,-32
2381,華宇光能,5989423,1336532,659,4.48,5.04,3.16,4.25,3.16,79,0,0.69,0.27
4801,高盛電子,163010,6118,9,26.77,27.8,25.15,26.79,25.15,13.52,0,0.01,2.28
5318,佳鼎科技,1311011,130538,168,10.04,10.9,9.8,10.15,10.7,N/A,0,0.7,-4.04
,,,,,,,,,,,,,
