公  司  編  號,公    司           名    稱,營        業        額        (單位：仟元),,,,,累 計 營 業 額 (單位：仟元),,,各 股 月 底 股 價 (單位：元),,
,,100,100,與上月比較增減%,99,與去年同月比較增減%,100,99,與去年同期比較增減%,100.03 ,99.03 ,與去年同期比較增減%
1101,台泥,2085036,1411427,47.73 ,1935701,7.71 ,5834409,5517415,5.75 ,36.00 ,29.95 ,20.20 
1102,亞泥,903106,657640,37.33 ,842170,7.24 ,2431250,2339250,3.93 ,33.60 ,31.00 ,8.39 
1103,嘉泥,165224,93848,76.05 ,169191,-2.34 ,445145,466227,-4.52 ,17.20 ,15.65 ,9.90 
1104,環球水泥,318716,194335,64.00 ,284688,11.95 ,839539,729602,15.07 ,18.95 ,16.25 ,16.62 
1108,幸福水泥,282921,164703,71.78 ,247121,14.49 ,738237,663348,11.29 ,7.53 ,8.13 ,-7.38 
1109,信大水泥,116997,74300,57.47 ,114602,2.09 ,313034,304809,2.70 ,10.30 ,10.15 ,1.48 
1110,東泥,137196,88192,55.57 ,129671,5.80 ,352847,341971,3.18 ,14.40 ,11.45 ,25.76 
1201,味全公司,1095331,896623,22.16 ,1034701,5.86 ,3101971,2922260,6.15 ,32.85 ,37.05 ,-11.34 
1203,味王公司,184092,149486,23.15 ,145379,26.63 ,521068,476455,9.36 ,22.55 ,26.60 ,-15.23 
1210,大成長城,2027686,1637680,23.81 ,1783707,13.68 ,5712757,5221024,9.42 ,31.15 ,32.65 ,-4.59 
1213,大飲,38449,50387,-23.69 ,43309,-11.22 ,151731,167646,-9.49 ,27.20 ,11.80 ,130.51 
1215,卜蜂企業,1266010,952927,32.85 ,1130915,11.95 ,3554378,3290206,8.03 ,18.65 ,14.50 ,28.62 
1216,統一,4086523,3440539,18.78 ,3732515,9.48 ,12311216,10791722,14.08 ,39.90 ,36.15 ,10.37 
1217,愛之味,267008,164641,62.18 ,232816,14.69 ,755140,964840,-21.73 ,12.65 ,12.90 ,-1.94 
1218,泰山企業,640575,506703,26.42 ,580946,10.26 ,1770438,1636205,8.20 ,17.15 ,12.80 ,33.98 
1219,福壽實業,838672,673246,24.57 ,725011,15.68 ,2295241,2095276,9.54 ,14.80 ,12.60 ,17.46 
1220,台榮,295919,169368,74.72 ,197694,49.69 ,682237,509804,33.82 ,13.70 ,10.25 ,33.66 
1225,福懋油,793746,624783,27.04 ,690140,15.01 ,2259338,1975040,14.39 ,14.60 ,15.60 ,-6.41 
1227,佳格,1018562,803764,26.72 ,853157,19.39 ,3297159,2896165,13.85 ,80.50 ,58.00 ,38.79 
1229,聯華實業,307234,282608,8.71 ,284114,8.14 ,954559,781409,22.16 ,20.50 ,15.45 ,32.69 
1231,聯華食品,373847,344734,8.45 ,284898,31.22 ,1339596,1137677,17.75 ,25.40 ,14.30 ,77.62 
1232,大統益,1527905,1068252,43.03 ,1235711,23.65 ,4086577,3583239,14.05 ,52.00 ,41.00 ,26.83 
1233,天仁,146267,149401,-2.10 ,136954,6.80 ,529452,490110,8.03 ,53.70 ,44.00 ,22.05 
1234,黑松,448924,382187,17.46 ,324473,38.35 ,1415632,973865,45.36 ,23.25 ,26.50 ,-12.26 
1235,興泰,28456,28251,0.73 ,30656,-7.18 ,84385,97180,-13.17 ,27.20 ,33.30 ,-18.32 
1236,宏亞食品,148386,104736,41.68 ,127358,16.51 ,673559,621917,8.30 ,23.10 ,22.20 ,4.05 
1301,台塑,20088252,14625606,37.35 ,16925878,18.68 ,52131730,46215179,12.80 ,104.50 ,70.00 ,49.29 
1303,南亞塑膠,21136002,18045714,17.12 ,18522589,14.11 ,58588806,51364328,14.07 ,85.90 ,64.80 ,32.56 
1304,台聚,1396788,926744,50.72 ,1053255,32.62 ,3492965,2899709,20.46 ,40.10 ,21.15 ,89.60 
1305,華夏,1013636,668122,51.71 ,785211,29.09 ,2394761,2069808,15.70 ,13.25 ,13.05 ,1.53 
1307,三芳化工,722164,379036,90.53 ,628825,14.84 ,1724896,1381109,24.89 ,34.90 ,36.20 ,-3.59 
1308,亞聚,653624,626633,4.31 ,596327,9.61 ,1863277,1483877,25.57 ,50.70 ,29.05 ,74.53 
1309,台達化工,1041574,784060,32.84 ,948156,9.85 ,2865548,2361563,21.34 ,17.05 ,13.15 ,29.66 
1310,台苯,1226593,1013631,21.01 ,1244610,-1.45 ,3421525,3159122,8.31 ,13.70 ,17.50 ,-21.71 
1312,國喬石化,1783491,1549879,15.07 ,1527358,16.77 ,4949772,4118754,20.18 ,17.85 ,15.55 ,14.79 
1313,聯成,808014,527425,53.20 ,813973,-0.73 ,1989510,2000292,-0.54 ,21.95 ,17.80 ,23.31 
1314,中石化,3610128,3028445,19.21 ,3461781,4.29 ,9947997,9254584,7.49 ,37.40 ,13.75 ,172.00 
1315,達新工業,185475,125309,48.01 ,161367,14.94 ,535400,471753,13.49 ,27.40 ,23.45 ,16.84 
1316,上曜,19266,10570,82.27 ,25742,-25.16 ,38149,50668,-24.71 ,23.90 ,10.70 ,123.36 
1319,東陽,1209168,903875,33.78 ,907322,33.27 ,3167160,2260749,40.09 ,41.30 ,58.90 ,-29.88 
1321,大洋,492155,349446,40.84 ,491121,0.21 ,1300858,1216364,6.95 ,20.00 ,24.40 ,-18.03 
1323,永裕,157596,91382,72.46 ,141263,11.56 ,390832,372162,5.02 ,23.90 ,18.60 ,28.49 
1324,地球工業,135350,120137,12.66 ,111994,20.85 ,376208,322401,16.69 ,17.15 ,22.40 ,-23.44 
1325,恒大,108629,75288,44.28 ,93835,15.77 ,297136,263945,12.57 ,25.80 ,24.30 ,6.17 
1326,台化,28368283,27187369,4.34 ,25548288,11.04 ,81654847,70990234,15.02 ,112.50 ,74.30 ,51.41 
1402,遠東新,6025435,4561804,32.08 ,4763950,26.48 ,15721005,12052829,30.43 ,46.55 ,34.90 ,33.38 
1409,新纖,2733905,1998836,36.77 ,2264545,20.73 ,7016987,6024331,16.48 ,13.25 ,11.70 ,13.25 
1410,南染,34054,17754,91.81 ,22503,51.33 ,78316,56286,39.14 ,17.25 ,16.20 ,6.48 
1413,宏洲化工,487658,323214,50.88 ,372134,31.04 ,1253378,958974,30.70 ,8.94 ,5.77 ,54.94 
1414,東和,109103,83960,29.95 ,474609,-77.01 ,304216,1124577,-72.95 ,16.85 ,5.15 ,227.18 
1416,廣豐,7964,8780,-9.29 ,15285,-47.90 ,29715,69241,-57.08 ,12.05 ,10.20 ,18.14 
1417,嘉裕,89225,89823,-0.67 ,87889,1.52 ,318779,316914,0.59 ,9.98 ,8.61 ,15.91 
1418,東華,421880,349335,20.77 ,386262,9.22 ,877436,906717,-3.23 ,12.05 ,13.45 ,-10.41 
1419,新紡,72310,48097,50.34 ,45779,57.95 ,183511,156125,17.54 ,39.80 ,39.30 ,1.27 
1423,利華羊毛,158686,96667,64.16 ,93743,69.28 ,384597,211235,82.07 ,8.12 ,8.00 ,1.50 
1432,大魯閣,1108,3581,-69.06 ,2609,-57.53 ,5340,3046,75.31 ,14.80 ,9.31 ,58.97 
1434,福懋興業,3356874,2698348,24.40 ,2755116,21.84 ,8972188,7358405,21.93 ,29.15 ,25.30 ,15.22 
1435,中福,1863,1807,3.10 ,1798,3.62 ,5614,7255,-22.62 ,6.20 ,4.48 ,38.39 
1436,福益,737,740,-0.41 ,816,-9.68 ,2240,2570,-12.84 ,9.19 ,8.49 ,8.24 
1437,勤益,128069,93064,37.61 ,153541,-16.59 ,338872,416610,-18.66 ,20.15 ,21.50 ,-6.28 
1438,裕豐,0,23371,-100.00 ,7636,-100.00 ,23371,19568,19.43 ,2.50 ,1.86 ,34.41 
1439,中和羊毛,55769,21276,162.12 ,39661,40.61 ,121274,135648,-10.60 ,37.65 ,40.00 ,-5.88 
1440,南紡,1744850,1274069,36.95 ,1393236,25.24 ,4915070,3404081,44.39 ,19.45 ,12.80 ,51.95 
1441,大東紡織,203567,138713,46.75 ,136204,49.46 ,526259,348996,50.79 ,8.94 ,8.28 ,7.97 
1442,名軒,169939,150135,13.19 ,253654,-33.00 ,722874,548691,31.75 ,22.70 ,19.15 ,18.54 
1443,立益紡織,170273,90587,87.97 ,105336,61.65 ,329950,295127,11.80 ,3.46 ,3.09 ,11.97 
1444,力麗,1514829,836337,81.13 ,883358,71.49 ,3608882,2214025,63.00 ,15.80 ,10.25 ,54.15 
1445,大宇紡織,208662,132961,56.93 ,178807,16.70 ,550954,472088,16.71 ,8.99 ,8.30 ,8.31 
1446,宏和,68170,55329,23.21 ,66763,2.11 ,196808,213815,-7.95 ,19.20 ,13.80 ,39.13 
1447,力鵬,2958764,1473527,100.79 ,2589575,14.26 ,6464286,6172827,4.72 ,14.85 ,15.40 ,-3.57 
1449,佳和實業,201388,146562,37.41 ,197344,2.05 ,528894,441090,19.91 ,3.15 ,3.09 ,1.94 
1451,年興紡織,991353,702258,41.17 ,751314,31.95 ,2560439,1899372,34.80 ,23.10 ,18.50 ,24.86 
1452,宏益,204219,212188,-3.76 ,191291,6.76 ,645450,481257,34.12 ,16.00 ,9.94 ,60.97 
1453,大將,43472,33585,29.44 ,18520,134.73 ,109007,47797,128.06 ,10.10 ,9.16 ,10.26 
1454,台富,290355,198739,46.10 ,203828,42.45 ,704645,547586,28.68 ,8.65 ,7.25 ,19.31 
1455,集盛,1901543,1593744,19.31 ,1580113,20.34 ,5048107,4059620,24.35 ,20.10 ,13.65 ,47.25 
1456,怡華,220635,180704,22.10 ,181686,21.44 ,594232,467752,27.04 ,2.30 ,1.54 ,49.35 
1457,宜進,704200,474761,48.33 ,384355,83.22 ,1659467,965818,71.82 ,12.00 ,8.20 ,46.34 
1459,聯發紡織,340508,303693,12.12 ,278611,22.22 ,954931,722345,32.20 ,17.60 ,9.47 ,85.85 
1460,宏遠,542735,379995,42.83 ,308029,76.20 ,1350036,888200,52.00 ,7.90 ,5.88 ,34.35 
1463,強盛染整,59355,35893,65.37 ,54056,9.80 ,145430,114408,27.12 ,11.00 ,9.51 ,15.67 
1464,得力實業,164273,107200,53.24 ,144240,13.89 ,395154,322482,22.54 ,10.90 ,7.01 ,55.49 
1465,偉全實業,150800,74978,101.13 ,121399,24.22 ,355928,324388,9.72 ,17.30 ,11.55 ,49.78 
1466,聚隆,612654,489004,25.29 ,468065,30.89 ,1698098,1138611,49.14 ,40.35 ,7.82 ,415.98 
1467,南緯實業,258261,242715,6.41 ,300107,-13.94 ,716981,893581,-19.76 ,10.45 ,11.60 ,-9.91 
1468,昶和纖維,95638,40621,135.44 ,42701,123.97 ,186439,159822,16.65 ,13.30 ,11.70 ,13.68 
1469,理隆纖維,88446,62662,41.15 ,63439,39.42 ,220165,116693,88.67 ,11.40 ,10.80 ,5.56 
1470,大統染,82875,54897,50.96 ,82613,0.32 ,216379,186768,15.85 ,12.15 ,9.15 ,32.79 
1471,首利,705189,364099,93.68 ,732456,-3.72 ,1587605,1768603,-10.23 ,17.00 ,34.10 ,-50.15 
1472,三洋纖,132668,109096,21.61 ,84479,57.04 ,363113,181512,100.05 ,6.32 ,5.06 ,24.90 
1473,台南企業,641378,650335,-1.38 ,598589,7.15 ,2013647,1979347,1.73 ,39.60 ,32.85 ,20.55 
1474,弘裕,414474,243516,70.20 ,311498,33.06 ,972399,700703,38.77 ,10.20 ,8.15 ,25.15 
1475,本盟光電,71679,57810,23.99 ,55968,28.07 ,171476,97200,76.42 ,10.60 ,11.70 ,-9.40 
1476,儒鴻,955013,536172,78.12 ,721011,32.45 ,2173139,1681332,29.25 ,38.30 ,20.30 ,88.67 
1477,聚陽實業,1186857,795409,49.21 ,1151484,3.07 ,3457942,3306555,4.58 ,68.70 ,71.90 ,-4.45 
1503,士電,1400921,1018665,37.53 ,1265849,10.67 ,3867918,3674443,5.27 ,36.50 ,38.55 ,-5.32 
1504,東元電機,2094959,1637567,27.93 ,1930401,8.52 ,5894844,5287141,11.49 ,20.50 ,13.95 ,46.95 
1506,正道,87617,68584,27.75 ,71966,21.75 ,233536,188697,23.76 ,26.75 ,16.30 ,64.11 
1507,永大機電,326665,300239,8.80 ,309084,5.69 ,930144,830723,11.97 ,47.70 ,26.30 ,81.37 
1512,瑞利,264787,168504,57.14 ,243101,8.92 ,654829,598152,9.48 ,8.62 ,9.67 ,-10.86 
1513,中興電,567830,547550,3.70 ,350030,62.22 ,1663910,1415967,17.51 ,18.15 ,18.55 ,-2.16 
1514,亞力電機,264811,202477,30.79 ,254859,3.90 ,672748,523858,28.42 ,12.20 ,14.25 ,-14.39 
1515,力山,206847,105776,95.55 ,330566,-37.43 ,514787,815115,-36.84 ,8.05 ,10.55 ,-23.70 
1516,川飛,0,0,NA,27500,-100.00 ,0,86286,-100.00 ,2.66 ,15.45 ,-82.78 
1517,利奇機械,154672,131695,17.45 ,194473,-20.47 ,490719,548724,-10.57 ,14.80 ,11.45 ,29.26 
1519,華城電機,552027,201832,173.51 ,562317,-1.83 ,986181,1035294,-4.74 ,25.85 ,27.60 ,-6.34 
1521,大億,366609,352381,4.04 ,335118,9.40 ,1097374,1008284,8.84 ,67.10 ,48.35 ,38.78 
1522,堤維西,761634,529969,43.71 ,744551,2.29 ,2000210,1924185,3.95 ,17.50 ,25.80 ,-32.17 
1524,耿鼎公司,290222,209360,38.62 ,336704,-13.81 ,791833,843480,-6.12 ,9.25 ,13.40 ,-30.97 
1525,江申工業,140963,103523,36.17 ,100273,40.58 ,351431,240248,46.28 ,52.50 ,48.70 ,7.80 
1526,日馳,59876,34400,74.06 ,58898,1.66 ,137711,134860,2.11 ,7.05 ,6.47 ,8.96 
1527,鑽全,254138,151415,67.84 ,246451,3.12 ,681691,644654,5.75 ,24.95 ,30.95 ,-19.39 
1528,恩德,263264,159450,65.11 ,245135,7.40 ,600520,572201,4.95 ,15.40 ,12.40 ,24.19 
1529,樂士,15452,7342,110.46 ,2537,509.07 ,28011,33395,-16.12 ,4.44 ,5.52 ,-19.57 
1530,亞崴機電,205724,123964,65.95 ,224477,-8.35 ,497219,514341,-3.33 ,34.70 ,37.30 ,-6.97 
1531,高林股,426946,257139,66.04 ,335524,27.25 ,997100,799511,24.71 ,33.70 ,22.70 ,48.46 
1532,勤美,409674,356211,15.01 ,360162,13.75 ,1135286,974262,16.53 ,30.00 ,45.40 ,-33.92 
1533,車王電,106154,102069,4.00 ,97009,9.43 ,351072,266888,31.54 ,24.00 ,27.50 ,-12.73 
1535,中宇,722643,608888,18.68 ,934124,-22.64 ,1937728,2216210,-12.57 ,53.70 ,47.75 ,12.46 
1536,和大工業,237085,165160,43.55 ,190571,24.41 ,602267,506988,18.79 ,16.10 ,16.00 ,0.63 
1537,廣隆光電,285665,318301,-10.25 ,286544,-0.31 ,971102,841198,15.44 ,60.00 ,39.85 ,50.56 
1538,正峰新,89918,75541,19.03 ,105218,-14.54 ,241435,276846,-12.79 ,54.30 ,41.45 ,31.00 
1539,巨庭機械,111771,54758,104.12 ,94142,18.73 ,297026,251994,17.87 ,7.85 ,9.50 ,-17.37 
1540,喬福機械,95560,39526,141.76 ,136467,-29.98 ,249004,318672,-21.86 ,22.00 ,30.55 ,-27.99 
1541,錩泰,70038,33646,108.16 ,108375,-35.37 ,200048,242797,-17.61 ,15.05 ,23.90 ,-37.03 
1560,中砂,339129,284870,19.05 ,277629,22.15 ,942045,774224,21.68 ,73.90 ,43.75 ,68.91 
1582,信錦,118905,128013,-7.11 ,98292,20.97 ,378615,261753,44.65 ,51.70 ,78.50 ,-34.14 
1583,程泰,208808,80125,160.60 ,160551,30.06 ,421434,343737,22.60 ,35.10 ,33.35 ,5.25 
1603,華電,204045,144567,41.14 ,262351,-22.22 ,487082,562678,-13.44 ,11.25 ,12.45 ,-9.64 
1604,聲寶,710895,420336,69.13 ,748160,-4.98 ,2040338,1962578,3.96 ,9.76 ,5.51 ,77.13 
1605,華新,8316826,5738729,44.92 ,6960060,19.49 ,20135346,19300115,4.33 ,15.30 ,12.50 ,22.40 
1608,華榮,985473,856509,15.06 ,954700,3.22 ,2557582,2391691,6.94 ,11.10 ,12.15 ,-8.64 
1609,大亞電線,773184,549569,40.69 ,820957,-5.82 ,2054359,2014010,2.00 ,8.25 ,8.43 ,-2.14 
1611,中電,513673,508596,1.00 ,508235,1.07 ,1559828,1369652,13.88 ,25.80 ,29.70 ,-13.13 
1612,宏泰,625258,319985,95.40 ,553229,13.02 ,1458140,1395156,4.51 ,14.25 ,13.80 ,3.26 
1613,台一,619211,399132,55.14 ,545270,13.56 ,1504191,1181030,27.36 ,6.76 ,4.92 ,37.40 
1614,三洋電,414225,395826,4.65 ,542963,-23.71 ,1468165,1628854,-9.87 ,32.55 ,32.50 ,0.15 
1615,大山,320296,376494,-14.93 ,363091,-11.79 ,978737,995477,-1.68 ,15.00 ,13.50 ,11.11 
1616,億泰,395166,276866,42.73 ,321903,22.76 ,983856,649778,51.41 ,7.13 ,6.94 ,2.74 
1617,榮星電線,510857,414791,23.16 ,470947,8.47 ,1388669,1097130,26.57 ,13.10 ,7.94 ,64.99 
1618,合機公司,348665,311289,12.01 ,350275,-0.46 ,865489,679781,27.32 ,20.60 ,21.10 ,-2.37 
1701,中化,290486,173104,67.81 ,267421,8.62 ,716787,723879,-0.98 ,25.10 ,21.10 ,18.96 
1702,南僑化工,213897,150324,42.29 ,149424,43.15 ,589282,483208,21.95 ,42.75 ,34.75 ,23.02 
1704,榮化,3243322,2280121,42.24 ,2864831,13.21 ,7799883,6960642,12.06 ,85.10 ,37.50 ,126.93 
1707,葡萄王,219068,144196,51.92 ,169372,29.34 ,572746,426868,34.17 ,41.60 ,47.00 ,-11.49 
1708,東鹼,226048,176910,27.78 ,223276,1.24 ,623221,703355,-11.39 ,33.80 ,33.40 ,1.20 
1709,和益化工,954334,777169,22.80 ,881102,8.31 ,2509861,2105696,19.19 ,17.35 ,14.20 ,22.18 
1710,東聯,1272825,1118352,13.81 ,1224587,3.94 ,3559385,3286137,8.32 ,42.00 ,26.55 ,58.19 
1711,永光化學,519413,408541,27.14 ,607909,-14.56 ,1407182,1442442,-2.44 ,29.90 ,33.30 ,-10.21 
1712,興農,675896,447780,50.94 ,588995,14.75 ,1663652,1567363,6.14 ,13.50 ,14.10 ,-4.26 
1713,國化,53189,40657,30.82 ,47717,11.47 ,145059,120845,20.04 ,13.35 ,12.30 ,8.54 
1714,和桐化學,1176114,804193,46.25 ,909063,29.38 ,3236730,2816455,14.92 ,16.75 ,17.70 ,-5.37 
1715,亞洲化學,395291,258055,53.18 ,344128,14.87 ,996686,891678,11.78 ,19.00 ,14.60 ,30.14 
1717,長興化學,1770843,1210277,46.32 ,1759911,0.62 ,4647414,4419960,5.15 ,34.90 ,32.45 ,7.55 
1718,中纖,1501503,1495331,0.41 ,1774070,-15.36 ,4456101,3812905,16.87 ,15.55 ,8.28 ,87.80 
1720,生達化學,193861,130413,48.65 ,177971,8.93 ,531551,493685,7.67 ,30.00 ,27.10 ,10.70 
1721,三晃,190048,129411,46.86 ,201674,-5.76 ,460151,458750,0.31 ,10.50 ,16.55 ,-36.56 
1722,台肥,1522037,1249533,21.81 ,1214571,25.31 ,4015271,3189632,25.89 ,88.50 ,101.50 ,-12.81 
1723,中碳,872295,764862,14.05 ,648702,34.47 ,2458567,1669905,47.23 ,159.00 ,89.50 ,77.65 
1724,台硝,252551,171241,47.48 ,145105,74.05 ,617806,367341,68.18 ,14.30 ,12.45 ,14.86 
1725,元禎,912758,751326,21.49 ,892458,2.27 ,2480183,2319663,6.92 ,21.55 ,23.00 ,-6.30 
1726,永記造漆,459746,440248,4.43 ,590600,-22.16 ,1656905,1627641,1.80 ,46.50 ,45.50 ,2.20 
1727,中華化學,185577,131583,41.03 ,150234,23.53 ,487457,376794,29.37 ,29.15 ,29.35 ,-0.68 
1729,必翔實業,94259,50232,87.65 ,75948,24.11 ,240742,206461,16.60 ,51.00 ,60.90 ,-16.26 
1730,花仙子,79370,59563,33.25 ,64798,22.49 ,256817,233445,10.01 ,19.40 ,16.75 ,15.82 
1731,美吾華,208913,136328,53.24 ,213171,-2.00 ,608072,640425,-5.05 ,16.00 ,18.90 ,-15.34 
1732,毛寶,52827,38356,37.73 ,50114,5.41 ,206700,197603,4.60 ,17.85 ,15.90 ,12.26 
1733,五鼎,137873,127667,7.99 ,150458,-8.36 ,364002,430356,-15.42 ,65.20 ,62.20 ,4.82 
1734,杏輝藥品,156954,98228,59.79 ,142213,10.37 ,416000,366431,13.53 ,31.95 ,30.10 ,6.15 
1735,日勝化,263142,131579,99.99 ,240793,9.28 ,539296,513292,5.07 ,14.25 ,16.80 ,-15.18 
1736,喬山健康,627993,351049,78.89 ,583500,7.63 ,1476252,1486565,-0.69 ,49.90 ,44.65 ,11.76 
1737,臺鹽,271508,165762,63.79 ,171055,58.73 ,665048,510225,30.34 ,24.00 ,20.55 ,16.79 
1762,中化合成,91747,76863,19.36 ,104793,-12.45 ,278574,290492,-4.10 ,66.60 ,0.00 ,NA
1773,勝一化工,672541,496752,35.39 ,517492,29.96 ,1749036,1363975,28.23 ,48.25 ,37.00 ,30.41 
1802,台玻,1370588,965561,41.95 ,1547544,-11.43 ,3570440,3962176,-9.89 ,37.85 ,33.70 ,12.31 
1805,寶徠,3639,2647,37.48 ,18445,-80.27 ,12122,81072,-85.05 ,15.80 ,6.30 ,150.79 
1806,冠軍,250676,137285,82.60 ,203817,22.99 ,613113,526889,16.36 ,24.00 ,22.00 ,9.09 
1808,國賓大地,55804,82211,-32.12 ,222835,-74.96 ,205896,405070,-49.17 ,25.70 ,22.10 ,16.29 
1809,中釉,131607,85851,53.30 ,150090,-12.31 ,333890,338811,-1.45 ,27.05 ,25.00 ,8.20 
1810,和成,234066,198997,17.62 ,231300,1.20 ,688353,655063,5.08 ,11.85 ,11.40 ,3.95 
1902,台紙,525176,382436,37.32 ,469860,11.77 ,1339039,1336886,0.16 ,17.55 ,10.80 ,62.50 
1903,士紙,200880,163142,23.13 ,176822,13.61 ,523643,485309,7.90 ,58.30 ,72.00 ,-19.03 
1904,正隆,2126098,1690068,25.80 ,2121033,0.24 ,5778212,5413914,6.73 ,13.90 ,12.65 ,9.88 
1905,華紙,629145,536801,17.20 ,693510,-9.28 ,1737203,1802524,-3.62 ,16.50 ,16.85 ,-2.08 
1906,寶隆,14263,27269,-47.70 ,24220,-41.11 ,47610,69113,-31.11 ,8.03 ,9.52 ,-15.65 
1907,永豐餘,1687375,1287050,31.10 ,1750941,-3.63 ,4520056,4309775,4.88 ,12.70 ,13.20 ,-3.79 
1909,榮成,628966,469905,33.85 ,577877,8.84 ,1696302,1433948,18.30 ,11.85 ,10.70 ,10.75 
2002,中鋼,20689920,16026288,29.10 ,19355784,6.89 ,56506086,53240602,6.13 ,35.15 ,32.85 ,7.00 
2006,東和鋼鐵,3653015,2484350,47.04 ,2904874,25.75 ,9777893,7855605,24.47 ,34.70 ,36.05 ,-3.74 
2007,燁興公司,1087666,1050967,3.49 ,958772,13.44 ,3335177,2545071,31.04 ,8.13 ,8.41 ,-3.33 
2008,高興昌,579058,399896,44.80 ,797374,-27.38 ,1546796,1939497,-20.25 ,6.11 ,8.10 ,-24.57 
2009,第一伸銅,622055,492954,26.19 ,630896,-1.40 ,1555795,1618618,-3.88 ,14.15 ,15.15 ,-6.60 
2010,春源鋼鐵,1543877,1106551,39.52 ,1411189,9.40 ,3968792,3684703,7.71 ,15.60 ,13.40 ,16.42 
2012,春雨,474570,301699,57.30 ,341895,38.81 ,1179007,848346,38.98 ,9.66 ,10.30 ,-6.21 
2013,中鋼構,1243126,639822,94.29 ,772631,60.90 ,2677263,1839339,45.56 ,32.40 ,23.45 ,38.17 
2014,中鴻,4728977,4120971,14.75 ,4093736,15.52 ,13262694,10760388,23.25 ,18.25 ,14.90 ,22.48 
2015,豐興鋼鐵,3625931,2252529,60.97 ,2899837,25.04 ,9040297,7254405,24.62 ,52.40 ,53.80 ,-2.60 
2017,官田鋼,599456,546497,9.69 ,465387,28.81 ,1674146,1304634,28.32 ,12.05 ,10.50 ,14.76 
2020,美亞鋼管,598100,430628,38.89 ,524898,13.95 ,1522815,1340328,13.62 ,21.15 ,25.15 ,-15.90 
2022,聚亨,345038,269545,28.01 ,249679,38.19 ,807159,586034,37.73 ,8.86 ,7.90 ,12.15 
2023,燁輝,3066550,2775890,10.47 ,2955889,3.74 ,8756111,8336349,5.04 ,11.45 ,12.90 ,-11.24 
2024,志聯工業,229059,158859,44.19 ,196310,16.68 ,573403,450075,27.40 ,8.74 ,6.73 ,29.87 
2025,千興,861650,689268,25.01 ,632750,36.18 ,2114235,1419067,48.99 ,7.36 ,6.59 ,11.68 
2027,大成鋼,1035443,728733,42.09 ,965330,7.26 ,2479027,2077047,19.35 ,20.60 ,23.85 ,-13.63 
2028,威致鋼鐵,1044325,759284,37.54 ,445602,134.36 ,2920283,1464015,99.47 ,9.40 ,10.35 ,-9.18 
2029,盛餘,1838503,1054764,74.30 ,1599102,14.97 ,4540640,4158518,9.19 ,21.35 ,23.05 ,-7.38 
2030,彰源,1488742,1074670,38.53 ,1183987,25.74 ,3864780,2524197,53.11 ,18.80 ,17.75 ,5.92 
2031,新光鋼,803024,602463,33.29 ,851415,-5.68 ,2043962,2001101,2.14 ,32.75 ,34.70 ,-5.62 
2032,新鋼工業,497767,391542,27.13 ,545982,-8.83 ,1368387,1191209,14.87 ,18.85 ,23.25 ,-18.92 
2033,佳大世界,111545,88386,26.20 ,91524,21.88 ,286970,227049,26.39 ,16.50 ,21.50 ,-23.26 
2034,允強,2363619,1733307,36.36 ,2037739,15.99 ,6100447,4920014,23.99 ,24.35 ,27.75 ,-12.25 
2038,海光企業,1546201,850931,81.71 ,1076547,43.63 ,3730710,2649151,40.83 ,16.60 ,20.10 ,-17.41 
2049,上銀科技,1083410,853365,26.96 ,569863,90.12 ,2880988,1475757,95.22 ,189.00 ,56.40 ,235.11 
2059,川湖,162465,118321,37.31 ,168566,-3.62 ,418745,502684,-16.70 ,145.50 ,190.50 ,-23.62 
2062,橋椿,386117,248631,55.30 ,319825,20.73 ,928715,942767,-1.49 ,42.00 ,38.60 ,8.81 
2101,南港輪胎,585405,443472,32.00 ,415422,40.92 ,1511470,1201803,25.77 ,43.95 ,46.55 ,-5.59 
2102,泰豐輪胎,681646,466771,46.03 ,540549,26.10 ,1649419,1415695,16.51 ,19.00 ,25.65 ,-25.93 
2103,台橡,1958932,1561878,25.42 ,1416963,38.25 ,4839649,3397342,42.45 ,73.10 ,42.30 ,72.81 
2104,中橡,536445,393967,36.16 ,490809,9.30 ,1347613,1368967,-1.56 ,27.95 ,31.70 ,-11.83 
2105,正新,2342013,1283174,82.52 ,1786215,31.12 ,5364023,4426165,21.19 ,67.50 ,67.60 ,-0.15 
2106,建大,591010,365253,61.81 ,466705,26.63 ,1451176,1162972,24.78 ,36.65 ,35.40 ,3.53 
2107,厚生,570710,183473,211.06 ,331351,72.24 ,1027161,941158,9.14 ,27.95 ,28.05 ,-0.36 
2108,南帝化工,514585,491745,4.64 ,434807,18.35 ,1523421,1120348,35.98 ,25.00 ,23.20 ,7.76 
2109,華豐橡膠,251783,149393,68.54 ,234214,7.50 ,583186,631979,-7.72 ,9.90 ,13.85 ,-28.52 
2114,鑫永銓,182132,112275,62.22 ,116569,56.24 ,444918,354981,25.34 ,37.70 ,0.00 ,NA
2201,裕隆汽車,3557971,2279488,56.09 ,2452953,45.05 ,12336253,7269984,69.69 ,52.60 ,35.25 ,49.22 
2204,中華汽車,3632261,2224626,63.28 ,2337775,55.37 ,10553212,7554379,39.70 ,23.70 ,21.55 ,9.98 
2206,三陽工業,2224339,1334532,66.68 ,1649091,34.88 ,5681193,4238377,34.04 ,16.25 ,13.05 ,24.52 
2207,和泰汽車,8239794,5661859,45.53 ,7361797,11.93 ,27075137,21704915,24.74 ,86.00 ,70.10 ,22.68 
2208,台船公司,2505140,2052593,22.05 ,2317333,8.10 ,7314672,5912401,23.72 ,26.85 ,27.65 ,-2.89 
2227,裕隆日產,2843556,2011383,41.37 ,2368011,20.08 ,9661075,7159359,34.94 ,107.50 ,75.00 ,43.33 
2231,為升,83058,74576,11.37 ,113442,-26.78 ,250703,295018,-15.02 ,78.60 ,0.00 ,NA
2301,光寶科技,8571505,6349603,34.99 ,8939781,-4.12 ,22945474,24290950,-5.54 ,36.20 ,42.15 ,-14.12 
2302,麗正,28463,27351,4.07 ,27567,3.25 ,79888,75438,5.90 ,6.80 ,6.40 ,6.25 
2303,聯電,9585283,9007512,6.41 ,9479926,1.11 ,28117850,26715230,5.25 ,15.15 ,16.85 ,-10.09 
2305,全友電腦,20192,12093,66.97 ,12017,68.03 ,46575,59399,-21.59 ,4.47 ,5.12 ,-12.70 
2308,台達電,3051815,1934852,57.73 ,2292525,33.12 ,7691238,6419333,19.81 ,117.50 ,100.50 ,16.92 
2311,日月光,5890457,5059634,16.42 ,5349926,10.10 ,16619680,14638659,13.53 ,31.75 ,29.00 ,9.48 
2312,金寶電子,1379034,1227140,12.38 ,2081280,-33.74 ,4371696,5125099,-14.70 ,9.28 ,9.43 ,-1.59 
2313,華通,1689489,1291261,30.84 ,1416057,19.31 ,4434289,3682865,20.40 ,17.55 ,9.03 ,94.35 
2314,台揚科技,634493,604562,4.95 ,605316,4.82 ,1865065,1756830,6.16 ,14.85 ,20.60 ,-27.91 
2315,神達電腦,3265527,2202015,48.30 ,4417379,-26.08 ,8504079,12614208,-32.58 ,12.50 ,14.60 ,-14.38 
2316,楠梓電,315576,248234,27.13 ,321756,-1.92 ,909152,923943,-1.60 ,19.10 ,12.65 ,50.99 
2317,鴻海,214899498,152878333,40.57 ,156966787,36.91 ,554011950,414773108,33.57 ,104.50 ,137.50 ,-24.00 
2321,東訊,675017,500718,34.81 ,462813,45.85 ,1751975,1575905,11.17 ,7.86 ,11.75 ,-33.11 
2323,中環,1316583,923420,42.58 ,1527426,-13.80 ,3400598,4188863,-18.82 ,7.03 ,8.71 ,-19.29 
2324,仁寶電腦,66417105,43471055,52.78 ,75738043,-12.31 ,162860857,216653513,-24.83 ,29.65 ,41.55 ,-28.64 
2325,矽品,4607316,4083470,12.83 ,5257234,-12.36 ,13310008,15051665,-11.57 ,35.95 ,38.30 ,-6.14 
2327,國巨,1122644,797456,40.78 ,1026883,9.33 ,2922771,2745316,6.46 ,14.45 ,12.40 ,16.53 
2328,廣宇,415303,286252,45.08 ,406655,2.13 ,1128609,1216533,-7.23 ,34.80 ,52.50 ,-33.71 
2329,華泰電子,971674,677862,43.34 ,857132,13.36 ,2498636,2346728,6.47 ,6.80 ,10.15 ,-33.00 
2330,台積電,36370479,31753825,14.54 ,30823003,18.00 ,102548478,89174508,15.00 ,70.30 ,61.50 ,14.31 
2331,精英,6154952,3306824,86.13 ,4901196,25.58 ,14218944,11130716,27.75 ,9.75 ,13.60 ,-28.31 
2332,友訊科技,262804,214348,22.61 ,257728,1.97 ,714948,714122,0.12 ,27.20 ,32.80 ,-17.07 
2337,旺宏,2021769,2403074,-15.87 ,2247331,-10.04 ,6572738,6567981,0.07 ,19.45 ,21.00 ,-7.38 
2338,光罩,152165,126127,20.64 ,181498,-16.16 ,439524,536376,-18.06 ,12.05 ,13.30 ,-9.40 
2340,光磊,608301,577311,5.37 ,588199,3.42 ,1864986,1626203,14.68 ,20.30 ,26.70 ,-23.97 
2342,茂矽,281804,297680,-5.33 ,341740,-17.54 ,930764,1006786,-7.55 ,14.70 ,16.60 ,-11.45 
2344,華邦電,2374640,2187939,8.53 ,2445844,-2.91 ,7158814,7012841,2.08 ,9.47 ,8.94 ,5.93 
2345,智邦科技,1424070,1119687,27.18 ,1673501,-14.90 ,3776117,4080812,-7.47 ,18.90 ,14.75 ,28.14 
2347,聯強國際,5473404,3947856,38.64 ,3814842,43.48 ,15154458,11504280,31.73 ,68.60 ,70.00 ,-2.00 
2348,力廣,27329,24335,12.30 ,40484,-32.49 ,78251,122289,-36.01 ,4.91 ,4.10 ,19.76 
2349,錸德科技,1189773,829073,43.51 ,1357827,-12.38 ,3123116,3727519,-16.21 ,8.74 ,8.28 ,5.56 
2351,順德,727904,533246,36.50 ,596333,22.06 ,1911280,1714596,11.47 ,36.00 ,42.40 ,-15.09 
2352,佳世達,5771108,3918914,47.26 ,5480434,5.30 ,15760021,14158901,11.31 ,16.85 ,17.90 ,-5.87 
2353,宏碁,40752933,28054539,45.26 ,44426874,-8.27 ,102169711,139847115,-26.94 ,60.70 ,93.80 ,-35.29 
2354,鴻準,9859952,8868723,11.18 ,10020639,-1.60 ,25231013,24342428,3.65 ,110.00 ,116.50 ,-5.58 
2355,敬鵬,1157945,910595,27.16 ,1098873,5.38 ,3205010,2746177,16.71 ,24.10 ,26.05 ,-7.49 
2356,英業達,26606737,23027217,15.54 ,24370603,9.18 ,77259835,80581524,-4.12 ,15.15 ,18.15 ,-16.53 
2357,華碩,24248845,14223172,70.49 ,31714901,-23.54 ,58330303,74806365,-22.02 ,247.00 ,55.30 ,346.65 
2358,美格,80147,43653,83.60 ,51071,56.93 ,230926,210556,9.67 ,13.35 ,15.30 ,-12.75 
2359,所羅門,407509,248032,64.30 ,490521,-16.92 ,967503,1104334,-12.39 ,12.90 ,14.50 ,-11.03 
2360,致茂電子,603711,414169,45.76 ,418819,44.15 ,1464687,1173951,24.77 ,90.70 ,69.00 ,31.45 
2361,鴻友科技,79542,54280,46.54 ,78605,1.19 ,202677,155386,30.43 ,0.00 ,8.65 ,-100.00 
2362,藍天,964854,747543,29.07 ,969528,-0.48 ,2633652,2729567,-3.51 ,59.40 ,67.40 ,-11.87 
2363,矽統科技,176662,159430,10.81 ,240859,-26.65 ,500380,604754,-17.26 ,16.40 ,21.75 ,-24.60 
2364,倫飛電腦,250578,98829,153.55 ,172782,45.03 ,486209,399967,21.56 ,4.23 ,5.17 ,-18.18 
2365,昆盈企業,805937,550778,46.33 ,805173,0.09 ,2023668,2145298,-5.67 ,21.25 ,31.70 ,-32.97 
2367,燿華,945691,822146,15.03 ,685319,37.99 ,2677779,1765844,51.64 ,16.75 ,12.85 ,30.35 
2368,金像電,1285201,927650,38.54 ,1114392,15.33 ,3208663,3028252,5.96 ,12.50 ,12.15 ,2.88 
2369,菱生,561453,427314,31.39 ,581996,-3.53 ,1550498,1447358,7.13 ,22.80 ,17.20 ,32.56 
2371,大同,3502656,2697853,29.83 ,3026442,15.74 ,9380528,8871857,5.73 ,6.75 ,7.60 ,-11.18 
2373,震旦行,243733,209497,16.34 ,217413,12.11 ,685008,613490,11.66 ,49.80 ,40.10 ,24.19 
2374,佳能,5113053,2782448,83.76 ,5671992,-9.85 ,10624329,11218012,-5.29 ,44.20 ,52.80 ,-16.29 
2375,智寶,26092,21955,18.84 ,30226,-13.68 ,80549,44070,82.78 ,8.61 ,5.50 ,56.55 
2376,技嘉,4648520,2735854,69.91 ,4405114,5.53 ,12391371,14094024,-12.08 ,28.40 ,30.80 ,-7.79 
2377,微星科技,8930815,4956124,80.20 ,8666606,3.05 ,20794460,22869080,-9.07 ,14.90 ,19.90 ,-25.13 
2379,瑞昱,2028304,1479425,37.10 ,2271279,-10.70 ,5393888,6249086,-13.69 ,52.20 ,85.70 ,-39.09 
2380,虹光精密,331689,224458,47.77 ,258710,28.21 ,787890,668319,17.89 ,23.20 ,15.20 ,52.63 
2382,廣達,109651249,58342804,87.94 ,89137139,23.01 ,242494597,237882133,1.94 ,56.40 ,61.60 ,-8.44 
2383,台光電子,440451,372339,18.29 ,415951,5.89 ,1256963,1070540,17.41 ,32.30 ,30.95 ,4.36 
2384,勝華科技,8383068,5895755,42.19 ,3113763,169.23 ,21210995,7116909,198.04 ,50.60 ,28.80 ,75.69 
2385,群光電子,1536644,931036,65.05 ,1662946,-7.60 ,3885346,4269357,-8.99 ,52.70 ,84.50 ,-37.63 
2387,精元電腦,202163,98753,104.72 ,162096,24.72 ,497926,426462,16.76 ,29.60 ,36.10 ,-18.01 
2388,威盛電子,475701,329465,44.39 ,536326,-11.30 ,1239996,1244685,-0.38 ,30.70 ,18.30 ,67.76 
2390,云辰,54610,33777,61.68 ,71343,-23.45 ,125034,174981,-28.54 ,8.99 ,12.00 ,-25.08 
2392,正崴,4740977,2960528,60.14 ,2754622,72.11 ,11964041,6796706,76.03 ,57.50 ,62.50 ,-8.00 
2393,億光電子,1460627,1101455,32.61 ,1401031,4.25 ,3737717,3584168,4.28 ,83.00 ,98.60 ,-15.82 
2395,研華,1859995,1097999,69.40 ,1204863,54.37 ,4455823,3092014,44.11 ,89.50 ,67.80 ,32.01 
2397,友通資訊,156512,101211,54.64 ,126056,24.16 ,395768,363109,8.99 ,28.10 ,38.40 ,-26.82 
2399,映泰,686273,494019,38.92 ,693266,-1.01 ,1844639,1791614,2.96 ,16.00 ,23.20 ,-31.03 
2401,凌陽科技,406524,206008,97.33 ,643440,-36.82 ,1033719,1665030,-37.92 ,18.55 ,28.80 ,-35.59 
2402,毅嘉科技,224842,193673,16.09 ,193604,16.13 ,653171,480801,35.85 ,18.20 ,17.80 ,2.25 
2404,漢唐,814912,540287,50.83 ,353734,130.37 ,1795470,1085391,65.42 ,40.70 ,30.85 ,31.93 
2405,浩鑫,377969,212941,77.50 ,210384,79.66 ,775826,536711,44.55 ,17.25 ,28.70 ,-39.90 
2406,國碩科技,220118,165775,32.78 ,110291,99.58 ,502786,328709,52.96 ,50.30 ,46.60 ,7.94 
2408,南科,3737025,3551825,5.21 ,5257108,-28.91 ,10731578,14120809,-24.00 ,15.50 ,30.30 ,-48.84 
2409,友達,34236261,25712477,33.15 ,38800677,-11.76 ,88289958,106241834,-16.90 ,24.50 ,36.10 ,-32.13 
2412,中華電,15342942,16035621,-4.32 ,14620564,4.94 ,47584160,45517837,4.54 ,91.10 ,62.10 ,46.70 
2413,環科,322319,160100,101.32 ,323967,-0.51 ,769346,819480,-6.12 ,16.60 ,20.25 ,-18.02 
2414,精技電腦,1115922,721437,54.68 ,1320367,-15.48 ,2921630,3468411,-15.76 ,16.50 ,21.00 ,-21.43 
2415,錩新,75557,49227,53.49 ,74086,1.99 ,189083,174697,8.23 ,12.40 ,12.85 ,-3.50 
2417,圓剛,134193,92502,45.07 ,264197,-49.21 ,387936,817808,-52.56 ,36.40 ,44.30 ,-17.83 
2419,仲琦,455836,395058,15.38 ,393619,15.81 ,1316683,1118213,17.75 ,21.45 ,21.50 ,-0.23 
2420,新巨,365014,186255,95.98 ,320894,13.75 ,862874,800734,7.76 ,24.60 ,26.50 ,-7.17 
2421,建準電機,451718,304401,48.40 ,505337,-10.61 ,1193191,1337642,-10.80 ,25.00 ,29.00 ,-13.79 
2423,固緯,140623,105419,33.39 ,131576,6.88 ,371896,319284,16.48 ,22.95 ,26.75 ,-14.21 
2424,隴華電子,13142,25417,-48.29 ,17572,-25.21 ,51427,25881,98.71 ,16.60 ,17.20 ,-3.49 
2425,承啟,147140,104573,40.71 ,485177,-69.67 ,430422,962700,-55.29 ,10.00 ,20.30 ,-50.74 
2426,鼎元,321953,225675,42.66 ,301849,6.66 ,809087,797611,1.44 ,23.00 ,27.60 ,-16.67 
2427,三商電腦,203455,156157,30.29 ,123638,64.56 ,507701,334372,51.84 ,13.20 ,9.62 ,37.21 
2428,興勤電子,234348,141380,65.76 ,218483,7.26 ,593870,562094,5.65 ,49.30 ,55.00 ,-10.36 
2429,銘旺科,48936,33019,48.21 ,88298,-44.58 ,126057,206794,-39.04 ,0.00 ,22.00 ,-100.00 
2430,燦坤實業,1834545,2200167,-16.62 ,1968716,-6.82 ,7158273,7085541,1.03 ,60.00 ,56.80 ,5.63 
2431,聯昌電子,163145,125045,30.47 ,253204,-35.57 ,440186,809711,-45.64 ,14.60 ,24.25 ,-39.79 
2433,互盛電,115552,96473,19.78 ,113947,1.41 ,323135,312256,3.48 ,31.80 ,23.65 ,34.46 
2434,統懋,80316,53646,49.71 ,68736,16.85 ,189592,172371,9.99 ,17.00 ,21.40 ,-20.56 
2436,偉詮電,197649,151204,30.72 ,221834,-10.90 ,510956,596307,-14.31 ,20.40 ,27.60 ,-26.09 
2437,旺詮,108701,70791,53.55 ,101249,7.36 ,270455,245954,9.96 ,62.90 ,66.40 ,-5.27 
2438,英誌企業,15779,4612,242.13 ,17750,-11.10 ,27435,32486,-15.55 ,4.01 ,1.22 ,228.69 
2439,美律,521522,268640,94.13 ,512749,1.71 ,1236984,1311691,-5.70 ,44.75 ,61.90 ,-27.71 
2440,太空梭,170571,127362,33.93 ,176816,-3.53 ,470090,469546,0.12 ,7.51 ,11.95 ,-37.15 
2441,超豐電子,882696,545029,61.95 ,1040885,-15.20 ,2246665,2709340,-17.08 ,26.70 ,32.70 ,-18.35 
2442,新美齊,36601,32026,14.29 ,446231,-91.80 ,84977,1709720,-95.03 ,12.70 ,17.85 ,-28.85 
2443,新利虹,83777,74015,13.19 ,128672,-34.89 ,253877,419051,-39.42 ,4.15 ,8.36 ,-50.36 
2444,友旺科技,168703,119839,40.77 ,207079,-18.53 ,482390,515535,-6.43 ,9.95 ,12.70 ,-21.65 
2448,晶電,1698298,1360967,24.79 ,1462303,16.14 ,4447615,4030106,10.36 ,107.00 ,105.50 ,1.42 
2449,京元電,975351,970771,0.47 ,1180182,-17.36 ,2976259,3340764,-10.91 ,16.15 ,15.45 ,4.53 
2450,神腦,2127087,1942419,9.51 ,1709535,24.42 ,6198638,4906613,26.33 ,76.60 ,49.35 ,55.22 
2451,創見資訊,2904616,1884552,54.13 ,2835616,2.43 ,7563330,8110202,-6.74 ,80.40 ,115.00 ,-30.09 
2453,凌群,348045,196349,77.26 ,371968,-6.43 ,701230,718059,-2.34 ,11.80 ,17.75 ,-33.52 
2454,聯發科,4761251,2735915,74.03 ,6578483,-27.62 ,12276778,20184664,-39.18 ,335.50 ,551.00 ,-39.11 
2455,全新,209127,186533,12.11 ,146487,42.76 ,581416,390260,48.98 ,76.10 ,87.50 ,-13.03 
2456,奇力新,194370,141043,37.81 ,203830,-4.64 ,502499,491599,2.22 ,26.60 ,30.00 ,-11.33 
2457,飛宏科技,1323284,846795,56.27 ,982401,34.70 ,3333831,2688253,24.01 ,49.95 ,30.25 ,65.12 
2458,義隆,438916,313696,39.92 ,505145,-13.11 ,1174114,1227286,-4.33 ,40.60 ,50.40 ,-19.44 
2459,敦吉,562126,357621,57.18 ,588610,-4.50 ,1355101,1556767,-12.95 ,32.35 ,23.90 ,35.36 
2460,建通精密,197102,121385,62.38 ,258236,-23.67 ,512542,652944,-21.50 ,19.55 ,26.95 ,-27.46 
2461,光群雷射,39793,23744,67.59 ,49436,-19.51 ,101535,123536,-17.81 ,15.55 ,24.85 ,-37.42 
2462,良得電,386284,186819,106.77 ,300701,28.46 ,871203,798108,9.16 ,36.20 ,57.90 ,-37.48 
2463,研揚科技,224573,172316,30.33 ,161762,38.83 ,638553,424592,50.39 ,56.90 ,54.10 ,5.18 
2464,盟立,560743,549681,2.01 ,381912,46.83 ,1648097,1095343,50.46 ,32.95 ,31.60 ,4.27 
2465,麗臺科技,224942,108969,106.43 ,208912,7.67 ,546848,625888,-12.63 ,8.72 ,15.25 ,-42.82 
2466,冠西電,100258,73629,36.17 ,102486,-2.17 ,277085,293448,-5.58 ,29.20 ,32.35 ,-9.74 
2467,志聖工業,285664,173290,64.85 ,263447,8.43 ,655642,554633,18.21 ,25.65 ,20.85 ,23.02 
2468,華經,142568,79376,79.61 ,119689,19.12 ,315124,350077,-9.98 ,14.20 ,15.85 ,-10.41 
2471,資通,64900,44610,45.48 ,75049,-13.52 ,173571,171417,1.26 ,23.20 ,29.05 ,-20.14 
2472,立隆電子,375491,238903,57.17 ,341201,10.05 ,922232,906274,1.76 ,21.20 ,22.55 ,-5.99 
2473,思源,108811,102213,6.46 ,89039,22.21 ,311711,264503,17.85 ,33.35 ,35.70 ,-6.58 
2474,可成科技,771537,626494,23.15 ,119198,547.27 ,2077358,233335,790.29 ,139.50 ,78.00 ,78.85 
2475,華映,5628274,4304498,30.75 ,7060323,-20.28 ,14846077,18891330,-21.41 ,3.62 ,3.63 ,-0.28 
2476,鉅祥,114786,75307,52.42 ,155045,-25.97 ,290617,408506,-28.86 ,21.70 ,25.15 ,-13.72 
2477,美隆電,264057,108097,144.28 ,269234,-1.92 ,791965,695778,13.82 ,14.65 ,14.00 ,4.64 
2478,大毅,267308,174496,53.19 ,222421,20.18 ,651794,539552,20.80 ,31.75 ,43.80 ,-27.51 
2480,敦陽科技,332272,297883,11.54 ,317636,4.61 ,951155,882342,7.80 ,26.20 ,35.05 ,-25.25 
2481,強茂,490957,337978,45.26 ,452360,8.53 ,1200136,1203010,-0.24 ,39.30 ,31.50 ,24.76 
2482,連宇,71192,64603,10.20 ,64608,10.19 ,206436,174209,18.50 ,15.30 ,25.60 ,-40.23 
2483,百容,119171,79407,50.08 ,103396,15.26 ,307788,290105,6.10 ,16.70 ,18.05 ,-7.48 
2484,希華,208389,115060,81.11 ,184481,12.96 ,512060,472423,8.39 ,18.05 ,14.60 ,23.63 
2485,兆赫電子,1000065,775383,28.98 ,557103,79.51 ,2635608,2065915,27.58 ,53.40 ,59.70 ,-10.55 
2486,一詮精密,303047,276039,9.78 ,413400,-26.69 ,885589,1023020,-13.43 ,31.70 ,51.40 ,-38.33 
2488,漢平,103588,80488,28.70 ,102344,1.22 ,274816,275801,-0.36 ,16.10 ,16.00 ,0.63 
2489,瑞軒,5098206,4864292,4.81 ,5241931,-2.74 ,13462940,13522369,-0.44 ,24.75 ,36.65 ,-32.47 
2491,吉祥全,31058,18227,70.40 ,29296,6.01 ,77125,72598,6.24 ,8.90 ,3.81 ,133.60 
2492,華新科,740314,502043,47.46 ,777029,-4.73 ,1903903,2026625,-6.06 ,17.95 ,19.55 ,-8.18 
2493,揚博科技,189588,163827,15.72 ,112669,68.27 ,545557,307259,77.56 ,19.00 ,20.20 ,-5.94 
2495,普安,158420,193124,-17.97 ,202758,-21.87 ,561428,607226,-7.54 ,37.40 ,51.00 ,-26.67 
2496,卓越光纖,5791,4145,39.71 ,11510,-49.69 ,14066,30217,-53.45 ,8.00 ,2.86 ,179.72 
2497,怡利電子,94521,59666,58.42 ,59756,58.18 ,228210,140438,62.50 ,23.50 ,21.65 ,8.55 
2498,宏達電,35322281,31041734,13.79 ,16382800,115.61 ,101018948,37697395,167.97 ,1095.00 ,371.00 ,195.15 
2499,東貝光電,550457,538631,2.20 ,501579,9.74 ,1621327,1210786,33.91 ,54.50 ,62.40 ,-12.66 
2501,國建,42600,34093,24.95 ,482282,-91.17 ,97914,556339,-82.40 ,14.15 ,13.45 ,5.20 
2504,國產,810505,428431,89.18 ,774521,4.65 ,2177360,2175684,0.08 ,12.90 ,13.40 ,-3.73 
2505,國揚實業,153178,20789,636.82 ,30580,400.91 ,194562,105513,84.40 ,20.20 ,22.80 ,-11.40 
2506,太設,35448,1612567,-97.80 ,212453,-83.31 ,1712550,431191,297.17 ,5.04 ,6.83 ,-26.21 
2509,全坤建,143202,64449,122.19 ,213808,-33.02 ,605872,663660,-8.71 ,24.00 ,27.00 ,-11.11 
2511,太子,764768,692884,10.37 ,467765,63.49 ,2178273,1589845,37.01 ,17.70 ,14.40 ,22.92 
2514,龍邦國際,7774,7417,4.81 ,5957,30.50 ,26306,23817,10.45 ,10.35 ,17.40 ,-40.52 
2515,中工,1168974,963023,21.39 ,1186785,-1.50 ,3257144,3418846,-4.73 ,8.69 ,7.73 ,12.42 
2516,新亞,474437,338927,39.98 ,603648,-21.41 ,1450841,1635516,-11.29 ,11.55 ,7.61 ,51.77 
2520,冠德,955379,205388,365.16 ,410948,132.48 ,1323702,1587340,-16.61 ,21.00 ,24.55 ,-14.46 
2524,京城,580611,148458,291.09 ,390519,48.68 ,928103,674209,37.66 ,28.15 ,31.85 ,-11.62 
2527,宏璟,12415,49413,-74.88 ,25167,-50.67 ,83209,120637,-31.03 ,17.45 ,18.15 ,-3.86 
2528,皇普建設,19,112,-83.04 ,209,-90.91 ,332,4017,-91.74 ,18.50 ,3.88 ,376.80 
2530,華建,57033,633562,-91.00 ,88549,-35.59 ,734085,789906,-7.07 ,14.70 ,12.80 ,14.84 
2534,宏盛,108009,2341,4513.80 ,408890,-73.58 ,119665,1050692,-88.61 ,16.30 ,18.65 ,-12.60 
2535,達工,767180,787433,-2.57 ,996467,-23.01 ,2584629,2415454,7.00 ,19.05 ,18.60 ,2.42 
2536,宏普建設,197948,89995,119.95 ,170648,16.00 ,444699,844570,-47.35 ,35.50 ,42.10 ,-15.68 
2537,聯上開發,21371,42,50783.33 ,12881,65.91 ,21458,55643,-61.44 ,14.70 ,15.80 ,-6.96 
2538,基泰建設,349271,73075,377.96 ,361012,-3.25 ,493407,499026,-1.13 ,16.50 ,17.10 ,-3.51 
2539,櫻花建設,16307,4089,298.80 ,68711,-76.27 ,118078,140335,-15.86 ,20.80 ,26.00 ,-20.00 
2540,金尚昌,0,0,NA,0,NA,0,0,NA,8.90 ,8.45 ,5.33 
2542,興富發,1969825,1647682,19.55 ,2857706,-31.07 ,9205126,8851520,3.99 ,61.60 ,50.00 ,23.20 
2543,皇昌營造,443800,343873,29.06 ,489387,-9.32 ,1162335,1245368,-6.67 ,5.98 ,7.03 ,-14.94 
2545,皇翔,1488505,112033,1228.63 ,54644,2624.00 ,1691994,111464,1417.97 ,69.20 ,55.60 ,24.46 
2546,根基,653729,434446,50.47 ,327790,99.44 ,1618424,1015736,59.34 ,29.00 ,28.05 ,3.39 
2547,日勝,1573023,1335263,17.81 ,666616,135.97 ,4451129,2316408,92.16 ,33.30 ,26.70 ,24.72 
2548,華固建設,508626,354518,43.47 ,407618,24.78 ,2799874,2736186,2.33 ,81.40 ,82.40 ,-1.21 
2597,潤弘精密,300428,163861,83.34 ,966347,-68.91 ,800115,1759769,-54.53 ,36.60 ,53.90 ,-32.10 
2601,益航,15251,14405,5.87 ,18788,-18.83 ,45596,57340,-20.48 ,65.40 ,50.80 ,28.74 
2603,長榮海運,1204544,1079830,11.55 ,1215230,-0.88 ,3685070,3707989,-0.62 ,24.80 ,18.70 ,32.62 
2605,新興,27359,20339,34.51 ,18621,46.93 ,63947,53141,20.33 ,32.10 ,40.35 ,-20.45 
2606,裕民,122358,98336,24.43 ,259623,-52.87 ,345841,591637,-41.55 ,62.40 ,64.40 ,-3.11 
2607,榮運,372605,286146,30.21 ,341174,9.21 ,1024397,971302,5.47 ,23.35 ,26.60 ,-12.22 
2608,大榮貨運,536021,340264,57.53 ,480272,11.61 ,1448082,1321573,9.57 ,29.45 ,25.40 ,15.94 
2609,陽明海運,6575044,7675241,-14.33 ,7075106,-7.07 ,22938890,21835206,5.05 ,23.35 ,11.90 ,96.22 
2610,華航,11285172,9223656,22.35 ,11092705,1.74 ,31549982,31217011,1.07 ,17.10 ,11.60 ,47.41 
2611,志信,35517,24116,47.28 ,42561,-16.55 ,92644,123855,-25.20 ,12.75 ,15.75 ,-19.05 
2612,中航,158459,126636,25.13 ,141511,11.98 ,426512,375275,13.65 ,62.60 ,81.80 ,-23.47 
2613,中櫃,205271,179241,14.52 ,189189,8.50 ,567046,523670,8.28 ,22.05 ,18.10 ,21.82 
2614,東森,575287,670658,-14.22 ,391805,46.83 ,1898086,1471388,29.00 ,6.68 ,8.28 ,-19.32 
2615,萬海,5771592,4238551,36.17 ,5060083,14.06 ,15620592,13276238,17.66 ,20.55 ,17.85 ,15.13 
2616,山隆通運,1408293,1119506,25.80 ,1207894,16.59 ,3911964,3345485,16.93 ,18.75 ,16.25 ,15.38 
2617,台航,125065,96634,29.42 ,109992,13.70 ,347278,299460,15.97 ,32.05 ,41.25 ,-22.30 
2618,長榮航,8412048,7138220,17.85 ,8283066,1.56 ,24184992,23144092,4.50 ,23.10 ,14.95 ,54.52 
2701,萬企,24230,31054,-21.97 ,23661,2.40 ,82234,83979,-2.08 ,15.45 ,16.75 ,-7.76 
2702,華園,12486,17842,-30.02 ,12517,-0.25 ,49145,41777,17.64 ,25.80 ,28.90 ,-10.73 
2704,國賓,222898,236577,-5.78 ,226884,-1.76 ,725470,690359,5.09 ,42.00 ,34.65 ,21.21 
2705,六福,174986,224990,-22.22 ,183190,-4.48 ,610923,568637,7.44 ,18.30 ,18.15 ,0.83 
2706,第一店,29186,27164,7.44 ,27815,4.93 ,82464,80498,2.44 ,26.40 ,26.75 ,-1.31 
2707,晶華酒店,280159,258351,8.44 ,301017,-6.93 ,881402,869149,1.41 ,482.50 ,347.50 ,38.85 
2801,彰化銀行,2122027,1730178,22.65 ,1909976,11.10 ,5839238,5457826,6.99 ,23.65 ,14.40 ,64.24 
2809,京城銀行,411352,352499,16.70 ,316890,29.81 ,1088446,896860,21.36 ,16.60 ,8.99 ,84.65 
2812,台中銀行,463509,314412,47.42 ,456933,1.44 ,1306056,1287755,1.42 ,12.65 ,8.18 ,54.65 
2816,旺旺保險,356919,391249,-8.77 ,4476979,-92.03 ,1227180,6180926,-80.15 ,14.20 ,22.70 ,-37.44 
2820,華票,144184,148821,-3.12 ,207730,-30.59 ,485487,526883,-7.86 ,10.90 ,9.50 ,14.74 
2823,中壽,17106878,11632579,47.06 ,13622215,25.58 ,38716288,41858982,-7.51 ,29.65 ,24.50 ,21.02 
2832,台產,297766,323471,-7.95 ,866781,-65.65 ,989914,2664809,-62.85 ,25.10 ,27.65 ,-9.22 
2833,台灣人壽,6037968,4108028,46.98 ,7772253,-22.31 ,14182537,18786715,-24.51 ,27.75 ,38.60 ,-28.11 
2834,臺灣企銀,1401224,1282036,9.30 ,1310000,6.96 ,4316259,3670105,17.61 ,11.75 ,8.39 ,40.05 
2836,高銀,211593,181778,16.40 ,196333,7.77 ,598186,581885,2.80 ,12.45 ,11.00 ,13.18 
2837,萬泰銀行,104231,60874,71.22 ,5598,1761.93 ,245938,22772,980.00 ,7.37 ,6.90 ,6.81 
2838,聯邦銀行,703084,546476,28.66 ,569301,23.50 ,1820842,1548123,17.62 ,10.50 ,5.99 ,75.29 
2841,台灣土地,5365,61654,-91.30 ,47062,-88.60 ,71102,113412,-37.31 ,14.40 ,14.40 ,0.00 
2845,遠東商銀,619264,600226,3.17 ,640023,-3.24 ,1901358,1854520,2.53 ,13.30 ,10.25 ,29.76 
2847,大眾銀行,844495,560693,50.62 ,671788,25.71 ,2065167,1891857,9.16 ,11.00 ,6.30 ,74.60 
2849,安泰銀行,425803,372706,14.25 ,495082,-13.99 ,1192294,1324596,-9.99 ,14.50 ,8.98 ,61.47 
2850,新產,724186,-164062,NA,2494879,-70.97 ,2242897,9711535,-76.90 ,23.65 ,27.40 ,-13.69 
2851,中再保,1087137,1124383,-3.31 ,2097256,-48.16 ,3463000,3431292,0.92 ,16.75 ,16.25 ,3.08 
2852,第一保,445409,267824,66.31 ,830248,-46.35 ,1090876,2942357,-62.93 ,17.70 ,12.95 ,36.68 
2854,寶來證券,590011,388794,51.75 ,764858,-22.86 ,1649388,1603822,2.84 ,19.65 ,16.50 ,19.09 
2855,統一證券,435215,195473,122.65 ,429140,1.42 ,1208877,1248910,-3.21 ,17.75 ,18.35 ,-3.27 
2856,元富證券,2785069,3456634,-19.43 ,1654752,68.31 ,9473417,5116022,85.17 ,12.65 ,13.15 ,-3.80 
2880,華南金,704519,638712,10.30 ,663589,6.17 ,2121782,1371384,54.72 ,21.85 ,19.45 ,12.34 
2881,富邦金,1747370,3515123,-50.29 ,1690014,3.39 ,10534997,6535142,61.21 ,39.10 ,38.60 ,1.30 
2882,國泰金,-695859,1207566,-157.62 ,239417,-390.65 ,1932766,-1314430,NA,47.90 ,53.00 ,-9.62 
2883,開發金,482086,-388356,NA,1241551,-61.17 ,823205,1259976,-34.67 ,11.70 ,9.00 ,30.00 
2884,玉山金控,494811,409106,20.95 ,398802,24.07 ,1413215,1070532,32.01 ,18.60 ,12.85 ,44.75 
2885,元大金,765037,1104637,-30.74 ,928679,-17.62 ,3129050,1890383,65.52 ,20.80 ,19.05 ,9.19 
2886,兆豐金,1978400,1350574,46.49 ,1417474,39.57 ,5147900,4163721,23.64 ,23.00 ,18.40 ,25.00 
2887,台新金控,1175557,573399,105.02 ,1064097,10.47 ,2764568,2395800,15.39 ,16.50 ,12.90 ,27.91 
2888,新光金,-211894,3349600,-106.33 ,-1309883,NA,1425125,-2719721,NA,12.70 ,12.50 ,1.60 
2889,國票金控,210127,1083167,-80.60 ,169121,24.25 ,1477660,383366,285.44 ,16.25 ,10.10 ,60.89 
2890,永豐金控,515118,440619,16.91 ,726421,-29.09 ,1579345,1041155,51.69 ,13.20 ,11.30 ,16.81 
2891,中信金,2327916,1625276,43.23 ,1407303,65.42 ,5148667,3940540,30.66 ,25.00 ,18.00 ,38.89 
2892,第一金控,750702,592909,26.61 ,650674,15.37 ,2155043,1008846,113.61 ,25.15 ,17.45 ,44.13 
2901,欣欣大眾,54706,71625,-23.62 ,48966,11.72 ,190058,177897,6.84 ,25.50 ,25.40 ,0.39 
2903,遠百,1400685,2215337,-36.77 ,1392509,0.59 ,6109491,5557189,9.94 ,44.80 ,26.30 ,70.34 
2904,匯僑,32727,32088,1.99 ,30685,6.65 ,97841,98178,-0.34 ,16.30 ,15.30 ,6.54 
2905,三商行,699632,837158,-16.43 ,541173,29.28 ,2436610,1931650,26.14 ,21.00 ,16.85 ,24.63 
2906,高林實,246201,259551,-5.14 ,293539,-16.13 ,877801,874668,0.36 ,13.65 ,12.35 ,10.53 
2908,特力,1261305,768611,64.10 ,958900,31.54 ,3443565,2827852,21.77 ,22.30 ,18.80 ,18.62 
2910,統領,129838,157237,-17.43 ,120511,7.74 ,501423,456613,9.81 ,22.15 ,22.70 ,-2.42 
2911,麗嬰房,195114,190412,2.47 ,200409,-2.64 ,687873,647392,6.25 ,43.85 ,34.70 ,26.37 
2912,統一超,9406303,9540881,-1.41 ,9267065,1.50 ,28284074,26890584,5.18 ,133.00 ,79.20 ,67.93 
2913,台灣農林,105760,42303,150.01 ,104558,1.15 ,215131,255706,-15.87 ,16.90 ,19.80 ,-14.65 
2915,潤泰全球,385688,362811,6.31 ,338937,13.79 ,1248023,1061878,17.53 ,78.50 ,72.30 ,8.58 
3002,歐格電子,37546,20060,87.17 ,74900,-49.87 ,102833,161917,-36.49 ,15.60 ,27.20 ,-42.65 
3003,健和興,205876,120828,70.39 ,172421,19.40 ,507302,405546,25.09 ,28.05 ,37.00 ,-24.19 
3004,豐達科技,114606,46364,147.19 ,104842,9.31 ,208022,210040,-0.96 ,21.45 ,8.98 ,138.86 
3005,神基科技,386173,276099,39.87 ,414998,-6.95 ,1098962,1200274,-8.44 ,15.60 ,26.15 ,-40.34 
3006,晶豪科技,626238,399684,56.68 ,803580,-22.07 ,1635353,1982001,-17.49 ,44.50 ,49.95 ,-10.91 
3008,大立光,1172576,786818,49.03 ,765220,53.23 ,2965472,1961479,51.19 ,788.00 ,477.50 ,65.03 
3010,華立,2521347,1840859,36.97 ,1466223,71.96 ,6447387,4067618,58.51 ,57.90 ,43.30 ,33.72 
3011,今皓,49354,28306,74.36 ,69233,-28.71 ,152173,173588,-12.34 ,10.20 ,13.45 ,-24.16 
3013,晟銘電子,328924,206998,58.90 ,448433,-26.65 ,830466,1148612,-27.70 ,54.10 ,25.45 ,112.57 
3014,聯陽,382866,273066,40.21 ,398577,-3.94 ,1026157,1162670,-11.74 ,47.90 ,61.00 ,-21.48 
3015,全漢,1156669,861120,34.32 ,1301164,-11.11 ,3228588,3756504,-14.05 ,36.95 ,41.50 ,-10.96 
3016,嘉晶,91753,71434,28.44 ,71485,28.35 ,245118,199112,23.11 ,34.50 ,38.20 ,-9.69 
3017,奇鋐科技,1049657,720917,45.60 ,1024475,2.46 ,2617847,2637434,-0.74 ,32.65 ,36.80 ,-11.28 
3018,同開科技,99775,144975,-31.18 ,26443,277.32 ,275094,133147,106.61 ,18.55 ,19.50 ,-4.87 
3019,亞洲光學,374912,238784,57.01 ,272346,37.66 ,904311,585150,54.54 ,61.80 ,63.60 ,-2.83 
3021,衛展資訊,38423,25940,48.12 ,36733,4.60 ,103622,127016,-18.42 ,10.85 ,14.15 ,-23.32 
3022,威達電,625103,544503,14.80 ,283426,120.55 ,1770653,868065,103.98 ,56.20 ,39.10 ,43.73 
3023,信邦電子,205189,126798,61.82 ,205967,-0.38 ,534632,514822,3.85 ,22.65 ,22.70 ,-0.22 
3024,憶聲,60472,13022,364.38 ,83961,-27.98 ,90319,180588,-49.99 ,9.35 ,12.50 ,-25.20 
3025,星通,71840,59180,21.39 ,75514,-4.87 ,181175,167487,8.17 ,14.00 ,18.80 ,-25.53 
3026,禾伸堂,1253238,850280,47.39 ,1135786,10.34 ,3390700,2986105,13.55 ,35.80 ,50.80 ,-29.53 
3027,盛達電業,95092,69248,37.32 ,123474,-22.99 ,242078,357858,-32.35 ,16.10 ,25.55 ,-36.99 
3028,增你強,2859461,1704768,67.73 ,2406204,18.84 ,7379016,6060281,21.76 ,20.65 ,21.80 ,-5.28 
3029,零壹科技,330522,184492,79.15 ,281776,17.30 ,899971,781176,15.21 ,22.65 ,38.10 ,-40.55 
3030,德律科技,280462,295917,-5.22 ,331765,-15.46 ,863248,747069,15.55 ,47.80 ,45.20 ,5.75 
3031,佰鴻工業,414141,253673,63.26 ,400539,3.40 ,1027244,1025933,0.13 ,34.40 ,43.15 ,-20.28 
3032,偉訓科技,224031,102802,117.92 ,182567,22.71 ,466999,478828,-2.47 ,13.95 ,17.55 ,-20.51 
3033,威健,1769898,1125633,57.24 ,1562040,13.31 ,4505114,3924216,14.80 ,27.25 ,21.30 ,27.93 
3034,聯詠,2933791,2419204,21.27 ,3124423,-6.10 ,8379243,8688427,-3.56 ,85.60 ,99.00 ,-13.54 
3035,智原,470522,350228,34.35 ,525101,-10.39 ,1267977,1471967,-13.86 ,44.35 ,59.00 ,-24.83 
3036,文曄科技,5835633,4234090,37.82 ,5321356,9.66 ,15412678,12576733,22.55 ,44.25 ,28.50 ,55.26 
3037,欣興電子,4361135,3562077,22.43 ,4073763,7.05 ,12043743,11129162,8.22 ,49.60 ,40.75 ,21.72 
3038,全台,393873,362957,8.52 ,305760,28.82 ,1179199,832632,41.62 ,13.65 ,11.60 ,17.67 
3040,遠見,17893,12478,43.40 ,15224,17.53 ,42444,51732,-17.95 ,17.70 ,13.95 ,26.88 
3041,揚智,305435,163889,86.37 ,503382,-39.32 ,746799,1300850,-42.59 ,35.40 ,72.70 ,-51.31 
3042,晶技,727779,605738,20.15 ,621122,17.17 ,2081786,1767719,17.77 ,54.60 ,55.70 ,-1.97 
3043,科風,442890,422171,4.91 ,352108,25.78 ,1411224,833961,69.22 ,68.40 ,27.40 ,149.64 
3044,健鼎科技,451883,286057,57.97 ,382202,18.23 ,1139765,955990,19.22 ,127.00 ,107.50 ,18.14 
3045,台灣大,5288579,4861185,8.79 ,4919846,7.49 ,15252720,14237252,7.13 ,69.60 ,59.80 ,16.39 
3046,建碁,157438,120393,30.77 ,168692,-6.67 ,406639,424384,-4.18 ,11.45 ,15.00 ,-23.67 
3047,訊舟科技,310711,251684,23.45 ,310795,-0.03 ,875964,871571,0.50 ,18.00 ,29.00 ,-37.93 
3048,益登,2182694,1398790,56.04 ,3578109,-39.00 ,6056287,8669128,-30.14 ,13.95 ,18.35 ,-23.98 
3049,和鑫,567869,255874,121.93 ,332915,70.57 ,1240882,1208039,2.72 ,26.80 ,23.95 ,11.90 
3050,鈺德科技,105807,84095,25.82 ,107038,-1.15 ,297727,287871,3.42 ,9.00 ,17.70 ,-49.15 
3051,力特光電,378067,319014,18.51 ,619900,-39.01 ,1138647,1510529,-24.62 ,4.14 ,2.85 ,45.26 
3052,夆典,146270,102274,43.02 ,142104,2.93 ,389564,622615,-37.43 ,11.25 ,17.40 ,-35.34 
3054,萬國,130139,91859,41.67 ,100744,29.18 ,317497,205463,54.53 ,16.00 ,23.90 ,-33.05 
3055,蔚華科技,417156,289534,44.08 ,544634,-23.41 ,904330,1364523,-33.73 ,22.55 ,27.95 ,-19.32 
3056,駿億電子,127975,406130,-68.49 ,6249,1947.93 ,539443,102284,427.40 ,23.60 ,23.90 ,-1.26 
3057,喬鼎資訊,100653,80438,25.13 ,129206,-22.10 ,270215,284015,-4.86 ,26.10 ,26.30 ,-0.76 
3058,立德電子,455542,288450,57.93 ,410066,11.09 ,1140167,1023921,11.35 ,17.15 ,28.50 ,-39.82 
3059,華晶科技,3065891,1198732,155.76 ,2644326,15.94 ,5350389,4938209,8.35 ,39.55 ,55.90 ,-29.25 
3060,銘異,490934,334649,46.70 ,554361,-11.44 ,1300049,1688997,-23.03 ,84.50 ,57.80 ,46.19 
3061,璨圓光電,400304,350433,14.23 ,319063,25.46 ,1105491,735879,50.23 ,39.60 ,47.50 ,-16.63 
3062,建漢科技,1482582,812930,82.38 ,1471935,0.72 ,3270481,3625601,-9.79 ,28.55 ,44.10 ,-35.26 
3080,威力盟,714088,619454,15.28 ,757698,-5.76 ,2156039,1950422,10.54 ,34.90 ,34.80 ,0.29 
3090,日電貿,205921,131992,56.01 ,246222,-16.37 ,518201,607332,-14.68 ,33.45 ,39.55 ,-15.42 
3094,聯傑國際,32714,28080,16.50 ,53177,-38.48 ,91471,138958,-34.17 ,29.90 ,47.40 ,-36.92 
3130,一零四,98400,83217,18.25 ,93047,5.75 ,264518,219259,20.64 ,100.00 ,134.00 ,-25.37 
3164,景岳生技,14972,14523,3.09 ,27246,-45.05 ,51003,90740,-43.79 ,76.60 ,99.00 ,-22.63 
3189,景碩科技,1321151,1104018,19.67 ,1068305,23.67 ,3808889,2947836,29.21 ,87.80 ,83.20 ,5.53 
3209,全科,797016,631414,26.23 ,713353,11.73 ,2351238,1979224,18.80 ,37.00 ,25.25 ,46.53 
3229,晟鈦,88355,62064,42.36 ,92476,-4.46 ,225345,213885,5.36 ,13.20 ,15.25 ,-13.44 
3231,緯創,47748001,31046478,53.80 ,48573464,-1.70 ,118910431,130752628,-9.06 ,46.05 ,57.70 ,-20.19 
3257,虹冠電,45540,38261,19.02 ,41259,10.38 ,128957,119219,8.17 ,48.50 ,0.00 ,NA
3296,勝德國際,200771,128057,56.78 ,337050,-40.43 ,562228,821319,-31.55 ,49.95 ,36.00 ,38.75 
3305,昇貿科技,339920,259340,31.07 ,302854,12.24 ,964876,770098,25.29 ,50.90 ,61.40 ,-17.10 
3308,聯德電子,316624,183194,72.84 ,422982,-25.14 ,808963,959715,-15.71 ,15.95 ,25.75 ,-38.06 
3311,閎暉,612417,562836,8.81 ,402313,52.22 ,1622942,1103179,47.12 ,74.30 ,116.00 ,-35.95 
3312,弘憶國際,1186005,767201,54.59 ,1123111,5.60 ,2921892,2926737,-0.17 ,14.90 ,0.00 ,NA
3315,宣昶,578737,315900,83.20 ,754697,-23.32 ,1425497,2144658,-33.53 ,35.15 ,51.40 ,-31.61 
3356,奇偶科技,145324,89498,62.38 ,104055,39.66 ,333669,259273,28.69 ,114.00 ,130.00 ,-12.31 
3367,英華達,3054736,1568543,94.75 ,3434899,-11.07 ,7208390,9269468,-22.24 ,23.45 ,28.80 ,-18.58 
3376,新日興,214134,176457,21.35 ,326816,-34.48 ,643031,784032,-17.98 ,78.80 ,135.00 ,-41.63 
3380,明泰科技,2011129,1144590,75.71 ,1911158,5.23 ,5285311,4466558,18.33 ,23.95 ,30.05 ,-20.30 
3383,新世紀,391716,302270,29.59 ,160194,144.53 ,1037648,436847,137.53 ,90.60 ,49.00 ,84.90 
3406,玉晶光,553720,235190,135.44 ,118222,368.37 ,1316909,258348,409.74 ,271.00 ,48.00 ,464.58 
3419,譁裕,142180,92352,53.95 ,186387,-23.72 ,344992,417076,-17.28 ,19.20 ,26.50 ,-27.55 
3432,台端,74265,42953,72.90 ,161206,-53.93 ,185558,432422,-57.09 ,35.80 ,0.00 ,NA
3443,創意電子,716387,612145,17.03 ,783165,-8.53 ,2093500,2157105,-2.95 ,93.50 ,144.00 ,-35.07 
3450,聯鈞,224111,186183,20.37 ,202513,10.66 ,615631,513759,19.83 ,78.30 ,63.80 ,22.73 
3474,華亞科,3628567,2735602,32.64 ,4139814,-12.35 ,9586055,11518393,-16.78 ,15.40 ,25.60 ,-39.84 
3481,奇美電子,45253544,36398802,24.33 ,36933972,22.53 ,121640891,66508748,82.89 ,29.55 ,48.45 ,-39.01 
3494,誠研科技,149962,138179,8.53 ,154014,-2.63 ,392918,364993,7.65 ,32.90 ,58.50 ,-43.76 
3501,維熹科技,353708,198951,77.79 ,385190,-8.17 ,924645,1016768,-9.06 ,49.70 ,58.60 ,-15.19 
3504,揚明光學,410126,354511,15.69 ,610157,-32.78 ,1169694,1102572,6.09 ,123.00 ,260.00 ,-52.69 
3514,昱晶能源,2274201,1925891,18.09 ,1950162,16.62 ,6275367,5589751,12.27 ,94.00 ,103.00 ,-8.74 
3515,華擎,1013904,610572,66.06 ,861593,17.68 ,2618538,2438685,7.37 ,97.00 ,136.50 ,-28.94 
3518,柏騰科技,9323,88771,-89.50 ,20495,-54.51 ,109698,52772,107.87 ,53.20 ,87.60 ,-39.27 
3519,綠能,2330280,2113812,10.24 ,1202652,93.76 ,6511723,3300592,97.29 ,135.50 ,80.20 ,68.95 
3532,台勝科,808358,737554,9.60 ,803694,0.58 ,2293718,2242050,2.30 ,74.10 ,95.90 ,-22.73 
3533,嘉澤端子,629965,384482,63.85 ,532100,18.39 ,1571103,1498415,4.85 ,119.50 ,180.00 ,-33.61 
3534,雷凌科技,835538,668192,25.04 ,580936,43.83 ,2130729,1677254,27.04 ,93.70 ,124.50 ,-24.74 
3535,晶彩科,40987,40786,0.49 ,17061,140.24 ,101498,96417,5.27 ,29.30 ,45.20 ,-35.18 
3536,誠創科技,58963,31424,87.64 ,86484,-31.82 ,140763,238310,-40.93 ,6.93 ,10.25 ,-32.39 
3545,旭曜,415408,336472,23.46 ,446611,-6.99 ,1168019,1210521,-3.51 ,53.70 ,60.80 ,-11.68 
3550,聯穎,224561,159831,40.50 ,239439,-6.21 ,582599,540244,7.84 ,28.25 ,0.00 ,NA
3557,嘉威光電,130258,63385,105.50 ,194840,-33.15 ,348237,540060,-35.52 ,19.15 ,39.60 ,-51.64 
3559,全智科,87348,80390,8.66 ,84437,3.45 ,262655,244085,7.61 ,20.95 ,21.55 ,-2.78 
3561,昇陽科,1688513,1638743,3.04 ,559538,201.77 ,4948565,1624657,204.59 ,85.00 ,70.10 ,21.26 
3573,穎台,410377,381649,7.53 ,370063,10.89 ,1220043,1029687,18.49 ,107.00 ,239.00 ,-55.23 
3576,新日光,2371390,2447216,-3.10 ,1131764,109.53 ,7258128,3010066,141.13 ,74.20 ,82.40 ,-9.95 
3579,尚志,63526,62841,1.09 ,61036,4.08 ,177442,144493,22.80 ,136.50 ,93.00 ,46.77 
3584,介面光電,523272,345866,51.29 ,424987,23.13 ,1195491,1142790,4.61 ,91.00 ,0.00 ,NA
3588,通嘉,90026,75850,18.69 ,102663,-12.31 ,250149,290558,-13.91 ,113.00 ,178.50 ,-36.69 
3591,艾笛森,258251,181005,42.68 ,224754,14.90 ,660909,603774,9.46 ,171.50 ,0.00 ,NA
3593,力銘,307274,240549,27.74 ,372083,-17.42 ,927377,1077584,-13.94 ,22.20 ,42.05 ,-47.21 
3596,智易科技,1317881,1152271,14.37 ,1518124,-13.19 ,3853505,3945376,-2.33 ,49.50 ,85.50 ,-42.11 
3598,奕力,741604,472545,56.94 ,451205,64.36 ,1794714,1154525,55.45 ,83.50 ,0.00 ,NA
3605,宏致,258446,130469,98.09 ,246810,4.71 ,611791,669768,-8.66 ,53.20 ,119.50 ,-55.48 
3607,谷崧,498611,411051,21.30 ,492895,1.16 ,1347409,1303607,3.36 ,53.00 ,82.90 ,-36.07 
3617,碩天科技,185683,138756,33.82 ,228618,-18.78 ,521540,529894,-1.58 ,80.00 ,115.50 ,-30.74 
3622,洋華,1418517,901549,57.34 ,1583758,-10.43 ,3578673,3743505,-4.40 ,211.50 ,336.50 ,-37.15 
3653,健策,354372,222671,59.15 ,228689,54.96 ,887307,633754,40.01 ,121.00 ,166.50 ,-27.33 
3686,達能,580592,514921,12.75 ,236281,145.72 ,1564263,610277,156.32 ,59.50 ,0.00 ,NA
3701,大眾投控,3648,3631,0.47 ,151656,-97.59 ,10910,159764,-93.17 ,11.65 ,5.14 ,126.65 
3702,大聯大,705779,273838,157.74 ,528047,33.66 ,1404247,1330748,5.52 ,48.50 ,51.90 ,-6.55 
3703,欣陸投控,87382,180432,-51.57 ,0,NA,431751,0,NA,12.30 ,0.00 ,NA
3704,合勤控,123755,271532,-54.42 ,0,NA,642631,0,NA,26.95 ,0.00 ,NA
3705,永信,57885,10441,454.40 ,0,NA,158029,0,NA,40.00 ,0.00 ,NA
4104,佳醫,273925,214621,27.63 ,264293,3.64 ,800110,718087,11.42 ,88.00 ,75.00 ,17.33 
4106,雃博,179067,89750,99.52 ,140826,27.15 ,368380,359100,2.58 ,34.85 ,31.30 ,11.34 
4108,懷特,13392,5796,131.06 ,1160,1054.48 ,25012,5342,368.21 ,51.60 ,42.90 ,20.28 
4119,旭富製藥,75153,93519,-19.64 ,74861,0.39 ,266496,230013,15.86 ,62.70 ,67.60 ,-7.25 
4133,亞諾法,44947,40761,10.27 ,41403,8.56 ,122783,114921,6.84 ,77.90 ,106.50 ,-26.85 
4306,炎洲,494694,331723,49.13 ,371288,33.24 ,1293743,973550,32.89 ,29.20 ,25.30 ,15.42 
4414,如興,156873,229196,-31.56 ,130444,20.26 ,665786,562438,18.38 ,11.55 ,5.89 ,96.10 
4526,東台,633861,337018,88.08 ,433819,46.11 ,1318256,1068183,23.41 ,45.80 ,28.75 ,59.30 
4532,瑞智精密,446029,320857,39.01 ,471120,-5.33 ,1190774,1050770,13.32 ,18.35 ,14.25 ,28.77 
4725,信昌化,2688176,2181358,23.23 ,2221107,21.03 ,6894819,5588803,23.37 ,98.90 ,57.60 ,71.70 
4733,上緯企業,172527,121030,42.55 ,92035,87.46 ,421414,263895,59.69 ,62.50 ,0.00 ,NA
4737,華廣,111274,88065,26.35 ,83516,33.24 ,288261,224765,28.25 ,98.90 ,0.00 ,NA
4746,台耀,233778,160611,45.56 ,182864,27.84 ,606521,479962,26.37 ,87.70 ,0.00 ,NA
4904,遠傳,5125368,4565946,12.25 ,4937120,3.81 ,14759987,14164566,4.20 ,44.35 ,38.00 ,16.71 
4906,正文,2361580,1636904,44.27 ,1491368,58.35 ,5890621,3861270,52.56 ,33.20 ,51.40 ,-35.41 
4919,新唐科技,578394,506750,14.14 ,683369,-15.36 ,1630938,1871805,-12.87 ,47.00 ,0.00 ,NA
4930,燦星網通,54252,35190,54.17 ,74599,-27.28 ,224618,213338,5.29 ,31.75 ,0.00 ,NA
4938,和碩,26328743,14967978,75.90 ,33765411,-22.02 ,63533298,84240813,-24.58 ,33.35 ,0.00 ,NA
5203,訊連,384701,119649,221.52 ,457845,-15.98 ,628456,749864,-16.19 ,89.50 ,147.50 ,-39.32 
5305,敦南科技,586073,445176,31.65 ,859164,-31.79 ,1645714,2315892,-28.94 ,18.20 ,21.95 ,-17.08 
5388,中磊電子,848585,643703,31.83 ,729151,16.38 ,2452124,1685083,45.52 ,29.90 ,24.50 ,22.04 
5434,崇越科技,1248283,1115464,11.91 ,871627,43.21 ,3528830,2505747,40.83 ,40.00 ,42.60 ,-6.10 
5469,瀚宇博德,189795,127831,48.47 ,182207,4.16 ,493703,497975,-0.86 ,17.55 ,29.70 ,-40.91 
5471,松翰科技,317912,205062,55.03 ,372853,-14.74 ,778593,1016472,-23.40 ,56.20 ,80.30 ,-30.01 
5484,慧友電子,132028,71172,85.51 ,153291,-13.87 ,325053,477318,-31.90 ,16.55 ,26.95 ,-38.59 
5515,建國工程,290648,201843,44.00 ,341464,-14.88 ,794202,965752,-17.76 ,16.20 ,18.25 ,-11.23 
5522,遠雄建設,869181,1926148,-54.87 ,3147277,-72.38 ,4613086,6954746,-33.67 ,61.60 ,67.60 ,-8.88 
5525,順天建設,46696,81843,-42.94 ,180523,-74.13 ,260945,265947,-1.88 ,18.65 ,17.05 ,9.38 
5531,鄉林建設,1152727,3137,36646.16 ,651188,77.02 ,1273412,1020732,24.75 ,30.35 ,35.00 ,-13.29 
5533,皇鼎建設,643330,141849,353.53 ,341299,88.49 ,1081091,914624,18.20 ,21.50 ,25.10 ,-14.34 
5534,長虹,896150,532204,68.38 ,220170,307.03 ,2194420,1567883,39.96 ,65.90 ,56.90 ,15.82 
5607,遠雄港,6950,-7240,NA,3,231566.67 ,6955,9,77177.78 ,30.00 ,32.70 ,-8.26 
5608,四維航業,53038,50507,5.01 ,41969,26.37 ,153970,127943,20.34 ,38.75 ,41.00 ,-5.49 
5854,合庫,2837231,2336162,21.45 ,2597949,9.21 ,7793484,7752740,0.53 ,23.10 ,19.20 ,20.31 
6005,群益證券,464276,306268,51.59 ,757317,-38.69 ,1344055,1259997,6.67 ,13.10 ,16.35 ,-19.88 
6012,金鼎證券,151322,138808,9.02 ,230641,-34.39 ,495720,608488,-18.53 ,11.70 ,9.40 ,24.47 
6108,競國實業,209479,182020,15.09 ,221881,-5.59 ,604446,607335,-0.48 ,28.55 ,42.25 ,-32.43 
6112,聚碩,459002,365016,25.75 ,313833,46.26 ,1235826,900727,37.20 ,24.30 ,26.45 ,-8.13 
6115,鎰勝,548662,391610,40.10 ,587950,-6.68 ,1395544,1470600,-5.10 ,43.90 ,60.50 ,-27.44 
6116,彩晶,3531451,3155618,11.91 ,5297905,-33.34 ,10532395,14694999,-28.33 ,5.12 ,7.00 ,-26.86 
6117,迎廣科技,285196,185357,53.86 ,291590,-2.19 ,720105,719294,0.11 ,16.80 ,24.15 ,-30.43 
6119,大傳,536466,400230,34.04 ,606614,-11.56 ,1508344,1691420,-10.82 ,12.20 ,12.90 ,-5.43 
6120,輔祥,1484681,1346160,10.29 ,1613905,-8.01 ,4434327,4470282,-0.80 ,26.95 ,35.95 ,-25.03 
6128,上福全球,147421,106401,38.55 ,152102,-3.08 ,377491,385741,-2.14 ,36.70 ,46.20 ,-20.56 
6131,悠克電子,135489,94175,43.87 ,105960,27.87 ,304407,318722,-4.49 ,23.50 ,22.25 ,5.62 
6133,金橋科技,85258,55613,53.31 ,86676,-1.64 ,217555,217818,-0.12 ,11.15 ,13.80 ,-19.20 
6136,富爾特,86551,81063,6.77 ,71251,21.47 ,274693,246199,11.57 ,40.50 ,38.15 ,6.16 
6139,亞翔工程,353413,294673,19.93 ,250235,41.23 ,897109,588532,52.43 ,35.00 ,35.75 ,-2.10 
6141,柏承科技,95581,67128,42.39 ,82051,16.49 ,243087,251529,-3.36 ,22.10 ,24.35 ,-9.24 
6142,友勁科技,1125276,656025,71.53 ,1396701,-19.43 ,2805293,3264066,-14.06 ,12.80 ,17.75 ,-27.89 
6145,勁永國際,739946,516171,43.35 ,2659272,-72.17 ,1983278,7364971,-73.07 ,16.75 ,30.00 ,-44.17 
6152,百一電子,783752,422009,85.72 ,526026,48.99 ,1962445,1292746,51.80 ,24.95 ,35.60 ,-29.92 
6153,嘉聯益,652332,439867,48.30 ,471124,38.46 ,1653735,1313124,25.94 ,51.40 ,27.30 ,88.28 
6155,鈞寶,70303,35528,97.88 ,60456,16.29 ,151198,152333,-0.75 ,28.40 ,37.50 ,-24.27 
6164,華興電子,114814,60752,88.99 ,122505,-6.28 ,275806,291479,-5.38 ,30.85 ,30.00 ,2.83 
6165,捷泰精密,35921,28146,27.62 ,65052,-44.78 ,112752,160720,-29.85 ,7.33 ,11.10 ,-33.96 
6166,凌華科技,336789,246227,36.78 ,284723,18.29 ,898624,692221,29.82 ,54.30 ,33.50 ,62.09 
6168,宏齊科技,408274,273531,49.26 ,305231,33.76 ,1080803,814721,32.66 ,36.55 ,38.30 ,-4.57 
6172,互億科技,199044,116005,71.58 ,51218,288.62 ,477001,212011,124.99 ,11.40 ,6.62 ,72.21 
6176,瑞儀光電,379591,386569,-1.81 ,221073,71.70 ,1074836,763450,40.79 ,69.50 ,43.85 ,58.49 
6184,大豐電,54108,53651,0.85 ,54457,-0.64 ,161171,162127,-0.59 ,57.70 ,50.00 ,15.40 
6189,豐藝電子,1763167,1071307,64.58 ,1638849,7.59 ,4341327,4441888,-2.26 ,22.05 ,24.80 ,-11.09 
6191,精成科技,2561311,2201727,16.33 ,2311363,10.81 ,7249549,6455567,12.30 ,18.10 ,25.30 ,-28.46 
6192,巨路國際,415171,293639,41.39 ,386626,7.38 ,1098860,951644,15.47 ,58.50 ,57.40 ,1.92 
6196,帆宣科技,849256,1173853,-27.65 ,444244,91.17 ,2533699,1026562,146.81 ,23.10 ,16.75 ,37.91 
6197,佳必琪,240916,152307,58.18 ,437912,-44.99 ,605883,1047484,-42.16 ,61.30 ,138.00 ,-55.58 
6201,亞弘電,343462,195169,75.98 ,351005,-2.15 ,863342,941902,-8.34 ,27.50 ,32.40 ,-15.12 
6202,盛群,310456,223017,39.21 ,351802,-11.75 ,805832,870865,-7.47 ,41.90 ,45.35 ,-7.61 
6205,詮欣,142266,91812,54.95 ,151096,-5.84 ,378669,372251,1.72 ,21.60 ,37.90 ,-43.01 
6206,飛捷,233777,203835,14.69 ,206637,13.13 ,657803,570650,15.27 ,78.20 ,84.30 ,-7.24 
6209,今國光學,228096,204635,11.46 ,218300,4.49 ,722082,533405,35.37 ,46.05 ,25.80 ,78.49 
6213,聯茂,470150,415102,13.26 ,418494,12.34 ,1346817,1091093,23.44 ,46.70 ,40.70 ,14.74 
6214,精誠資訊,1025895,559685,83.30 ,774584,32.44 ,2354393,2073044,13.57 ,40.55 ,0.00 ,NA
6215,和椿科技,147132,104182,41.23 ,111615,31.82 ,355166,325434,9.14 ,22.15 ,35.70 ,-37.96 
6216,居易,85250,30411,180.33 ,75713,12.60 ,180385,194194,-7.11 ,19.00 ,25.60 ,-25.78 
6224,聚鼎,129142,95476,35.26 ,104097,24.06 ,326275,263813,23.68 ,64.50 ,63.50 ,1.57 
6225,天瀚,47547,44044,7.95 ,78952,-39.78 ,167270,229837,-27.22 ,14.25 ,34.10 ,-58.21 
6226,光鼎電子,68971,46690,47.72 ,75385,-8.51 ,171878,189560,-9.33 ,15.55 ,16.25 ,-4.31 
6230,超眾,249743,160628,55.48 ,267474,-6.63 ,638435,644317,-0.91 ,38.90 ,0.00 ,NA
6235,華孚科技,13421,19599,-31.52 ,23585,-43.10 ,44501,58906,-24.45 ,6.31 ,8.96 ,-29.58 
6239,力成,3153979,3078674,2.45 ,2911044,8.35 ,9391662,8526743,10.14 ,95.20 ,113.50 ,-16.12 
6243,迅杰,128472,62467,105.66 ,150306,-14.53 ,284254,395387,-28.11 ,38.00 ,60.20 ,-36.88 
6251,定穎電子,923862,646964,42.80 ,1009365,-8.47 ,2379500,2775874,-14.28 ,16.00 ,35.10 ,-54.42 
6257,矽格,379409,319272,18.84 ,402054,-5.63 ,1066860,1054430,1.18 ,27.05 ,21.75 ,24.37 
6269,台郡科技,534624,402453,32.84 ,332750,60.67 ,1376265,782011,75.99 ,55.00 ,49.50 ,11.11 
6271,同欣電子,516638,440952,17.16 ,435280,18.69 ,1509933,1117674,35.10 ,148.00 ,125.00 ,18.40 
6277,宏正科,292069,167084,74.80 ,260161,12.26 ,643829,655733,-1.82 ,49.70 ,59.80 ,-16.89 
6278,台表科,438993,379381,15.71 ,441729,-0.62 ,1097627,1193006,-7.99 ,69.80 ,0.00 ,NA
6281,全國電,742305,939419,-20.98 ,826432,-10.18 ,3063898,3058479,0.18 ,49.70 ,51.20 ,-2.93 
6282,康舒,1640266,1189284,37.92 ,1462639,12.14 ,4298952,4109303,4.62 ,21.25 ,26.75 ,-20.56 
6283,淳安電子,36341,13059,178.28 ,68281,-46.78 ,84443,164363,-48.62 ,11.20 ,14.90 ,-24.83 
6285,啟碁科技,2500006,2158762,15.81 ,1649290,51.58 ,7338117,4046387,81.35 ,95.00 ,57.50 ,65.22 
6286,立錡,876847,824010,6.41 ,982630,-10.77 ,2641937,2719462,-2.85 ,205.00 ,340.00 ,-39.71 
6289,華上光電,73958,76632,-3.49 ,116251,-36.38 ,238628,302786,-21.19 ,12.05 ,10.60 ,13.68 
6505,台塑石化,78966068,75216451,4.99 ,63918630,23.54 ,226650638,198272405,14.31 ,96.30 ,83.70 ,15.05 
6605,帝寶工業,965650,701648,37.63 ,851979,13.34 ,2479505,2244244,10.48 ,72.00 ,77.70 ,-7.34 
8008,建興電,3683297,3086942,19.32 ,3928821,-6.25 ,10362866,10947956,-5.34 ,29.15 ,34.35 ,-15.14 
8016,矽創電子,437851,256370,70.79 ,460190,-4.85 ,1018420,1311564,-22.35 ,45.70 ,58.50 ,-21.88 
8021,尖點,91946,83516,10.09 ,77291,18.96 ,281094,227178,23.73 ,28.65 ,32.80 ,-12.65 
8033,雷虎科技,56126,34257,63.84 ,90507,-37.99 ,146852,190561,-22.94 ,11.30 ,15.00 ,-24.67 
8039,台虹科技,391456,383418,2.10 ,385428,1.56 ,1168358,1159758,0.74 ,65.10 ,61.80 ,5.34 
8046,南電,2958411,2600066,13.78 ,2998249,-1.33 ,8413635,8032835,4.74 ,88.80 ,126.00 ,-29.52 
8070,長華電材,1056577,807290,30.88 ,1178254,-10.33 ,2833425,3218485,-11.96 ,136.00 ,180.00 ,-24.44 
8072,陞泰,271938,231839,17.30 ,240532,13.06 ,772299,689606,11.99 ,92.70 ,118.00 ,-21.44 
8078,華寶通訊,1136765,826908,37.47 ,987548,15.11 ,2801772,4041965,-30.68 ,26.80 ,32.35 ,-17.16 
8081,致新,484965,307670,57.63 ,451239,7.47 ,1262247,1224309,3.10 ,109.00 ,173.50 ,-37.18 
8101,華冠通訊,1874469,1272418,47.32 ,1057039,77.33 ,4818057,2630280,83.18 ,13.90 ,13.70 ,1.46 
8103,瀚荃,129717,70818,83.17 ,117548,10.35 ,322001,289652,11.17 ,42.90 ,44.30 ,-3.16 
8105,凌巨,1341602,799763,67.75 ,1189239,12.81 ,3283693,2961716,10.87 ,19.25 ,18.60 ,3.49 
8110,華東,692758,607104,14.11 ,591507,17.12 ,1960753,1603463,22.28 ,14.55 ,16.60 ,-12.35 
8112,至上電子,3407115,1691398,101.44 ,3647135,-6.58 ,8042617,9865637,-18.48 ,26.95 ,27.60 ,-2.36 
8131,福懋科技,1046405,964584,8.48 ,1003073,4.32 ,3024871,2848099,6.21 ,36.50 ,55.80 ,-34.59 
8163,達方電子,1033089,816240,26.57 ,1043240,-0.97 ,2857955,2998204,-4.68 ,41.00 ,48.25 ,-15.03 
8201,無敵,147255,125261,17.56 ,189963,-22.48 ,461397,660458,-30.14 ,26.70 ,34.80 ,-23.28 
8213,志超,1260736,988091,27.59 ,1205666,4.57 ,3502336,3391135,3.28 ,36.80 ,73.10 ,-49.66 
8215,明基材料,1710079,1535887,11.34 ,1669587,2.43 ,4960448,4687209,5.83 ,26.80 ,0.00 ,NA
8249,菱光科技,447585,271115,65.09 ,449666,-0.46 ,1101705,1241468,-11.26 ,23.90 ,28.80 ,-17.01 
8261,富鼎,299763,206666,45.05 ,339536,-11.71 ,784172,860516,-8.87 ,23.50 ,42.20 ,-44.31 
8271,宇瞻科技,817205,610165,33.93 ,1414086,-42.21 ,2274997,3816672,-40.39 ,24.75 ,0.00 ,NA
8374,羅昇,151910,103842,46.29 ,104883,44.84 ,388698,248564,56.38 ,48.75 ,34.50 ,41.30 
8926,台汽電,86914,45570,90.73 ,85385,1.79 ,216473,220156,-1.67 ,20.35 ,17.20 ,18.31 
8940,新天地,58383,83777,-30.31 ,72474,-19.44 ,351946,292566,20.30 ,25.00 ,22.00 ,13.64 
9902,台火,11014,18686,-41.06 ,233,4627.04 ,48131,493539,-90.25 ,12.30 ,11.90 ,3.36 
9904,寶成工業,1427857,843680,69.24 ,1283986,11.21 ,3369495,3036222,10.98 ,26.65 ,25.95 ,2.70 
9905,大華金,280553,199404,40.70 ,237230,18.26 ,705601,581663,21.31 ,33.25 ,25.00 ,33.00 
9906,興達,11337,1247,809.14 ,471,2307.01 ,13831,12737,8.59 ,1.33 ,1.57 ,-15.29 
9907,統一實業,1968393,1535021,28.23 ,1941871,1.37 ,5499860,5364200,2.53 ,16.10 ,12.45 ,29.32 
9908,大台北,434044,385673,12.54 ,436238,-0.50 ,1292463,1275143,1.36 ,18.10 ,18.40 ,-1.63 
9910,豐泰企業,1199632,947290,26.64 ,1126551,6.49 ,3341426,2827939,18.16 ,30.60 ,30.20 ,1.32 
9911,台灣櫻花,274913,244954,12.23 ,238973,15.04 ,968301,956625,1.22 ,23.70 ,22.70 ,4.41 
9912,偉聯,45546,42805,6.40 ,49618,-8.21 ,131316,118579,10.74 ,10.35 ,9.55 ,8.38 
9914,美利達,1309195,910738,43.75 ,1177424,11.19 ,3476537,3062828,13.51 ,54.20 ,48.40 ,11.98 
9917,中保,513233,492686,4.17 ,487140,5.36 ,1511244,1442578,4.76 ,53.00 ,50.80 ,4.33 
9918,欣天然,335109,232083,44.39 ,311706,7.51 ,803278,754897,6.41 ,26.95 ,28.85 ,-6.59 
9919,康那香,327713,246968,32.69 ,318653,2.84 ,850064,828812,2.56 ,19.65 ,22.50 ,-12.67 
9921,巨大機械,1856406,1132126,63.98 ,1699380,9.24 ,4620880,4413562,4.70 ,117.50 ,92.10 ,27.58 
9924,台灣福興,310720,197456,57.36 ,274792,13.07 ,822316,747578,10.00 ,23.10 ,20.60 ,12.14 
9925,新光保全,301657,304005,-0.77 ,276970,8.91 ,913925,837327,9.15 ,23.70 ,23.70 ,0.00 
9926,新海瓦斯,231822,190914,21.43 ,228023,1.67 ,669876,682667,-1.87 ,31.50 ,26.65 ,18.20 
9927,泰銘,938985,654178,43.54 ,707185,32.78 ,2456745,2000501,22.81 ,41.40 ,45.35 ,-8.71 
9928,中視,100031,80893,23.66 ,97047,3.07 ,303684,375591,-19.15 ,23.60 ,17.70 ,33.33 
9929,秋雨,70209,57402,22.31 ,69311,1.30 ,207664,200514,3.57 ,4.98 ,4.81 ,3.53 
9930,中聯資源,484566,309166,56.73 ,391579,23.75 ,1274635,1071966,18.91 ,39.90 ,40.90 ,-2.44 
9931,欣高,111371,105675,5.39 ,105576,5.49 ,344478,332060,3.74 ,22.05 ,21.60 ,2.08 
9933,中鼎工程,2198091,1820921,20.71 ,1813573,21.20 ,6221097,5095404,22.09 ,33.40 ,33.15 ,0.75 
9934,成霖企業,288915,127618,126.39 ,272482,6.03 ,689034,749072,-8.01 ,34.30 ,34.10 ,0.59 
9935,慶豐富,295418,254712,15.98 ,404153,-26.90 ,813643,1100847,-26.09 ,7.05 ,11.35 ,-37.89 
9937,全國,2608959,2334003,11.78 ,2189532,19.16 ,7575634,6281260,20.61 ,37.00 ,34.70 ,6.63 
9938,台灣百和,215923,126630,70.51 ,207534,4.04 ,477356,432762,10.30 ,33.90 ,26.30 ,28.90 
9939,宏全,524424,321435,63.15 ,527731,-0.63 ,1330136,1248374,6.55 ,75.00 ,59.50 ,26.05 
9940,信義房屋,662961,636867,4.10 ,777026,-14.68 ,2149964,1785326,20.42 ,52.40 ,61.50 ,-14.80 
9941,裕融企業,140558,141311,-0.53 ,128562,9.33 ,420074,382706,9.76 ,55.00 ,36.00 ,52.78 
9942,茂順,166877,106481,56.72 ,132602,25.85 ,415391,337226,23.18 ,50.00 ,38.50 ,29.87 
9943,好樂迪,223342,314528,-28.99 ,229339,-2.61 ,827152,838677,-1.37 ,30.25 ,26.00 ,16.35 
9944,新麗企業,64463,34851,84.97 ,44838,43.77 ,139204,101830,36.70 ,24.80 ,25.50 ,-2.75 
9945,潤泰創新,469774,466767,0.64 ,552536,-14.98 ,1682630,1998220,-15.79 ,47.80 ,45.00 ,6.22 
9955,佳龍,603363,440855,36.86 ,634457,-4.90 ,1691848,1681712,0.60 ,44.70 ,58.80 ,-23.98 
9958,世紀鋼構,285276,116253,145.39 ,173667,64.27 ,467786,499634,-6.37 ,12.30 ,12.25 ,0.41 
